<?xml version='1.0' encoding='UTF-8'?>
<gpx xmlns="http://www.topografix.com/GPX/1/1" xmlns:xsi="http://www.w3.org/2001/XMLSchema-instance" creator="RouteMaker reference fixture" version="1.1" xsi:schemaLocation="http://www.topografix.com/GPX/1/1 http://www.topografix.com/GPX/1/1/gpx.xsd">
 <metadata>
  <name>Purple Line</name>
  <copyright author="OpenStreetMap contributors">
   <year>2020</year>
   <license>https://www.openstreetmap.org/copyright</license>
  </copyright>
  </metadata>
 <trk>
  <name>Purple Line</name>
  <type>cycling</type>
  <trkseg>
   <trkpt lat="38.89627" lon="-77.00721">
    <ele>16.470000000000002</ele>
   </trkpt>
   <trkpt lat="38.89622000000001" lon="-77.00715000000001">
    <ele>16.46</ele>
   </trkpt>
   <trkpt lat="38.89627" lon="-77.00721">
    <ele>16.470000000000002</ele>
   </trkpt>
   <trkpt lat="38.89629" lon="-77.00725000000001">
    <ele>16.55</ele>
   </trkpt>
   <trkpt lat="38.896280000000004" lon="-77.00743">
    <ele>16.62</ele>
   </trkpt>
   <trkpt lat="38.89625" lon="-77.00752">
    <ele>16.69</ele>
   </trkpt>
   <trkpt lat="38.89614" lon="-77.0074">
    <ele>16.450000000000003</ele>
   </trkpt>
   <trkpt lat="38.89598" lon="-77.00713">
    <ele>16.360000000000003</ele>
   </trkpt>
   <trkpt lat="38.89585" lon="-77.00680000000001">
    <ele>16.43</ele>
   </trkpt>
   <trkpt lat="38.895830000000004" lon="-77.00667">
    <ele>16.450000000000003</ele>
   </trkpt>
   <trkpt lat="38.89582" lon="-77.0064">
    <ele>16.450000000000003</ele>
   </trkpt>
   <trkpt lat="38.89587" lon="-77.00589000000001">
    <ele>16.98</ele>
   </trkpt>
   <trkpt lat="38.89589" lon="-77.00561">
    <ele>16.990000000000002</ele>
   </trkpt>
   <trkpt lat="38.895860000000006" lon="-77.00529">
    <ele>16.880000000000003</ele>
   </trkpt>
   <trkpt lat="38.89574" lon="-77.00483000000001">
    <ele>16.98</ele>
   </trkpt>
   <trkpt lat="38.89544" lon="-77.00410000000001">
    <ele>17.890000000000004</ele>
   </trkpt>
   <trkpt lat="38.8952" lon="-77.00351">
    <ele>19.37</ele>
   </trkpt>
   <trkpt lat="38.89451666668204" lon="-77.00351">
    <ele>21.820000000000004</ele>
   </trkpt>
   <trkpt lat="38.89383333336407" lon="-77.00351">
    <ele>24.5</ele>
   </trkpt>
   <trkpt lat="38.893150000000006" lon="-77.00351">
    <ele>25.85</ele>
   </trkpt>
   <trkpt lat="38.89318" lon="-77.00351">
    <ele>25.810000000000002</ele>
   </trkpt>
   <trkpt lat="38.89254000003748" lon="-77.00352000008954">
    <ele>26.830000000000002</ele>
   </trkpt>
   <trkpt lat="38.8919" lon="-77.00353000000001">
    <ele>27.630000000000003</ele>
   </trkpt>
   <trkpt lat="38.89102999999778" lon="-77.00352799990202">
    <ele>28.16</ele>
   </trkpt>
   <trkpt lat="38.89015999999551" lon="-77.00352599985303">
    <ele>28.560000000000002</ele>
   </trkpt>
   <trkpt lat="38.88928999999321" lon="-77.00352399985302">
    <ele>28.48</ele>
   </trkpt>
   <trkpt lat="38.88841999999087" lon="-77.003521999902">
    <ele>27.39</ele>
   </trkpt>
   <trkpt lat="38.887550000000005" lon="-77.00352000000001">
    <ele>26.390000000000004</ele>
   </trkpt>
   <trkpt lat="38.88752" lon="-77.00342">
    <ele>26.390000000000004</ele>
   </trkpt>
   <trkpt lat="38.887220000000006" lon="-77.0027">
    <ele>25.740000000000002</ele>
   </trkpt>
   <trkpt lat="38.88680431233102" lon="-77.00167996417993">
    <ele>24.53</ele>
   </trkpt>
   <trkpt lat="38.886388615788256" lon="-77.00065994029714">
    <ele>23.42</ele>
   </trkpt>
   <trkpt lat="38.885972910371926" lon="-76.99963992835161">
    <ele>23.83</ele>
   </trkpt>
   <trkpt lat="38.88555719608228" lon="-76.99861992834323">
    <ele>24.91</ele>
   </trkpt>
   <trkpt lat="38.885141472919564" lon="-76.99759994027198">
    <ele>24.610000000000003</ele>
   </trkpt>
   <trkpt lat="38.88472574088398" lon="-76.99657996413778">
    <ele>24.07</ele>
   </trkpt>
   <trkpt lat="38.884310000000006" lon="-76.99556000000001">
    <ele>23.160000000000004</ele>
   </trkpt>
   <trkpt lat="38.88390001290117" lon="-76.99455498255263">
    <ele>22.770000000000003</ele>
   </trkpt>
   <trkpt lat="38.883490017188116" lon="-76.99354997670429">
    <ele>23.19</ele>
   </trkpt>
   <trkpt lat="38.88308001286106" lon="-76.99254498245492">
    <ele>23.040000000000003</ele>
   </trkpt>
   <trkpt lat="38.882670000000005" lon="-76.99154">
    <ele>22.740000000000002</ele>
   </trkpt>
   <trkpt lat="38.88214499983951" lon="-76.99154">
    <ele>22.44</ele>
   </trkpt>
   <trkpt lat="38.881620000000005" lon="-76.99154">
    <ele>21.900000000000002</ele>
   </trkpt>
   <trkpt lat="38.88093749998089" lon="-76.99154">
    <ele>20.990000000000002</ele>
   </trkpt>
   <trkpt lat="38.88025499996176" lon="-76.99154">
    <ele>20.16</ele>
   </trkpt>
   <trkpt lat="38.879572499942654" lon="-76.99154">
    <ele>19.540000000000003</ele>
   </trkpt>
   <trkpt lat="38.878890000000006" lon="-76.99154">
    <ele>18.520000000000003</ele>
   </trkpt>
   <trkpt lat="38.87821" lon="-76.99152000000001">
    <ele>17.87</ele>
   </trkpt>
   <trkpt lat="38.87765" lon="-76.99153000000001">
    <ele>17.69</ele>
   </trkpt>
   <trkpt lat="38.87709499994032" lon="-76.99151999992083">
    <ele>16.05</ele>
   </trkpt>
   <trkpt lat="38.876540000000006" lon="-76.99151">
    <ele>14.910000000000002</ele>
   </trkpt>
   <trkpt lat="38.876450000000006" lon="-76.99158000000001">
    <ele>15.040000000000001</ele>
   </trkpt>
   <trkpt lat="38.876360000000005" lon="-76.99159">
    <ele>14.96</ele>
   </trkpt>
   <trkpt lat="38.8756166667362" lon="-76.9915833331945">
    <ele>13.61</ele>
   </trkpt>
   <trkpt lat="38.87487333347203" lon="-76.99157666652846">
    <ele>11.13</ele>
   </trkpt>
   <trkpt lat="38.87413" lon="-76.99157000000001">
    <ele>8.16</ele>
   </trkpt>
   <trkpt lat="38.874050000000004" lon="-76.99163">
    <ele>8.16</ele>
   </trkpt>
   <trkpt lat="38.87337" lon="-76.99161000000001">
    <ele>5.970000000000001</ele>
   </trkpt>
   <trkpt lat="38.8733" lon="-76.99163">
    <ele>5.970000000000001</ele>
   </trkpt>
   <trkpt lat="38.87322" lon="-76.99159">
    <ele>5.970000000000001</ele>
   </trkpt>
   <trkpt lat="38.87323000000001" lon="-76.99143000000001">
    <ele>5.970000000000001</ele>
   </trkpt>
   <trkpt lat="38.872890000000005" lon="-76.99127">
    <ele>6.23</ele>
   </trkpt>
   <trkpt lat="38.872580000000006" lon="-76.99111">
    <ele>7.180000000000001</ele>
   </trkpt>
   <trkpt lat="38.872220000000006" lon="-76.99087">
    <ele>9.56</ele>
   </trkpt>
   <trkpt lat="38.87176" lon="-76.99050000000001">
    <ele>12.23</ele>
   </trkpt>
   <trkpt lat="38.87113500093084" lon="-76.99001499567952">
    <ele>11.53</ele>
   </trkpt>
   <trkpt lat="38.87051" lon="-76.98953">
    <ele>9.770000000000001</ele>
   </trkpt>
   <trkpt lat="38.87053" lon="-76.98955000000001">
    <ele>9.83</ele>
   </trkpt>
   <trkpt lat="38.869980000000005" lon="-76.98914">
    <ele>9.47</ele>
   </trkpt>
   <trkpt lat="38.869890000000005" lon="-76.9893">
    <ele>9.030000000000001</ele>
   </trkpt>
   <trkpt lat="38.8697" lon="-76.98935">
    <ele>7.620000000000001</ele>
   </trkpt>
   <trkpt lat="38.869670000000006" lon="-76.98938000000001">
    <ele>7.620000000000001</ele>
   </trkpt>
   <trkpt lat="38.869640000000004" lon="-76.98962">
    <ele>6.04</ele>
   </trkpt>
   <trkpt lat="38.869620000000005" lon="-76.98966">
    <ele>6.04</ele>
   </trkpt>
   <trkpt lat="38.86954" lon="-76.98970000000001">
    <ele>6.04</ele>
   </trkpt>
   <trkpt lat="38.86923" lon="-76.98962">
    <ele>3.3200000000000003</ele>
   </trkpt>
   <trkpt lat="38.86916" lon="-76.98962">
    <ele>3.3200000000000003</ele>
   </trkpt>
   <trkpt lat="38.8691" lon="-76.98966">
    <ele>3.3200000000000003</ele>
   </trkpt>
   <trkpt lat="38.86901" lon="-76.98988">
    <ele>2.9400000000000004</ele>
   </trkpt>
   <trkpt lat="38.86892" lon="-76.98997">
    <ele>2.47</ele>
   </trkpt>
   <trkpt lat="38.86885" lon="-76.99004000000001">
    <ele>2.23</ele>
   </trkpt>
   <trkpt lat="38.86883" lon="-76.99009000000001">
    <ele>2.24</ele>
   </trkpt>
   <trkpt lat="38.86937" lon="-76.99081000000001">
    <ele>1.85</ele>
   </trkpt>
   <trkpt lat="38.86966" lon="-76.99052">
    <ele>1.51</ele>
   </trkpt>
   <trkpt lat="38.870140000000006" lon="-76.98998">
    <ele>1.27</ele>
   </trkpt>
   <trkpt lat="38.87047000102008" lon="-76.98949000228028">
    <ele>1.1500000000000001</ele>
   </trkpt>
   <trkpt lat="38.8708" lon="-76.989">
    <ele>1.59</ele>
   </trkpt>
   <trkpt lat="38.871050000000004" lon="-76.98855">
    <ele>1.6500000000000001</ele>
   </trkpt>
   <trkpt lat="38.871190000000006" lon="-76.98827">
    <ele>1.6500000000000001</ele>
   </trkpt>
   <trkpt lat="38.871500000000005" lon="-76.98753">
    <ele>1.28</ele>
   </trkpt>
   <trkpt lat="38.871976673756876" lon="-76.98661667896164">
    <ele>1.61</ele>
   </trkpt>
   <trkpt lat="38.87245334040018" lon="-76.98570334567327">
    <ele>2.16</ele>
   </trkpt>
   <trkpt lat="38.872930000000004" lon="-76.98479">
    <ele>2.02</ele>
   </trkpt>
   <trkpt lat="38.87322" lon="-76.98418000000001">
    <ele>1.6900000000000002</ele>
   </trkpt>
   <trkpt lat="38.873500001862155" lon="-76.98353000241993">
    <ele>1.5700000000000003</ele>
   </trkpt>
   <trkpt lat="38.873780000000004" lon="-76.98288000000001">
    <ele>1.56</ele>
   </trkpt>
   <trkpt lat="38.874086012741984" lon="-76.98201601485157">
    <ele>1.7400000000000002</ele>
   </trkpt>
   <trkpt lat="38.874392019118105" lon="-76.98115202226322">
    <ele>2.2900000000000005</ele>
   </trkpt>
   <trkpt lat="38.87469801912823" lon="-76.98028802223499">
    <ele>1.97</ele>
   </trkpt>
   <trkpt lat="38.87500401277222" lon="-76.97942401476685">
    <ele>1.62</ele>
   </trkpt>
   <trkpt lat="38.875310000000006" lon="-76.97856">
    <ele>1.77</ele>
   </trkpt>
   <trkpt lat="38.87558500349879" lon="-76.97765000362783">
    <ele>1.51</ele>
   </trkpt>
   <trkpt lat="38.87586" lon="-76.97674">
    <ele>2.06</ele>
   </trkpt>
   <trkpt lat="38.87613500328681" lon="-76.97586000345397">
    <ele>2.33</ele>
   </trkpt>
   <trkpt lat="38.87641" lon="-76.97498">
    <ele>2.56</ele>
   </trkpt>
   <trkpt lat="38.87642" lon="-76.97496000000001">
    <ele>2.5700000000000003</ele>
   </trkpt>
   <trkpt lat="38.8767150035636" lon="-76.97404500381793">
    <ele>3.0300000000000002</ele>
   </trkpt>
   <trkpt lat="38.877010000000006" lon="-76.97313000000001">
    <ele>2.95</ele>
   </trkpt>
   <trkpt lat="38.87731" lon="-76.97252">
    <ele>2.6</ele>
   </trkpt>
   <trkpt lat="38.87773" lon="-76.97198">
    <ele>2.91</ele>
   </trkpt>
   <trkpt lat="38.878040000000006" lon="-76.97174000000001">
    <ele>2.97</ele>
   </trkpt>
   <trkpt lat="38.87852000047353" lon="-76.97137500253737">
    <ele>2.83</ele>
   </trkpt>
   <trkpt lat="38.879000000000005" lon="-76.97101">
    <ele>2.47</ele>
   </trkpt>
   <trkpt lat="38.87933" lon="-76.97072">
    <ele>2.45</ele>
   </trkpt>
   <trkpt lat="38.87941" lon="-76.97063">
    <ele>2.5900000000000003</ele>
   </trkpt>
   <trkpt lat="38.87946" lon="-76.97051">
    <ele>2.5900000000000003</ele>
   </trkpt>
   <trkpt lat="38.87955" lon="-76.97019">
    <ele>2.66</ele>
   </trkpt>
   <trkpt lat="38.87957" lon="-76.96976000000001">
    <ele>3.0100000000000002</ele>
   </trkpt>
   <trkpt lat="38.87993" lon="-76.96956">
    <ele>3.18</ele>
   </trkpt>
   <trkpt lat="38.880030000000005" lon="-76.96939">
    <ele>3.4800000000000004</ele>
   </trkpt>
   <trkpt lat="38.88026" lon="-76.96881">
    <ele>5.5</ele>
   </trkpt>
   <trkpt lat="38.88027" lon="-76.96879000000001">
    <ele>5.620000000000001</ele>
   </trkpt>
   <trkpt lat="38.88042" lon="-76.96848">
    <ele>8.219999999999999</ele>
   </trkpt>
   <trkpt lat="38.88054" lon="-76.96835">
    <ele>8.219999999999999</ele>
   </trkpt>
   <trkpt lat="38.88067" lon="-76.96826">
    <ele>8.93</ele>
   </trkpt>
   <trkpt lat="38.8811199999727" lon="-76.9681950004182">
    <ele>10.76</ele>
   </trkpt>
   <trkpt lat="38.88157" lon="-76.96813">
    <ele>10.17</ele>
   </trkpt>
   <trkpt lat="38.8817" lon="-76.96808">
    <ele>10.17</ele>
   </trkpt>
   <trkpt lat="38.88186" lon="-76.96795">
    <ele>9.38</ele>
   </trkpt>
   <trkpt lat="38.881930000000004" lon="-76.96782">
    <ele>8.6</ele>
   </trkpt>
   <trkpt lat="38.88199" lon="-76.96763">
    <ele>8.0</ele>
   </trkpt>
   <trkpt lat="38.88215" lon="-76.9666">
    <ele>5.23</ele>
   </trkpt>
   <trkpt lat="38.882200000000005" lon="-76.96648">
    <ele>5.23</ele>
   </trkpt>
   <trkpt lat="38.88237" lon="-76.96622">
    <ele>4.760000000000001</ele>
   </trkpt>
   <trkpt lat="38.882560000000005" lon="-76.96602">
    <ele>4.29</ele>
   </trkpt>
   <trkpt lat="38.882780000000004" lon="-76.96585">
    <ele>4.180000000000001</ele>
   </trkpt>
   <trkpt lat="38.882920000000006" lon="-76.96570000000001">
    <ele>4.25</ele>
   </trkpt>
   <trkpt lat="38.88304" lon="-76.96561000000001">
    <ele>4.34</ele>
   </trkpt>
   <trkpt lat="38.883050000000004" lon="-76.96560000000001">
    <ele>4.34</ele>
   </trkpt>
   <trkpt lat="38.88315" lon="-76.96553">
    <ele>4.34</ele>
   </trkpt>
   <trkpt lat="38.883590000000005" lon="-76.96501">
    <ele>4.46</ele>
   </trkpt>
   <trkpt lat="38.883750000000006" lon="-76.96494000000001">
    <ele>4.17</ele>
   </trkpt>
   <trkpt lat="38.88442750337768" lon="-76.96442751464839">
    <ele>4.0</ele>
   </trkpt>
   <trkpt lat="38.88510500451536" lon="-76.96391501952257">
    <ele>4.24</ele>
   </trkpt>
   <trkpt lat="38.88578250341294" lon="-76.96340251462217">
    <ele>4.68</ele>
   </trkpt>
   <trkpt lat="38.88646000000001" lon="-76.96289">
    <ele>5.5</ele>
   </trkpt>
   <trkpt lat="38.886810000000004" lon="-76.96272">
    <ele>5.68</ele>
   </trkpt>
   <trkpt lat="38.88725" lon="-76.96257">
    <ele>5.620000000000001</ele>
   </trkpt>
   <trkpt lat="38.88779" lon="-76.96226">
    <ele>5.0200000000000005</ele>
   </trkpt>
   <trkpt lat="38.88815" lon="-76.96213">
    <ele>4.85</ele>
   </trkpt>
   <trkpt lat="38.88846" lon="-76.96211000000001">
    <ele>4.920000000000001</ele>
   </trkpt>
   <trkpt lat="38.888720000000006" lon="-76.96212000000001">
    <ele>4.74</ele>
   </trkpt>
   <trkpt lat="38.888870000000004" lon="-76.96213">
    <ele>4.24</ele>
   </trkpt>
   <trkpt lat="38.88924" lon="-76.96218">
    <ele>3.8100000000000005</ele>
   </trkpt>
   <trkpt lat="38.88955" lon="-76.96217">
    <ele>4.0200000000000005</ele>
   </trkpt>
   <trkpt lat="38.889990000000004" lon="-76.96213">
    <ele>4.3500000000000005</ele>
   </trkpt>
   <trkpt lat="38.89014" lon="-76.96208">
    <ele>4.66</ele>
   </trkpt>
   <trkpt lat="38.890350000000005" lon="-76.96198000000001">
    <ele>5.390000000000001</ele>
   </trkpt>
   <trkpt lat="38.89041" lon="-76.9619">
    <ele>6.260000000000001</ele>
   </trkpt>
   <trkpt lat="38.890440000000005" lon="-76.96182">
    <ele>6.260000000000001</ele>
   </trkpt>
   <trkpt lat="38.89068" lon="-76.96189000000001">
    <ele>6.29</ele>
   </trkpt>
   <trkpt lat="38.89085" lon="-76.96181">
    <ele>6.44</ele>
   </trkpt>
   <trkpt lat="38.89081" lon="-76.96182">
    <ele>6.42</ele>
   </trkpt>
   <trkpt lat="38.89153" lon="-76.96151">
    <ele>6.050000000000001</ele>
   </trkpt>
   <trkpt lat="38.89166" lon="-76.96149000000001">
    <ele>6.050000000000001</ele>
   </trkpt>
   <trkpt lat="38.891960000000005" lon="-76.96144000000001">
    <ele>5.3500000000000005</ele>
   </trkpt>
   <trkpt lat="38.892570000000006" lon="-76.96145">
    <ele>4.32</ele>
   </trkpt>
   <trkpt lat="38.89307" lon="-76.96132">
    <ele>3.0</ele>
   </trkpt>
   <trkpt lat="38.8933" lon="-76.96119">
    <ele>3.1100000000000003</ele>
   </trkpt>
   <trkpt lat="38.89345" lon="-76.96105">
    <ele>3.18</ele>
   </trkpt>
   <trkpt lat="38.893600000000006" lon="-76.96088">
    <ele>3.34</ele>
   </trkpt>
   <trkpt lat="38.89403" lon="-76.9603">
    <ele>4.47</ele>
   </trkpt>
   <trkpt lat="38.89417" lon="-76.96021">
    <ele>4.6000000000000005</ele>
   </trkpt>
   <trkpt lat="38.8943" lon="-76.96016">
    <ele>4.59</ele>
   </trkpt>
   <trkpt lat="38.89459" lon="-76.9602">
    <ele>4.109999999999999</ele>
   </trkpt>
   <trkpt lat="38.895230000000005" lon="-76.96065">
    <ele>2.56</ele>
   </trkpt>
   <trkpt lat="38.89598" lon="-76.96078">
    <ele>2.23</ele>
   </trkpt>
   <trkpt lat="38.89614" lon="-76.96083">
    <ele>2.19</ele>
   </trkpt>
   <trkpt lat="38.89629" lon="-76.96091000000001">
    <ele>2.1100000000000003</ele>
   </trkpt>
   <trkpt lat="38.89645" lon="-76.96105">
    <ele>1.9500000000000002</ele>
   </trkpt>
   <trkpt lat="38.89683" lon="-76.96105">
    <ele>1.62</ele>
   </trkpt>
   <trkpt lat="38.89735" lon="-76.96101">
    <ele>1.8200000000000003</ele>
   </trkpt>
   <trkpt lat="38.8975" lon="-76.96109000000001">
    <ele>2.33</ele>
   </trkpt>
   <trkpt lat="38.89764" lon="-76.96105">
    <ele>2.47</ele>
   </trkpt>
   <trkpt lat="38.897560000000006" lon="-76.96107">
    <ele>2.2600000000000002</ele>
   </trkpt>
   <trkpt lat="38.898160000000004" lon="-76.96096">
    <ele>4.1000000000000005</ele>
   </trkpt>
   <trkpt lat="38.898250000000004" lon="-76.96097">
    <ele>4.24</ele>
   </trkpt>
   <trkpt lat="38.89855" lon="-76.96123">
    <ele>4.540000000000001</ele>
   </trkpt>
   <trkpt lat="38.89867" lon="-76.96127000000001">
    <ele>4.6000000000000005</ele>
   </trkpt>
   <trkpt lat="38.89907" lon="-76.96128">
    <ele>4.45</ele>
   </trkpt>
   <trkpt lat="38.89941" lon="-76.96136000000001">
    <ele>4.390000000000001</ele>
   </trkpt>
   <trkpt lat="38.899550000000005" lon="-76.96132">
    <ele>4.390000000000001</ele>
   </trkpt>
   <trkpt lat="38.899800000000006" lon="-76.96123">
    <ele>4.36</ele>
   </trkpt>
   <trkpt lat="38.90026500064805" lon="-76.96087000228371">
    <ele>4.1000000000000005</ele>
   </trkpt>
   <trkpt lat="38.90073" lon="-76.96051">
    <ele>3.4800000000000004</ele>
   </trkpt>
   <trkpt lat="38.900850000000005" lon="-76.96038">
    <ele>3.43</ele>
   </trkpt>
   <trkpt lat="38.900940000000006" lon="-76.96025">
    <ele>3.37</ele>
   </trkpt>
   <trkpt lat="38.901070000000004" lon="-76.95993">
    <ele>3.1300000000000003</ele>
   </trkpt>
   <trkpt lat="38.901120000000006" lon="-76.95948">
    <ele>2.9600000000000004</ele>
   </trkpt>
   <trkpt lat="38.901120000000006" lon="-76.95931">
    <ele>2.7900000000000005</ele>
   </trkpt>
   <trkpt lat="38.90108" lon="-76.95908">
    <ele>2.75</ele>
   </trkpt>
   <trkpt lat="38.90108" lon="-76.95899">
    <ele>2.75</ele>
   </trkpt>
   <trkpt lat="38.90111" lon="-76.9589">
    <ele>2.7800000000000002</ele>
   </trkpt>
   <trkpt lat="38.90111" lon="-76.95854">
    <ele>2.8800000000000003</ele>
   </trkpt>
   <trkpt lat="38.90104" lon="-76.95828">
    <ele>3.0</ele>
   </trkpt>
   <trkpt lat="38.90104" lon="-76.95819">
    <ele>3.0</ele>
   </trkpt>
   <trkpt lat="38.90109" lon="-76.95814">
    <ele>3.02</ele>
   </trkpt>
   <trkpt lat="38.90151" lon="-76.95797">
    <ele>4.090000000000001</ele>
   </trkpt>
   <trkpt lat="38.90166" lon="-76.95796">
    <ele>4.78</ele>
   </trkpt>
   <trkpt lat="38.901720000000005" lon="-76.95793">
    <ele>4.78</ele>
   </trkpt>
   <trkpt lat="38.90195000000001" lon="-76.9577">
    <ele>6.880000000000001</ele>
   </trkpt>
   <trkpt lat="38.901990000000005" lon="-76.9576">
    <ele>7.8900000000000015</ele>
   </trkpt>
   <trkpt lat="38.90191" lon="-76.95721">
    <ele>10.48</ele>
   </trkpt>
   <trkpt lat="38.90193" lon="-76.95654">
    <ele>11.82</ele>
   </trkpt>
   <trkpt lat="38.90193" lon="-76.95651000000001">
    <ele>11.780000000000001</ele>
   </trkpt>
   <trkpt lat="38.90193" lon="-76.95626">
    <ele>10.94</ele>
   </trkpt>
   <trkpt lat="38.90209" lon="-76.9556">
    <ele>8.14</ele>
   </trkpt>
   <trkpt lat="38.902080000000005" lon="-76.95546">
    <ele>7.670000000000001</ele>
   </trkpt>
   <trkpt lat="38.90204000000001" lon="-76.95536000000001">
    <ele>7.04</ele>
   </trkpt>
   <trkpt lat="38.901680000000006" lon="-76.95509000000001">
    <ele>5.620000000000001</ele>
   </trkpt>
   <trkpt lat="38.9014" lon="-76.95492">
    <ele>5.5200000000000005</ele>
   </trkpt>
   <trkpt lat="38.90110000000001" lon="-76.95483">
    <ele>5.7</ele>
   </trkpt>
   <trkpt lat="38.90095" lon="-76.95473000000001">
    <ele>5.7</ele>
   </trkpt>
   <trkpt lat="38.900850000000005" lon="-76.95461">
    <ele>5.880000000000001</ele>
   </trkpt>
   <trkpt lat="38.900670000000005" lon="-76.95438">
    <ele>6.21</ele>
   </trkpt>
   <trkpt lat="38.90055" lon="-76.95412">
    <ele>6.3500000000000005</ele>
   </trkpt>
   <trkpt lat="38.90037" lon="-76.95353">
    <ele>6.640000000000001</ele>
   </trkpt>
   <trkpt lat="38.90021" lon="-76.95315000000001">
    <ele>6.55</ele>
   </trkpt>
   <trkpt lat="38.900180000000006" lon="-76.95304">
    <ele>6.55</ele>
   </trkpt>
   <trkpt lat="38.900150000000004" lon="-76.95299">
    <ele>6.53</ele>
   </trkpt>
   <trkpt lat="38.900767507969135" lon="-76.95220252050154">
    <ele>5.51</ele>
   </trkpt>
   <trkpt lat="38.90138501064877" lon="-76.9514150273062">
    <ele>4.840000000000001</ele>
   </trkpt>
   <trkpt lat="38.90200250803867" lon="-76.95062752041355">
    <ele>4.930000000000001</ele>
   </trkpt>
   <trkpt lat="38.902620000000006" lon="-76.94984000000001">
    <ele>5.55</ele>
   </trkpt>
   <trkpt lat="38.902680000000004" lon="-76.9499">
    <ele>5.57</ele>
   </trkpt>
   <trkpt lat="38.90269" lon="-76.94988000000001">
    <ele>5.57</ele>
   </trkpt>
   <trkpt lat="38.90274" lon="-76.94986">
    <ele>5.57</ele>
   </trkpt>
   <trkpt lat="38.9033175060063" lon="-76.95054498328791">
    <ele>4.86</ele>
   </trkpt>
   <trkpt lat="38.90389500801036" lon="-76.9512299777192">
    <ele>4.180000000000001</ele>
   </trkpt>
   <trkpt lat="38.90447250601201" lon="-76.95191498329417">
    <ele>3.8200000000000003</ele>
   </trkpt>
   <trkpt lat="38.90505" lon="-76.9526">
    <ele>4.25</ele>
   </trkpt>
   <trkpt lat="38.90518" lon="-76.95272">
    <ele>4.260000000000001</ele>
   </trkpt>
   <trkpt lat="38.9054" lon="-76.95286">
    <ele>4.21</ele>
   </trkpt>
   <trkpt lat="38.90581" lon="-76.95299">
    <ele>3.920000000000001</ele>
   </trkpt>
   <trkpt lat="38.9061" lon="-76.953">
    <ele>3.8200000000000003</ele>
   </trkpt>
   <trkpt lat="38.90645000000001" lon="-76.95295">
    <ele>3.8300000000000005</ele>
   </trkpt>
   <trkpt lat="38.90672" lon="-76.95285000000001">
    <ele>3.98</ele>
   </trkpt>
   <trkpt lat="38.90684" lon="-76.95278">
    <ele>3.86</ele>
   </trkpt>
   <trkpt lat="38.907070000000004" lon="-76.95259">
    <ele>4.109999999999999</ele>
   </trkpt>
   <trkpt lat="38.907230000000006" lon="-76.95241">
    <ele>4.140000000000001</ele>
   </trkpt>
   <trkpt lat="38.907430000000005" lon="-76.95205">
    <ele>3.95</ele>
   </trkpt>
   <trkpt lat="38.90749" lon="-76.95188">
    <ele>3.95</ele>
   </trkpt>
   <trkpt lat="38.90758" lon="-76.95134">
    <ele>3.67</ele>
   </trkpt>
   <trkpt lat="38.90758" lon="-76.95103">
    <ele>3.6500000000000004</ele>
   </trkpt>
   <trkpt lat="38.907520000000005" lon="-76.95067">
    <ele>3.72</ele>
   </trkpt>
   <trkpt lat="38.90733" lon="-76.95017">
    <ele>4.0600000000000005</ele>
   </trkpt>
   <trkpt lat="38.907120000000006" lon="-76.94986">
    <ele>4.15</ele>
   </trkpt>
   <trkpt lat="38.90692000000001" lon="-76.94968">
    <ele>3.7900000000000005</ele>
   </trkpt>
   <trkpt lat="38.906780000000005" lon="-76.94959">
    <ele>3.7900000000000005</ele>
   </trkpt>
   <trkpt lat="38.90648" lon="-76.94946">
    <ele>3.39</ele>
   </trkpt>
   <trkpt lat="38.906090000000006" lon="-76.94936000000001">
    <ele>3.2900000000000005</ele>
   </trkpt>
   <trkpt lat="38.90585" lon="-76.94923">
    <ele>3.36</ele>
   </trkpt>
   <trkpt lat="38.90576" lon="-76.94917000000001">
    <ele>3.41</ele>
   </trkpt>
   <trkpt lat="38.90558" lon="-76.94902">
    <ele>3.67</ele>
   </trkpt>
   <trkpt lat="38.9054" lon="-76.94884">
    <ele>4.28</ele>
   </trkpt>
   <trkpt lat="38.905390000000004" lon="-76.94874">
    <ele>4.2700000000000005</ele>
   </trkpt>
   <trkpt lat="38.90542000000001" lon="-76.94867">
    <ele>4.2700000000000005</ele>
   </trkpt>
   <trkpt lat="38.90558" lon="-76.94854000000001">
    <ele>4.2</ele>
   </trkpt>
   <trkpt lat="38.905680000000004" lon="-76.94835">
    <ele>3.86</ele>
   </trkpt>
   <trkpt lat="38.90572" lon="-76.9482">
    <ele>3.86</ele>
   </trkpt>
   <trkpt lat="38.905770000000004" lon="-76.94813">
    <ele>3.7900000000000005</ele>
   </trkpt>
   <trkpt lat="38.90587" lon="-76.9478">
    <ele>3.54</ele>
   </trkpt>
   <trkpt lat="38.90601" lon="-76.94757000000001">
    <ele>3.5700000000000003</ele>
   </trkpt>
   <trkpt lat="38.906290000000006" lon="-76.9474">
    <ele>4.07</ele>
   </trkpt>
   <trkpt lat="38.906380000000006" lon="-76.94731">
    <ele>4.61</ele>
   </trkpt>
   <trkpt lat="38.90646" lon="-76.94721000000001">
    <ele>4.800000000000001</ele>
   </trkpt>
   <trkpt lat="38.90663" lon="-76.94668">
    <ele>5.08</ele>
   </trkpt>
   <trkpt lat="38.90679" lon="-76.94649000000001">
    <ele>5.280000000000001</ele>
   </trkpt>
   <trkpt lat="38.907000000000004" lon="-76.94634">
    <ele>5.59</ele>
   </trkpt>
   <trkpt lat="38.907140000000005" lon="-76.94631000000001">
    <ele>6.090000000000001</ele>
   </trkpt>
   <trkpt lat="38.90737" lon="-76.9461">
    <ele>7.07</ele>
   </trkpt>
   <trkpt lat="38.90747" lon="-76.9461">
    <ele>7.3500000000000005</ele>
   </trkpt>
   <trkpt lat="38.907630000000005" lon="-76.94614">
    <ele>7.73</ele>
   </trkpt>
   <trkpt lat="38.90811" lon="-76.94630000000001">
    <ele>7.9</ele>
   </trkpt>
   <trkpt lat="38.90854" lon="-76.9465">
    <ele>7.8900000000000015</ele>
   </trkpt>
   <trkpt lat="38.908680000000004" lon="-76.94659">
    <ele>7.8900000000000015</ele>
   </trkpt>
   <trkpt lat="38.90878" lon="-76.94681">
    <ele>7.82</ele>
   </trkpt>
   <trkpt lat="38.908985001367974" lon="-76.94736999846592">
    <ele>7.9</ele>
   </trkpt>
   <trkpt lat="38.90919" lon="-76.94793">
    <ele>8.440000000000001</ele>
   </trkpt>
   <trkpt lat="38.909380000000006" lon="-76.94828000000001">
    <ele>8.93</ele>
   </trkpt>
   <trkpt lat="38.90959" lon="-76.94851000000001">
    <ele>9.080000000000002</ele>
   </trkpt>
   <trkpt lat="38.9099" lon="-76.94874">
    <ele>8.6</ele>
   </trkpt>
   <trkpt lat="38.910050000000005" lon="-76.94893">
    <ele>8.58</ele>
   </trkpt>
   <trkpt lat="38.91015" lon="-76.94928">
    <ele>8.85</ele>
   </trkpt>
   <trkpt lat="38.91017" lon="-76.94955">
    <ele>9.430000000000001</ele>
   </trkpt>
   <trkpt lat="38.91024" lon="-76.94999">
    <ele>10.110000000000001</ele>
   </trkpt>
   <trkpt lat="38.91035" lon="-76.95031">
    <ele>10.47</ele>
   </trkpt>
   <trkpt lat="38.91055" lon="-76.9508">
    <ele>10.46</ele>
   </trkpt>
   <trkpt lat="38.910610000000005" lon="-76.95128000000001">
    <ele>10.120000000000001</ele>
   </trkpt>
   <trkpt lat="38.91069" lon="-76.95147">
    <ele>9.680000000000001</ele>
   </trkpt>
   <trkpt lat="38.910720000000005" lon="-76.95165">
    <ele>9.420000000000002</ele>
   </trkpt>
   <trkpt lat="38.910700000000006" lon="-76.95184">
    <ele>8.860000000000001</ele>
   </trkpt>
   <trkpt lat="38.91067" lon="-76.95196">
    <ele>8.38</ele>
   </trkpt>
   <trkpt lat="38.910410000000006" lon="-76.95254000000001">
    <ele>7.450000000000001</ele>
   </trkpt>
   <trkpt lat="38.9104" lon="-76.95268">
    <ele>7.07</ele>
   </trkpt>
   <trkpt lat="38.910410000000006" lon="-76.95278">
    <ele>7.07</ele>
   </trkpt>
   <trkpt lat="38.910450000000004" lon="-76.9529">
    <ele>6.620000000000001</ele>
   </trkpt>
   <trkpt lat="38.91055" lon="-76.95299">
    <ele>6.08</ele>
   </trkpt>
   <trkpt lat="38.910610000000005" lon="-76.95303000000001">
    <ele>6.08</ele>
   </trkpt>
   <trkpt lat="38.910720000000005" lon="-76.95303000000001">
    <ele>5.21</ele>
   </trkpt>
   <trkpt lat="38.91109" lon="-76.95286">
    <ele>3.41</ele>
   </trkpt>
   <trkpt lat="38.911210000000004" lon="-76.95286">
    <ele>3.41</ele>
   </trkpt>
   <trkpt lat="38.91151" lon="-76.95308">
    <ele>2.68</ele>
   </trkpt>
   <trkpt lat="38.9117" lon="-76.953">
    <ele>2.65</ele>
   </trkpt>
   <trkpt lat="38.91176" lon="-76.953">
    <ele>2.73</ele>
   </trkpt>
   <trkpt lat="38.911910000000006" lon="-76.95312000000001">
    <ele>2.93</ele>
   </trkpt>
   <trkpt lat="38.91198" lon="-76.95313">
    <ele>2.93</ele>
   </trkpt>
   <trkpt lat="38.912040000000005" lon="-76.95312000000001">
    <ele>2.8800000000000003</ele>
   </trkpt>
   <trkpt lat="38.912090000000006" lon="-76.95308">
    <ele>2.8800000000000003</ele>
   </trkpt>
   <trkpt lat="38.91236000000001" lon="-76.95287">
    <ele>2.5500000000000003</ele>
   </trkpt>
   <trkpt lat="38.91248" lon="-76.95286">
    <ele>2.5300000000000002</ele>
   </trkpt>
   <trkpt lat="38.91268" lon="-76.95291">
    <ele>2.5500000000000003</ele>
   </trkpt>
   <trkpt lat="38.91317" lon="-76.95277">
    <ele>2.85</ele>
   </trkpt>
   <trkpt lat="38.913380000000004" lon="-76.95273">
    <ele>2.93</ele>
   </trkpt>
   <trkpt lat="38.91353" lon="-76.95264">
    <ele>3.21</ele>
   </trkpt>
   <trkpt lat="38.913630000000005" lon="-76.95255">
    <ele>3.3100000000000005</ele>
   </trkpt>
   <trkpt lat="38.913810000000005" lon="-76.95246">
    <ele>3.3000000000000003</ele>
   </trkpt>
   <trkpt lat="38.914" lon="-76.95224">
    <ele>3.18</ele>
   </trkpt>
   <trkpt lat="38.9142" lon="-76.95205">
    <ele>3.36</ele>
   </trkpt>
   <trkpt lat="38.91422" lon="-76.95196">
    <ele>3.52</ele>
   </trkpt>
   <trkpt lat="38.914210000000004" lon="-76.95165">
    <ele>3.7800000000000002</ele>
   </trkpt>
   <trkpt lat="38.91425" lon="-76.95151000000001">
    <ele>3.8300000000000005</ele>
   </trkpt>
   <trkpt lat="38.914370000000005" lon="-76.9513">
    <ele>3.52</ele>
   </trkpt>
   <trkpt lat="38.91442" lon="-76.95116">
    <ele>3.4000000000000004</ele>
   </trkpt>
   <trkpt lat="38.91443" lon="-76.95079000000001">
    <ele>3.35</ele>
   </trkpt>
   <trkpt lat="38.914390000000004" lon="-76.95070000000001">
    <ele>3.71</ele>
   </trkpt>
   <trkpt lat="38.914300000000004" lon="-76.95058">
    <ele>3.86</ele>
   </trkpt>
   <trkpt lat="38.914280000000005" lon="-76.95049">
    <ele>3.94</ele>
   </trkpt>
   <trkpt lat="38.91433" lon="-76.95022">
    <ele>3.96</ele>
   </trkpt>
   <trkpt lat="38.91429" lon="-76.95">
    <ele>3.920000000000001</ele>
   </trkpt>
   <trkpt lat="38.914300000000004" lon="-76.94977">
    <ele>3.8100000000000005</ele>
   </trkpt>
   <trkpt lat="38.91424000000001" lon="-76.9495">
    <ele>3.3200000000000003</ele>
   </trkpt>
   <trkpt lat="38.914280000000005" lon="-76.94923">
    <ele>2.91</ele>
   </trkpt>
   <trkpt lat="38.91427" lon="-76.94887">
    <ele>2.84</ele>
   </trkpt>
   <trkpt lat="38.914300000000004" lon="-76.94861">
    <ele>3.06</ele>
   </trkpt>
   <trkpt lat="38.9142" lon="-76.94806000000001">
    <ele>3.0700000000000003</ele>
   </trkpt>
   <trkpt lat="38.91431" lon="-76.94784">
    <ele>3.3200000000000003</ele>
   </trkpt>
   <trkpt lat="38.91436" lon="-76.94771">
    <ele>3.25</ele>
   </trkpt>
   <trkpt lat="38.914370000000005" lon="-76.94762">
    <ele>3.0100000000000002</ele>
   </trkpt>
   <trkpt lat="38.914350000000006" lon="-76.9474">
    <ele>2.5300000000000002</ele>
   </trkpt>
   <trkpt lat="38.91425" lon="-76.94708">
    <ele>2.0300000000000002</ele>
   </trkpt>
   <trkpt lat="38.91423" lon="-76.94695">
    <ele>1.6900000000000002</ele>
   </trkpt>
   <trkpt lat="38.914350000000006" lon="-76.94668">
    <ele>1.42</ele>
   </trkpt>
   <trkpt lat="38.91449" lon="-76.94600000000001">
    <ele>1.28</ele>
   </trkpt>
   <trkpt lat="38.914500000000004" lon="-76.94547">
    <ele>1.4700000000000002</ele>
   </trkpt>
   <trkpt lat="38.91454" lon="-76.94521">
    <ele>1.53</ele>
   </trkpt>
   <trkpt lat="38.91458" lon="-76.94512">
    <ele>1.53</ele>
   </trkpt>
   <trkpt lat="38.914730000000006" lon="-76.94498">
    <ele>1.43</ele>
   </trkpt>
   <trkpt lat="38.91492" lon="-76.94489">
    <ele>1.6600000000000001</ele>
   </trkpt>
   <trkpt lat="38.91519" lon="-76.94462">
    <ele>2.68</ele>
   </trkpt>
   <trkpt lat="38.91546" lon="-76.94444">
    <ele>3.0300000000000002</ele>
   </trkpt>
   <trkpt lat="38.91559" lon="-76.94426">
    <ele>2.84</ele>
   </trkpt>
   <trkpt lat="38.915600000000005" lon="-76.94425000000001">
    <ele>2.83</ele>
   </trkpt>
   <trkpt lat="38.91573" lon="-76.94408">
    <ele>2.54</ele>
   </trkpt>
   <trkpt lat="38.91583" lon="-76.94399">
    <ele>2.45</ele>
   </trkpt>
   <trkpt lat="38.916090000000004" lon="-76.94368">
    <ele>2.71</ele>
   </trkpt>
   <trkpt lat="38.91637" lon="-76.94314">
    <ele>3.4200000000000004</ele>
   </trkpt>
   <trkpt lat="38.916410000000006" lon="-76.9431">
    <ele>3.4200000000000004</ele>
   </trkpt>
   <trkpt lat="38.91648" lon="-76.94307">
    <ele>3.19</ele>
   </trkpt>
   <trkpt lat="38.91684" lon="-76.94305">
    <ele>1.77</ele>
   </trkpt>
   <trkpt lat="38.916920000000005" lon="-76.94301">
    <ele>1.58</ele>
   </trkpt>
   <trkpt lat="38.91705" lon="-76.94288">
    <ele>1.5</ele>
   </trkpt>
   <trkpt lat="38.917660000000005" lon="-76.94211">
    <ele>1.8900000000000001</ele>
   </trkpt>
   <trkpt lat="38.917770000000004" lon="-76.94202">
    <ele>1.9000000000000001</ele>
   </trkpt>
   <trkpt lat="38.91792" lon="-76.94198">
    <ele>2.08</ele>
   </trkpt>
   <trkpt lat="38.918040000000005" lon="-76.9419">
    <ele>2.41</ele>
   </trkpt>
   <trkpt lat="38.918130000000005" lon="-76.9418">
    <ele>2.43</ele>
   </trkpt>
   <trkpt lat="38.918330000000005" lon="-76.94152000000001">
    <ele>2.1300000000000003</ele>
   </trkpt>
   <trkpt lat="38.918440000000004" lon="-76.94117">
    <ele>2.2600000000000002</ele>
   </trkpt>
   <trkpt lat="38.918600000000005" lon="-76.94091">
    <ele>2.39</ele>
   </trkpt>
   <trkpt lat="38.91868" lon="-76.94041">
    <ele>2.4600000000000004</ele>
   </trkpt>
   <trkpt lat="38.918730000000004" lon="-76.94032">
    <ele>2.6300000000000003</ele>
   </trkpt>
   <trkpt lat="38.918800000000005" lon="-76.94023">
    <ele>2.6300000000000003</ele>
   </trkpt>
   <trkpt lat="38.919070000000005" lon="-76.94005">
    <ele>2.93</ele>
   </trkpt>
   <trkpt lat="38.91921" lon="-76.93979">
    <ele>2.58</ele>
   </trkpt>
   <trkpt lat="38.919380000000004" lon="-76.93961">
    <ele>2.48</ele>
   </trkpt>
   <trkpt lat="38.919560000000004" lon="-76.93952">
    <ele>2.3800000000000003</ele>
   </trkpt>
   <trkpt lat="38.919610000000006" lon="-76.93947">
    <ele>2.43</ele>
   </trkpt>
   <trkpt lat="38.91967" lon="-76.93934">
    <ele>2.43</ele>
   </trkpt>
   <trkpt lat="38.919720000000005" lon="-76.93926">
    <ele>2.6</ele>
   </trkpt>
   <trkpt lat="38.919880000000006" lon="-76.93921">
    <ele>2.62</ele>
   </trkpt>
   <trkpt lat="38.919970000000006" lon="-76.93916">
    <ele>2.58</ele>
   </trkpt>
   <trkpt lat="38.92004" lon="-76.93894">
    <ele>2.4200000000000004</ele>
   </trkpt>
   <trkpt lat="38.92015000000001" lon="-76.93881">
    <ele>2.39</ele>
   </trkpt>
   <trkpt lat="38.920280000000005" lon="-76.93849">
    <ele>2.4600000000000004</ele>
   </trkpt>
   <trkpt lat="38.920370000000005" lon="-76.9384">
    <ele>2.4600000000000004</ele>
   </trkpt>
   <trkpt lat="38.92047" lon="-76.93835">
    <ele>2.3800000000000003</ele>
   </trkpt>
   <trkpt lat="38.92058" lon="-76.93835">
    <ele>2.3800000000000003</ele>
   </trkpt>
   <trkpt lat="38.92096" lon="-76.93844">
    <ele>2.08</ele>
   </trkpt>
   <trkpt lat="38.92100000000001" lon="-76.9384">
    <ele>2.08</ele>
   </trkpt>
   <trkpt lat="38.921060000000004" lon="-76.93835">
    <ele>2.1300000000000003</ele>
   </trkpt>
   <trkpt lat="38.92121" lon="-76.93808">
    <ele>2.2800000000000002</ele>
   </trkpt>
   <trkpt lat="38.921260000000004" lon="-76.93790000000001">
    <ele>2.7700000000000005</ele>
   </trkpt>
   <trkpt lat="38.92127" lon="-76.93759">
    <ele>4.33</ele>
   </trkpt>
   <trkpt lat="38.9213" lon="-76.93746">
    <ele>4.33</ele>
   </trkpt>
   <trkpt lat="38.921380000000006" lon="-76.93736000000001">
    <ele>4.920000000000001</ele>
   </trkpt>
   <trkpt lat="38.92148" lon="-76.93731000000001">
    <ele>5.220000000000001</ele>
   </trkpt>
   <trkpt lat="38.9217" lon="-76.93728">
    <ele>4.880000000000001</ele>
   </trkpt>
   <trkpt lat="38.92199" lon="-76.93715">
    <ele>4.13</ele>
   </trkpt>
   <trkpt lat="38.92222" lon="-76.93693">
    <ele>3.5900000000000003</ele>
   </trkpt>
   <trkpt lat="38.92255000078427" lon="-76.9364950020534">
    <ele>3.7800000000000002</ele>
   </trkpt>
   <trkpt lat="38.922880000000006" lon="-76.93606000000001">
    <ele>4.920000000000001</ele>
   </trkpt>
   <trkpt lat="38.92286" lon="-76.93608">
    <ele>4.890000000000001</ele>
   </trkpt>
   <trkpt lat="38.923180000768056" lon="-76.93567000178386">
    <ele>5.03</ele>
   </trkpt>
   <trkpt lat="38.923500000000004" lon="-76.93526">
    <ele>5.7</ele>
   </trkpt>
   <trkpt lat="38.92374" lon="-76.935">
    <ele>5.880000000000001</ele>
   </trkpt>
   <trkpt lat="38.923820000000006" lon="-76.93495">
    <ele>5.760000000000001</ele>
   </trkpt>
   <trkpt lat="38.92446" lon="-76.93491">
    <ele>5.94</ele>
   </trkpt>
   <trkpt lat="38.92494000001781" lon="-76.93491">
    <ele>8.56</ele>
   </trkpt>
   <trkpt lat="38.92542" lon="-76.93491">
    <ele>9.06</ele>
   </trkpt>
   <trkpt lat="38.92569" lon="-76.93495">
    <ele>8.950000000000001</ele>
   </trkpt>
   <trkpt lat="38.926120000000004" lon="-76.93506000000001">
    <ele>7.670000000000001</ele>
   </trkpt>
   <trkpt lat="38.926660000000005" lon="-76.93522">
    <ele>8.32</ele>
   </trkpt>
   <trkpt lat="38.92743" lon="-76.9354">
    <ele>8.049999999999999</ele>
   </trkpt>
   <trkpt lat="38.92792" lon="-76.93558">
    <ele>7.150000000000001</ele>
   </trkpt>
   <trkpt lat="38.92806" lon="-76.93567">
    <ele>6.3100000000000005</ele>
   </trkpt>
   <trkpt lat="38.92852500056683" lon="-76.93606999727837">
    <ele>5.540000000000001</ele>
   </trkpt>
   <trkpt lat="38.928990000000006" lon="-76.93647">
    <ele>5.29</ele>
   </trkpt>
   <trkpt lat="38.92913" lon="-76.93656">
    <ele>4.96</ele>
   </trkpt>
   <trkpt lat="38.929590000000005" lon="-76.93673000000001">
    <ele>5.33</ele>
   </trkpt>
   <trkpt lat="38.929660000000005" lon="-76.93679">
    <ele>5.33</ele>
   </trkpt>
   <trkpt lat="38.92974" lon="-76.93693">
    <ele>5.3100000000000005</ele>
   </trkpt>
   <trkpt lat="38.929730000000006" lon="-76.93728">
    <ele>4.970000000000001</ele>
   </trkpt>
   <trkpt lat="38.92976" lon="-76.93741">
    <ele>4.68</ele>
   </trkpt>
   <trkpt lat="38.92981" lon="-76.93754000000001">
    <ele>4.68</ele>
   </trkpt>
   <trkpt lat="38.929880000000004" lon="-76.93759">
    <ele>4.68</ele>
   </trkpt>
   <trkpt lat="38.930220000000006" lon="-76.93776000000001">
    <ele>3.74</ele>
   </trkpt>
   <trkpt lat="38.93027" lon="-76.93782">
    <ele>3.5900000000000003</ele>
   </trkpt>
   <trkpt lat="38.93029000000001" lon="-76.93795">
    <ele>2.93</ele>
   </trkpt>
   <trkpt lat="38.93025" lon="-76.93804">
    <ele>2.7900000000000005</ele>
   </trkpt>
   <trkpt lat="38.9301" lon="-76.93822">
    <ele>2.31</ele>
   </trkpt>
   <trkpt lat="38.930080000000004" lon="-76.9384">
    <ele>2.02</ele>
   </trkpt>
   <trkpt lat="38.93012" lon="-76.93853">
    <ele>1.8800000000000001</ele>
   </trkpt>
   <trkpt lat="38.93021" lon="-76.93871">
    <ele>1.81</ele>
   </trkpt>
   <trkpt lat="38.93027" lon="-76.93875000000001">
    <ele>1.8300000000000003</ele>
   </trkpt>
   <trkpt lat="38.93045" lon="-76.93870000000001">
    <ele>1.79</ele>
   </trkpt>
   <trkpt lat="38.93068" lon="-76.93870000000001">
    <ele>1.85</ele>
   </trkpt>
   <trkpt lat="38.93076000000001" lon="-76.93872">
    <ele>2.0</ele>
   </trkpt>
   <trkpt lat="38.9309" lon="-76.93885">
    <ele>2.0</ele>
   </trkpt>
   <trkpt lat="38.93104" lon="-76.93889">
    <ele>2.39</ele>
   </trkpt>
   <trkpt lat="38.93117" lon="-76.93885">
    <ele>2.4899999999999998</ele>
   </trkpt>
   <trkpt lat="38.931270000000005" lon="-76.9388">
    <ele>2.54</ele>
   </trkpt>
   <trkpt lat="38.93135" lon="-76.9388">
    <ele>2.54</ele>
   </trkpt>
   <trkpt lat="38.931540000000005" lon="-76.9389">
    <ele>2.3000000000000003</ele>
   </trkpt>
   <trkpt lat="38.93164" lon="-76.93894">
    <ele>2.3000000000000003</ele>
   </trkpt>
   <trkpt lat="38.931850000000004" lon="-76.93889">
    <ele>2.24</ele>
   </trkpt>
   <trkpt lat="38.93209" lon="-76.9389">
    <ele>2.31</ele>
   </trkpt>
   <trkpt lat="38.93226000000001" lon="-76.93881">
    <ele>2.2900000000000005</ele>
   </trkpt>
   <trkpt lat="38.932280000000006" lon="-76.9388">
    <ele>2.2900000000000005</ele>
   </trkpt>
   <trkpt lat="38.932460000000006" lon="-76.9388">
    <ele>2.35</ele>
   </trkpt>
   <trkpt lat="38.93256" lon="-76.93876">
    <ele>2.35</ele>
   </trkpt>
   <trkpt lat="38.93309" lon="-76.93831">
    <ele>2.74</ele>
   </trkpt>
   <trkpt lat="38.93314" lon="-76.93826">
    <ele>2.54</ele>
   </trkpt>
   <trkpt lat="38.933080000000004" lon="-76.93759">
    <ele>2.5500000000000003</ele>
   </trkpt>
   <trkpt lat="38.933080000000004" lon="-76.93738">
    <ele>2.7</ele>
   </trkpt>
   <trkpt lat="38.933110000000006" lon="-76.93728">
    <ele>2.7</ele>
   </trkpt>
   <trkpt lat="38.93316" lon="-76.9372">
    <ele>3.0</ele>
   </trkpt>
   <trkpt lat="38.93320000000001" lon="-76.93718000000001">
    <ele>3.0</ele>
   </trkpt>
   <trkpt lat="38.93329000000001" lon="-76.93719">
    <ele>2.85</ele>
   </trkpt>
   <trkpt lat="38.933370000000004" lon="-76.93727000000001">
    <ele>2.85</ele>
   </trkpt>
   <trkpt lat="38.933550000000004" lon="-76.93751">
    <ele>2.86</ele>
   </trkpt>
   <trkpt lat="38.93361" lon="-76.93764">
    <ele>2.9400000000000004</ele>
   </trkpt>
   <trkpt lat="38.93365" lon="-76.93778">
    <ele>3.0900000000000003</ele>
   </trkpt>
   <trkpt lat="38.933960000000006" lon="-76.93786">
    <ele>3.0</ele>
   </trkpt>
   <trkpt lat="38.93415" lon="-76.93795">
    <ele>3.1400000000000006</ele>
   </trkpt>
   <trkpt lat="38.93439" lon="-76.93808">
    <ele>3.5700000000000003</ele>
   </trkpt>
   <trkpt lat="38.934430000000006" lon="-76.93816000000001">
    <ele>3.93</ele>
   </trkpt>
   <trkpt lat="38.934450000000005" lon="-76.93822">
    <ele>3.93</ele>
   </trkpt>
   <trkpt lat="38.93451" lon="-76.93825000000001">
    <ele>4.0600000000000005</ele>
   </trkpt>
   <trkpt lat="38.93473" lon="-76.93821000000001">
    <ele>4.3100000000000005</ele>
   </trkpt>
   <trkpt lat="38.93498" lon="-76.93818">
    <ele>5.13</ele>
   </trkpt>
   <trkpt lat="38.93549" lon="-76.93832">
    <ele>5.48</ele>
   </trkpt>
   <trkpt lat="38.93583" lon="-76.93853">
    <ele>4.45</ele>
   </trkpt>
   <trkpt lat="38.93603" lon="-76.93870000000001">
    <ele>4.45</ele>
   </trkpt>
   <trkpt lat="38.93623" lon="-76.93894">
    <ele>3.2800000000000002</ele>
   </trkpt>
   <trkpt lat="38.936440000000005" lon="-76.93925">
    <ele>2.8000000000000003</ele>
   </trkpt>
   <trkpt lat="38.936530000000005" lon="-76.93942000000001">
    <ele>2.73</ele>
   </trkpt>
   <trkpt lat="38.93666" lon="-76.94003000000001">
    <ele>4.73</ele>
   </trkpt>
   <trkpt lat="38.93677" lon="-76.9405">
    <ele>6.57</ele>
   </trkpt>
   <trkpt lat="38.936440000000005" lon="-76.94153">
    <ele>6.470000000000001</ele>
   </trkpt>
   <trkpt lat="38.937065001286" lon="-76.94207499521308">
    <ele>6.25</ele>
   </trkpt>
   <trkpt lat="38.93769" lon="-76.94262">
    <ele>6.37</ele>
   </trkpt>
   <trkpt lat="38.937740000000005" lon="-76.94269000000001">
    <ele>6.34</ele>
   </trkpt>
   <trkpt lat="38.937740000000005" lon="-76.94268000000001">
    <ele>6.3500000000000005</ele>
   </trkpt>
   <trkpt lat="38.93784" lon="-76.94274">
    <ele>6.2700000000000005</ele>
   </trkpt>
   <trkpt lat="38.938230000000004" lon="-76.9431">
    <ele>5.970000000000001</ele>
   </trkpt>
   <trkpt lat="38.938460000000006" lon="-76.94319">
    <ele>4.630000000000001</ele>
   </trkpt>
   <trkpt lat="38.938590000000005" lon="-76.94332">
    <ele>4.109999999999999</ele>
   </trkpt>
   <trkpt lat="38.93878" lon="-76.94359">
    <ele>3.52</ele>
   </trkpt>
   <trkpt lat="38.939040000000006" lon="-76.94430000000001">
    <ele>3.6400000000000006</ele>
   </trkpt>
   <trkpt lat="38.93925" lon="-76.94444">
    <ele>3.2800000000000002</ele>
   </trkpt>
   <trkpt lat="38.939840000000004" lon="-76.94476">
    <ele>3.6500000000000004</ele>
   </trkpt>
   <trkpt lat="38.940180000000005" lon="-76.94498">
    <ele>3.97</ele>
   </trkpt>
   <trkpt lat="38.940450000000006" lon="-76.94508">
    <ele>5.090000000000001</ele>
   </trkpt>
   <trkpt lat="38.940650000000005" lon="-76.9452">
    <ele>5.970000000000001</ele>
   </trkpt>
   <trkpt lat="38.94073" lon="-76.94521">
    <ele>5.970000000000001</ele>
   </trkpt>
   <trkpt lat="38.94089" lon="-76.9452">
    <ele>6.5200000000000005</ele>
   </trkpt>
   <trkpt lat="38.94115" lon="-76.94525">
    <ele>7.11</ele>
   </trkpt>
   <trkpt lat="38.94167" lon="-76.94543">
    <ele>7.17</ele>
   </trkpt>
   <trkpt lat="38.94209" lon="-76.94551000000001">
    <ele>6.57</ele>
   </trkpt>
   <trkpt lat="38.94232" lon="-76.94543">
    <ele>4.64</ele>
   </trkpt>
   <trkpt lat="38.942280000000004" lon="-76.94544">
    <ele>4.9</ele>
   </trkpt>
   <trkpt lat="38.942600000000006" lon="-76.94529">
    <ele>3.1100000000000003</ele>
   </trkpt>
   <trkpt lat="38.9429" lon="-76.94512">
    <ele>2.8800000000000003</ele>
   </trkpt>
   <trkpt lat="38.943200000000004" lon="-76.94517">
    <ele>3.16</ele>
   </trkpt>
   <trkpt lat="38.943360000000006" lon="-76.94525">
    <ele>3.17</ele>
   </trkpt>
   <trkpt lat="38.943830000000005" lon="-76.94534">
    <ele>3.3800000000000003</ele>
   </trkpt>
   <trkpt lat="38.943900000000006" lon="-76.9453">
    <ele>3.4800000000000004</ele>
   </trkpt>
   <trkpt lat="38.944160000000004" lon="-76.94493">
    <ele>3.9000000000000004</ele>
   </trkpt>
   <trkpt lat="38.944570000000006" lon="-76.94424000000001">
    <ele>4.140000000000001</ele>
   </trkpt>
   <trkpt lat="38.944630000000004" lon="-76.94408">
    <ele>4.13</ele>
   </trkpt>
   <trkpt lat="38.9448" lon="-76.94342">
    <ele>3.93</ele>
   </trkpt>
   <trkpt lat="38.944810000000004" lon="-76.94340000000001">
    <ele>3.93</ele>
   </trkpt>
   <trkpt lat="38.944880000000005" lon="-76.94315">
    <ele>3.9000000000000004</ele>
   </trkpt>
   <trkpt lat="38.945170000000005" lon="-76.94234">
    <ele>3.89</ele>
   </trkpt>
   <trkpt lat="38.9452" lon="-76.94211">
    <ele>3.89</ele>
   </trkpt>
   <trkpt lat="38.945420000000006" lon="-76.94189">
    <ele>5.4</ele>
   </trkpt>
   <trkpt lat="38.945570000000004" lon="-76.94186">
    <ele>6.7700000000000005</ele>
   </trkpt>
   <trkpt lat="38.94550500138416" lon="-76.94243500076043">
    <ele>6.7</ele>
   </trkpt>
   <trkpt lat="38.945440000000005" lon="-76.94301">
    <ele>6.65</ele>
   </trkpt>
   <trkpt lat="38.94541" lon="-76.9435">
    <ele>6.42</ele>
   </trkpt>
   <trkpt lat="38.94547" lon="-76.94413">
    <ele>6.16</ele>
   </trkpt>
   <trkpt lat="38.94552" lon="-76.94439000000001">
    <ele>6.010000000000001</ele>
   </trkpt>
   <trkpt lat="38.945690000000006" lon="-76.94493">
    <ele>5.81</ele>
   </trkpt>
   <trkpt lat="38.945870000000006" lon="-76.94529">
    <ele>5.790000000000001</ele>
   </trkpt>
   <trkpt lat="38.946000000000005" lon="-76.94549">
    <ele>5.970000000000001</ele>
   </trkpt>
   <trkpt lat="38.946000000000005" lon="-76.94566">
    <ele>6.0600000000000005</ele>
   </trkpt>
   <trkpt lat="38.946270000000005" lon="-76.94603000000001">
    <ele>5.970000000000001</ele>
   </trkpt>
   <trkpt lat="38.9463" lon="-76.94613000000001">
    <ele>5.970000000000001</ele>
   </trkpt>
   <trkpt lat="38.946020000000004" lon="-76.94646">
    <ele>5.410000000000001</ele>
   </trkpt>
   <trkpt lat="38.9459" lon="-76.94664">
    <ele>5.3100000000000005</ele>
   </trkpt>
   <trkpt lat="38.945910000000005" lon="-76.94695">
    <ele>5.21</ele>
   </trkpt>
   <trkpt lat="38.946070000000006" lon="-76.94704">
    <ele>4.760000000000001</ele>
   </trkpt>
   <trkpt lat="38.9463" lon="-76.9474">
    <ele>4.65</ele>
   </trkpt>
   <trkpt lat="38.94643000000001" lon="-76.94768">
    <ele>4.86</ele>
   </trkpt>
   <trkpt lat="38.9468" lon="-76.94838">
    <ele>7.59</ele>
   </trkpt>
   <trkpt lat="38.94690000000001" lon="-76.94861">
    <ele>8.34</ele>
   </trkpt>
   <trkpt lat="38.946920000000006" lon="-76.94873000000001">
    <ele>7.57</ele>
   </trkpt>
   <trkpt lat="38.94693" lon="-76.94905">
    <ele>5.390000000000001</ele>
   </trkpt>
   <trkpt lat="38.94697" lon="-76.94927000000001">
    <ele>4.410000000000001</ele>
   </trkpt>
   <trkpt lat="38.94697" lon="-76.94929">
    <ele>4.36</ele>
   </trkpt>
   <trkpt lat="38.947" lon="-76.94941">
    <ele>4.07</ele>
   </trkpt>
   <trkpt lat="38.947255001393216" lon="-76.94996999810702">
    <ele>3.7</ele>
   </trkpt>
   <trkpt lat="38.94751" lon="-76.95053">
    <ele>3.97</ele>
   </trkpt>
   <trkpt lat="38.947790000000005" lon="-76.95121">
    <ele>4.04</ele>
   </trkpt>
   <trkpt lat="38.94823" lon="-76.95192">
    <ele>4.62</ele>
   </trkpt>
   <trkpt lat="38.94838" lon="-76.95221000000001">
    <ele>4.710000000000001</ele>
   </trkpt>
   <trkpt lat="38.94866000197853" lon="-76.95289499723707">
    <ele>4.390000000000001</ele>
   </trkpt>
   <trkpt lat="38.94894" lon="-76.95358">
    <ele>4.47</ele>
   </trkpt>
   <trkpt lat="38.949000000000005" lon="-76.95375">
    <ele>4.47</ele>
   </trkpt>
   <trkpt lat="38.949160000000006" lon="-76.95443">
    <ele>4.410000000000001</ele>
   </trkpt>
   <trkpt lat="38.949180000000005" lon="-76.95457">
    <ele>4.5200000000000005</ele>
   </trkpt>
   <trkpt lat="38.949160000000006" lon="-76.95483">
    <ele>4.540000000000001</ele>
   </trkpt>
   <trkpt lat="38.94919" lon="-76.95505">
    <ele>4.69</ele>
   </trkpt>
   <trkpt lat="38.949180000000005" lon="-76.95499000000001">
    <ele>4.66</ele>
   </trkpt>
   <trkpt lat="38.94926" lon="-76.95545000000001">
    <ele>5.11</ele>
   </trkpt>
   <trkpt lat="38.94932" lon="-76.95568">
    <ele>5.3500000000000005</ele>
   </trkpt>
   <trkpt lat="38.949450000000006" lon="-76.95586">
    <ele>5.5200000000000005</ele>
   </trkpt>
   <trkpt lat="38.94959" lon="-76.95595">
    <ele>6.180000000000001</ele>
   </trkpt>
   <trkpt lat="38.94975" lon="-76.956">
    <ele>6.4</ele>
   </trkpt>
   <trkpt lat="38.9498" lon="-76.95607000000001">
    <ele>6.4</ele>
   </trkpt>
   <trkpt lat="38.94990000000001" lon="-76.95644">
    <ele>6.390000000000001</ele>
   </trkpt>
   <trkpt lat="38.94984" lon="-76.9568">
    <ele>6.49</ele>
   </trkpt>
   <trkpt lat="38.949850000000005" lon="-76.95684">
    <ele>6.49</ele>
   </trkpt>
   <trkpt lat="38.949920000000006" lon="-76.95695">
    <ele>6.65</ele>
   </trkpt>
   <trkpt lat="38.94995" lon="-76.95703">
    <ele>6.65</ele>
   </trkpt>
   <trkpt lat="38.949870000000004" lon="-76.95731">
    <ele>6.74</ele>
   </trkpt>
   <trkpt lat="38.94979" lon="-76.95757">
    <ele>6.85</ele>
   </trkpt>
   <trkpt lat="38.94973" lon="-76.95783">
    <ele>6.86</ele>
   </trkpt>
   <trkpt lat="38.949740000000006" lon="-76.95823">
    <ele>6.72</ele>
   </trkpt>
   <trkpt lat="38.94979" lon="-76.95846">
    <ele>6.55</ele>
   </trkpt>
   <trkpt lat="38.94986" lon="-76.95859">
    <ele>6.55</ele>
   </trkpt>
   <trkpt lat="38.95013" lon="-76.95899">
    <ele>6.5</ele>
   </trkpt>
   <trkpt lat="38.950450000000004" lon="-76.95931">
    <ele>6.580000000000001</ele>
   </trkpt>
   <trkpt lat="38.95069" lon="-76.95976">
    <ele>6.6000000000000005</ele>
   </trkpt>
   <trkpt lat="38.95092" lon="-76.96029">
    <ele>6.99</ele>
   </trkpt>
   <trkpt lat="38.951060000000005" lon="-76.96056">
    <ele>7.04</ele>
   </trkpt>
   <trkpt lat="38.95107" lon="-76.96061">
    <ele>7.04</ele>
   </trkpt>
   <trkpt lat="38.95087" lon="-76.96111">
    <ele>6.91</ele>
   </trkpt>
   <trkpt lat="38.95141" lon="-76.96146">
    <ele>6.16</ele>
   </trkpt>
   <trkpt lat="38.951440000000005" lon="-76.96148000000001">
    <ele>6.180000000000001</ele>
   </trkpt>
   <trkpt lat="38.95177" lon="-76.96169">
    <ele>6.430000000000001</ele>
   </trkpt>
   <trkpt lat="38.951890000000006" lon="-76.96176000000001">
    <ele>6.44</ele>
   </trkpt>
   <trkpt lat="38.95217" lon="-76.96181">
    <ele>6.410000000000001</ele>
   </trkpt>
   <trkpt lat="38.95261" lon="-76.96208">
    <ele>6.430000000000001</ele>
   </trkpt>
   <trkpt lat="38.952850000000005" lon="-76.96231">
    <ele>6.69</ele>
   </trkpt>
   <trkpt lat="38.953210000000006" lon="-76.96298">
    <ele>7.03</ele>
   </trkpt>
   <trkpt lat="38.95326" lon="-76.96312">
    <ele>7.03</ele>
   </trkpt>
   <trkpt lat="38.95326" lon="-76.96321">
    <ele>7.03</ele>
   </trkpt>
   <trkpt lat="38.953210000000006" lon="-76.96355000000001">
    <ele>7.680000000000001</ele>
   </trkpt>
   <trkpt lat="38.953030000000005" lon="-76.96396">
    <ele>7.96</ele>
   </trkpt>
   <trkpt lat="38.95259" lon="-76.96463">
    <ele>9.959999999999999</ele>
   </trkpt>
   <trkpt lat="38.952510000000004" lon="-76.965">
    <ele>10.21</ele>
   </trkpt>
   <trkpt lat="38.952980000000004" lon="-76.96534000000001">
    <ele>10.34</ele>
   </trkpt>
   <trkpt lat="38.953140000000005" lon="-76.96548">
    <ele>9.97</ele>
   </trkpt>
   <trkpt lat="38.953160000000004" lon="-76.96557">
    <ele>10.030000000000001</ele>
   </trkpt>
   <trkpt lat="38.953160000000004" lon="-76.96576">
    <ele>10.900000000000002</ele>
   </trkpt>
   <trkpt lat="38.95329" lon="-76.96608">
    <ele>10.89</ele>
   </trkpt>
   <trkpt lat="38.953300000000006" lon="-76.96618000000001">
    <ele>10.790000000000001</ele>
   </trkpt>
   <trkpt lat="38.953250000000004" lon="-76.96642">
    <ele>10.17</ele>
   </trkpt>
   <trkpt lat="38.95311" lon="-76.96676000000001">
    <ele>9.940000000000001</ele>
   </trkpt>
   <trkpt lat="38.953100000000006" lon="-76.96676000000001">
    <ele>9.940000000000001</ele>
   </trkpt>
   <trkpt lat="38.953050000000005" lon="-76.96724">
    <ele>9.680000000000001</ele>
   </trkpt>
   <trkpt lat="38.953070000000004" lon="-76.96745">
    <ele>9.31</ele>
   </trkpt>
   <trkpt lat="38.95315" lon="-76.9679">
    <ele>9.07</ele>
   </trkpt>
   <trkpt lat="38.953520000000005" lon="-76.96867">
    <ele>9.850000000000001</ele>
   </trkpt>
   <trkpt lat="38.95364" lon="-76.96903">
    <ele>9.97</ele>
   </trkpt>
   <trkpt lat="38.95378" lon="-76.96938">
    <ele>10.120000000000001</ele>
   </trkpt>
   <trkpt lat="38.95405" lon="-76.96994000000001">
    <ele>10.06</ele>
   </trkpt>
   <trkpt lat="38.95427" lon="-76.97049000000001">
    <ele>9.97</ele>
   </trkpt>
   <trkpt lat="38.95432" lon="-76.9706">
    <ele>9.97</ele>
   </trkpt>
   <trkpt lat="38.95445" lon="-76.97112000000001">
    <ele>10.05</ele>
   </trkpt>
   <trkpt lat="38.95458" lon="-76.97139">
    <ele>10.270000000000001</ele>
   </trkpt>
   <trkpt lat="38.9547" lon="-76.97161000000001">
    <ele>10.270000000000001</ele>
   </trkpt>
   <trkpt lat="38.95479" lon="-76.97171">
    <ele>10.42</ele>
   </trkpt>
   <trkpt lat="38.955070000000006" lon="-76.97194">
    <ele>10.41</ele>
   </trkpt>
   <trkpt lat="38.95537" lon="-76.97247">
    <ele>10.190000000000001</ele>
   </trkpt>
   <trkpt lat="38.95559" lon="-76.97278">
    <ele>10.46</ele>
   </trkpt>
   <trkpt lat="38.95581000000001" lon="-76.97301">
    <ele>10.6</ele>
   </trkpt>
   <trkpt lat="38.95611" lon="-76.97324">
    <ele>10.690000000000001</ele>
   </trkpt>
   <trkpt lat="38.9566" lon="-76.97355">
    <ele>10.97</ele>
   </trkpt>
   <trkpt lat="38.95669" lon="-76.97359">
    <ele>10.97</ele>
   </trkpt>
   <trkpt lat="38.956830000000004" lon="-76.97356">
    <ele>11.61</ele>
   </trkpt>
   <trkpt lat="38.957060000000006" lon="-76.97376000000001">
    <ele>12.020000000000001</ele>
   </trkpt>
   <trkpt lat="38.957170000000005" lon="-76.97379000000001">
    <ele>12.020000000000001</ele>
   </trkpt>
   <trkpt lat="38.95743" lon="-76.97372">
    <ele>12.07</ele>
   </trkpt>
   <trkpt lat="38.95796" lon="-76.97372">
    <ele>11.49</ele>
   </trkpt>
   <trkpt lat="38.958090000000006" lon="-76.97367000000001">
    <ele>11.66</ele>
   </trkpt>
   <trkpt lat="38.958420000000004" lon="-76.97342">
    <ele>11.79</ele>
   </trkpt>
   <trkpt lat="38.959010000000006" lon="-76.97308000000001">
    <ele>12.620000000000001</ele>
   </trkpt>
   <trkpt lat="38.959230000000005" lon="-76.97373">
    <ele>12.120000000000001</ele>
   </trkpt>
   <trkpt lat="38.959340000000005" lon="-76.97380000000001">
    <ele>11.73</ele>
   </trkpt>
   <trkpt lat="38.959540000000004" lon="-76.97381">
    <ele>11.63</ele>
   </trkpt>
   <trkpt lat="38.95965" lon="-76.97386">
    <ele>11.670000000000002</ele>
   </trkpt>
   <trkpt lat="38.95971" lon="-76.97399">
    <ele>11.66</ele>
   </trkpt>
   <trkpt lat="38.95967" lon="-76.97457">
    <ele>12.07</ele>
   </trkpt>
   <trkpt lat="38.95967" lon="-76.97455000000001">
    <ele>12.05</ele>
   </trkpt>
   <trkpt lat="38.95969" lon="-76.97484">
    <ele>12.42</ele>
   </trkpt>
   <trkpt lat="38.9598" lon="-76.97538">
    <ele>12.51</ele>
   </trkpt>
   <trkpt lat="38.960040000000006" lon="-76.9757">
    <ele>12.870000000000001</ele>
   </trkpt>
   <trkpt lat="38.960420000000006" lon="-76.97587">
    <ele>12.97</ele>
   </trkpt>
   <trkpt lat="38.96052" lon="-76.97596">
    <ele>13.1</ele>
   </trkpt>
   <trkpt lat="38.9607" lon="-76.97621000000001">
    <ele>13.48</ele>
   </trkpt>
   <trkpt lat="38.960770000000004" lon="-76.97641">
    <ele>13.55</ele>
   </trkpt>
   <trkpt lat="38.96083" lon="-76.97654">
    <ele>13.580000000000002</ele>
   </trkpt>
   <trkpt lat="38.961420000000004" lon="-76.97695">
    <ele>13.74</ele>
   </trkpt>
   <trkpt lat="38.96154000000001" lon="-76.97697000000001">
    <ele>13.920000000000002</ele>
   </trkpt>
   <trkpt lat="38.96161" lon="-76.97703000000001">
    <ele>13.920000000000002</ele>
   </trkpt>
   <trkpt lat="38.962" lon="-76.97712">
    <ele>13.760000000000002</ele>
   </trkpt>
   <trkpt lat="38.96231" lon="-76.97721">
    <ele>13.750000000000002</ele>
   </trkpt>
   <trkpt lat="38.9626" lon="-76.97735">
    <ele>13.96</ele>
   </trkpt>
   <trkpt lat="38.962880000000006" lon="-76.97753">
    <ele>13.96</ele>
   </trkpt>
   <trkpt lat="38.963210000000004" lon="-76.9778">
    <ele>14.180000000000001</ele>
   </trkpt>
   <trkpt lat="38.96360000000001" lon="-76.97812">
    <ele>14.530000000000001</ele>
   </trkpt>
   <trkpt lat="38.96411500099485" lon="-76.97858499668499">
    <ele>15.06</ele>
   </trkpt>
   <trkpt lat="38.96463" lon="-76.97905">
    <ele>15.57</ele>
   </trkpt>
   <trkpt lat="38.96499" lon="-76.97932">
    <ele>15.700000000000001</ele>
   </trkpt>
   <trkpt lat="38.96551" lon="-76.97945">
    <ele>15.91</ele>
   </trkpt>
   <trkpt lat="38.96575" lon="-76.97954">
    <ele>15.99</ele>
   </trkpt>
   <trkpt lat="38.96595000000001" lon="-76.97981">
    <ele>16.09</ele>
   </trkpt>
   <trkpt lat="38.966010000000004" lon="-76.97982">
    <ele>16.09</ele>
   </trkpt>
   <trkpt lat="38.96634" lon="-76.97986">
    <ele>16.09</ele>
   </trkpt>
   <trkpt lat="38.966590000000004" lon="-76.97981">
    <ele>16.28</ele>
   </trkpt>
   <trkpt lat="38.96699" lon="-76.97968">
    <ele>17.130000000000003</ele>
   </trkpt>
   <trkpt lat="38.96716" lon="-76.97963">
    <ele>18.12</ele>
   </trkpt>
   <trkpt lat="38.967310000000005" lon="-76.97963">
    <ele>18.520000000000003</ele>
   </trkpt>
   <trkpt lat="38.967710000000004" lon="-76.97977">
    <ele>19.22</ele>
   </trkpt>
   <trkpt lat="38.96828" lon="-76.97999">
    <ele>19.8</ele>
   </trkpt>
   <trkpt lat="38.968650000000004" lon="-76.98009">
    <ele>19.94</ele>
   </trkpt>
   <trkpt lat="38.96905" lon="-76.98013">
    <ele>19.5</ele>
   </trkpt>
   <trkpt lat="38.969010000000004" lon="-76.98013">
    <ele>19.62</ele>
   </trkpt>
   <trkpt lat="38.969280000000005" lon="-76.98008">
    <ele>18.29</ele>
   </trkpt>
   <trkpt lat="38.969350000000006" lon="-76.98001000000001">
    <ele>17.990000000000002</ele>
   </trkpt>
   <trkpt lat="38.969570000000004" lon="-76.98">
    <ele>17.990000000000002</ele>
   </trkpt>
   <trkpt lat="38.96979" lon="-76.97995">
    <ele>18.17</ele>
   </trkpt>
   <trkpt lat="38.97028" lon="-76.97969">
    <ele>18.21</ele>
   </trkpt>
   <trkpt lat="38.97063" lon="-76.97968">
    <ele>18.410000000000004</ele>
   </trkpt>
   <trkpt lat="38.970850000000006" lon="-76.97973">
    <ele>18.830000000000002</ele>
   </trkpt>
   <trkpt lat="38.971070000000005" lon="-76.97986">
    <ele>19.090000000000003</ele>
   </trkpt>
   <trkpt lat="38.971050000000005" lon="-76.9799">
    <ele>19.090000000000003</ele>
   </trkpt>
   <trkpt lat="38.97119" lon="-76.98003">
    <ele>19.39</ele>
   </trkpt>
   <trkpt lat="38.971230000000006" lon="-76.98013">
    <ele>19.91</ele>
   </trkpt>
   <trkpt lat="38.971250000000005" lon="-76.98014">
    <ele>20.110000000000003</ele>
   </trkpt>
   <trkpt lat="38.97139000000001" lon="-76.98036">
    <ele>20.18</ele>
   </trkpt>
   <trkpt lat="38.971540000000005" lon="-76.98056000000001">
    <ele>19.560000000000002</ele>
   </trkpt>
   <trkpt lat="38.971650000000004" lon="-76.98052000000001">
    <ele>19.380000000000003</ele>
   </trkpt>
   <trkpt lat="38.97188500166619" lon="-76.98114999783614">
    <ele>18.860000000000003</ele>
   </trkpt>
   <trkpt lat="38.972120000000004" lon="-76.98178">
    <ele>19.22</ele>
   </trkpt>
   <trkpt lat="38.97223" lon="-76.98201">
    <ele>19.770000000000003</ele>
   </trkpt>
   <trkpt lat="38.97231" lon="-76.9821">
    <ele>19.970000000000002</ele>
   </trkpt>
   <trkpt lat="38.972770000000004" lon="-76.98228">
    <ele>21.25</ele>
   </trkpt>
   <trkpt lat="38.97289000000001" lon="-76.98241">
    <ele>21.59</ele>
   </trkpt>
   <trkpt lat="38.973110000000005" lon="-76.98289000000001">
    <ele>21.800000000000004</ele>
   </trkpt>
   <trkpt lat="38.97321" lon="-76.98295">
    <ele>21.79</ele>
   </trkpt>
   <trkpt lat="38.973290000000006" lon="-76.98299">
    <ele>21.85</ele>
   </trkpt>
   <trkpt lat="38.973380000000006" lon="-76.98294">
    <ele>21.94</ele>
   </trkpt>
   <trkpt lat="38.973760000000006" lon="-76.98264">
    <ele>22.67</ele>
   </trkpt>
   <trkpt lat="38.97377" lon="-76.9826">
    <ele>22.8</ele>
   </trkpt>
   <trkpt lat="38.973910000000004" lon="-76.9825">
    <ele>22.72</ele>
   </trkpt>
   <trkpt lat="38.973910000000004" lon="-76.98249000000001">
    <ele>22.72</ele>
   </trkpt>
   <trkpt lat="38.973960000000005" lon="-76.98243000000001">
    <ele>22.660000000000004</ele>
   </trkpt>
   <trkpt lat="38.97430000000001" lon="-76.98224">
    <ele>22.160000000000004</ele>
   </trkpt>
   <trkpt lat="38.974520000000005" lon="-76.98218">
    <ele>22.340000000000003</ele>
   </trkpt>
   <trkpt lat="38.97462" lon="-76.98218">
    <ele>22.820000000000004</ele>
   </trkpt>
   <trkpt lat="38.97473" lon="-76.98222000000001">
    <ele>23.03</ele>
   </trkpt>
   <trkpt lat="38.97486000000001" lon="-76.98231000000001">
    <ele>23.110000000000003</ele>
   </trkpt>
   <trkpt lat="38.975080000000005" lon="-76.9825">
    <ele>23.24</ele>
   </trkpt>
   <trkpt lat="38.975500000000004" lon="-76.98281">
    <ele>23.650000000000002</ele>
   </trkpt>
   <trkpt lat="38.97576" lon="-76.98312">
    <ele>24.17</ele>
   </trkpt>
   <trkpt lat="38.97592" lon="-76.98335">
    <ele>25.39</ele>
   </trkpt>
   <trkpt lat="38.975970000000004" lon="-76.98356000000001">
    <ele>25.68</ele>
   </trkpt>
   <trkpt lat="38.97612" lon="-76.98443">
    <ele>25.18</ele>
   </trkpt>
   <trkpt lat="38.976220000000005" lon="-76.98519">
    <ele>24.0</ele>
   </trkpt>
   <trkpt lat="38.97628" lon="-76.98541">
    <ele>23.880000000000003</ele>
   </trkpt>
   <trkpt lat="38.97636" lon="-76.98559">
    <ele>24.12</ele>
   </trkpt>
   <trkpt lat="38.97683" lon="-76.98638000000001">
    <ele>26.1</ele>
   </trkpt>
   <trkpt lat="38.97704" lon="-76.98676">
    <ele>25.980000000000004</ele>
   </trkpt>
   <trkpt lat="38.9771" lon="-76.98698">
    <ele>25.970000000000002</ele>
   </trkpt>
   <trkpt lat="38.9772" lon="-76.9876">
    <ele>26.11</ele>
   </trkpt>
   <trkpt lat="38.97731" lon="-76.98805">
    <ele>27.01</ele>
   </trkpt>
   <trkpt lat="38.977360000000004" lon="-76.98814">
    <ele>27.01</ele>
   </trkpt>
   <trkpt lat="38.97742" lon="-76.98818">
    <ele>28.080000000000002</ele>
   </trkpt>
   <trkpt lat="38.97791" lon="-76.98818">
    <ele>28.110000000000003</ele>
   </trkpt>
   <trkpt lat="38.97798" lon="-76.98822000000001">
    <ele>28.080000000000002</ele>
   </trkpt>
   <trkpt lat="38.978210000000004" lon="-76.98849000000001">
    <ele>28.92</ele>
   </trkpt>
   <trkpt lat="38.97824000000001" lon="-76.98854">
    <ele>28.92</ele>
   </trkpt>
   <trkpt lat="38.97829" lon="-76.98855">
    <ele>29.110000000000003</ele>
   </trkpt>
   <trkpt lat="38.97858" lon="-76.98862000000001">
    <ele>29.27</ele>
   </trkpt>
   <trkpt lat="38.97862000000001" lon="-76.98866000000001">
    <ele>29.27</ele>
   </trkpt>
   <trkpt lat="38.97863" lon="-76.98881">
    <ele>28.830000000000002</ele>
   </trkpt>
   <trkpt lat="38.978570000000005" lon="-76.98904">
    <ele>28.630000000000003</ele>
   </trkpt>
   <trkpt lat="38.978550000000006" lon="-76.98921">
    <ele>28.600000000000005</ele>
   </trkpt>
   <trkpt lat="38.978590000000004" lon="-76.98966">
    <ele>29.210000000000004</ele>
   </trkpt>
   <trkpt lat="38.978680000000004" lon="-76.98975">
    <ele>29.450000000000003</ele>
   </trkpt>
   <trkpt lat="38.97876" lon="-76.98976">
    <ele>29.630000000000003</ele>
   </trkpt>
   <trkpt lat="38.979000000000006" lon="-76.98974000000001">
    <ele>31.380000000000006</ele>
   </trkpt>
   <trkpt lat="38.97905" lon="-76.98974000000001">
    <ele>31.630000000000006</ele>
   </trkpt>
   <trkpt lat="38.97927" lon="-76.99000000000001">
    <ele>32.370000000000005</ele>
   </trkpt>
   <trkpt lat="38.97939" lon="-76.99011">
    <ele>32.82</ele>
   </trkpt>
   <trkpt lat="38.97946" lon="-76.99012">
    <ele>33.010000000000005</ele>
   </trkpt>
   <trkpt lat="38.97961" lon="-76.99011">
    <ele>33.11</ele>
   </trkpt>
   <trkpt lat="38.98019" lon="-76.98966">
    <ele>33.03</ele>
   </trkpt>
   <trkpt lat="38.98022" lon="-76.98961000000001">
    <ele>33.03</ele>
   </trkpt>
   <trkpt lat="38.98055" lon="-76.98936">
    <ele>32.75</ele>
   </trkpt>
   <trkpt lat="38.98078" lon="-76.98987000000001">
    <ele>32.410000000000004</ele>
   </trkpt>
   <trkpt lat="38.98093" lon="-76.99011">
    <ele>32.53</ele>
   </trkpt>
   <trkpt lat="38.981030000000004" lon="-76.99032000000001">
    <ele>32.75</ele>
   </trkpt>
   <trkpt lat="38.98111" lon="-76.9906">
    <ele>32.92</ele>
   </trkpt>
   <trkpt lat="38.98114" lon="-76.99080000000001">
    <ele>33.95</ele>
   </trkpt>
   <trkpt lat="38.98114" lon="-76.99097">
    <ele>33.95</ele>
   </trkpt>
   <trkpt lat="38.98114" lon="-76.99080000000001">
    <ele>33.940000000000005</ele>
   </trkpt>
   <trkpt lat="38.98111" lon="-76.9906">
    <ele>32.92</ele>
   </trkpt>
   <trkpt lat="38.981030000000004" lon="-76.99032000000001">
    <ele>32.75</ele>
   </trkpt>
   <trkpt lat="38.98093" lon="-76.99011">
    <ele>32.53</ele>
   </trkpt>
   <trkpt lat="38.98078" lon="-76.98987000000001">
    <ele>32.410000000000004</ele>
   </trkpt>
   <trkpt lat="38.980650000000004" lon="-76.98958">
    <ele>32.57</ele>
   </trkpt>
   <trkpt lat="38.980540000000005" lon="-76.98967">
    <ele>33.49</ele>
   </trkpt>
   <trkpt lat="38.980850000000004" lon="-76.99006">
    <ele>33.910000000000004</ele>
   </trkpt>
   <trkpt lat="38.981010000000005" lon="-76.99040000000001">
    <ele>34.49</ele>
   </trkpt>
   <trkpt lat="38.98105" lon="-76.99056">
    <ele>35.26</ele>
   </trkpt>
   <trkpt lat="38.98109" lon="-76.99080000000001">
    <ele>35.26</ele>
   </trkpt>
   <trkpt lat="38.98111" lon="-76.99191">
    <ele>36.1</ele>
   </trkpt>
   <trkpt lat="38.98111" lon="-76.99188000000001">
    <ele>36.1</ele>
   </trkpt>
   <trkpt lat="38.98109" lon="-76.9927">
    <ele>36.44</ele>
   </trkpt>
   <trkpt lat="38.981030000000004" lon="-76.99319000000001">
    <ele>36.230000000000004</ele>
   </trkpt>
   <trkpt lat="38.98102" lon="-76.99323000000001">
    <ele>36.230000000000004</ele>
   </trkpt>
   <trkpt lat="38.98089" lon="-76.99408000000001">
    <ele>37.00000000000001</ele>
   </trkpt>
   <trkpt lat="38.9808" lon="-76.99427">
    <ele>37.11000000000001</ele>
   </trkpt>
   <trkpt lat="38.980720000000005" lon="-76.99436">
    <ele>37.11000000000001</ele>
   </trkpt>
   <trkpt lat="38.98057" lon="-76.99445">
    <ele>37.27</ele>
   </trkpt>
   <trkpt lat="38.980030000000006" lon="-76.99457000000001">
    <ele>38.470000000000006</ele>
   </trkpt>
   <trkpt lat="38.979910000000004" lon="-76.99463">
    <ele>38.82</ele>
   </trkpt>
   <trkpt lat="38.979800000000004" lon="-76.99472">
    <ele>38.98</ele>
   </trkpt>
   <trkpt lat="38.97975" lon="-76.99480000000001">
    <ele>39.080000000000005</ele>
   </trkpt>
   <trkpt lat="38.9797" lon="-76.99495">
    <ele>39.120000000000005</ele>
   </trkpt>
   <trkpt lat="38.9797" lon="-76.99517">
    <ele>39.16</ele>
   </trkpt>
   <trkpt lat="38.979780000000005" lon="-76.9953">
    <ele>39.150000000000006</ele>
   </trkpt>
   <trkpt lat="38.980160000000005" lon="-76.9958">
    <ele>38.64</ele>
   </trkpt>
   <trkpt lat="38.980360000000005" lon="-76.99618000000001">
    <ele>38.98</ele>
   </trkpt>
   <trkpt lat="38.98049" lon="-76.99650000000001">
    <ele>40.34</ele>
   </trkpt>
   <trkpt lat="38.980610000000006" lon="-76.99696">
    <ele>40.99</ele>
   </trkpt>
   <trkpt lat="38.981080000000006" lon="-76.99794">
    <ele>41.21</ele>
   </trkpt>
   <trkpt lat="38.98125" lon="-76.99814">
    <ele>41.49</ele>
   </trkpt>
   <trkpt lat="38.98163" lon="-76.99846000000001">
    <ele>42.54</ele>
   </trkpt>
   <trkpt lat="38.982060000000004" lon="-76.99902">
    <ele>42.760000000000005</ele>
   </trkpt>
   <trkpt lat="38.982240000000004" lon="-76.99918000000001">
    <ele>43.18</ele>
   </trkpt>
   <trkpt lat="38.98239" lon="-76.99933">
    <ele>43.49</ele>
   </trkpt>
   <trkpt lat="38.982470000000006" lon="-76.99947">
    <ele>43.97</ele>
   </trkpt>
   <trkpt lat="38.98261" lon="-76.99982">
    <ele>46.12</ele>
   </trkpt>
   <trkpt lat="38.982940000000006" lon="-77.00024">
    <ele>48.39</ele>
   </trkpt>
   <trkpt lat="38.98324" lon="-77.00078">
    <ele>49.2</ele>
   </trkpt>
   <trkpt lat="38.98359000000001" lon="-77.00129000000001">
    <ele>49.220000000000006</ele>
   </trkpt>
   <trkpt lat="38.98371" lon="-77.00152">
    <ele>49.52</ele>
   </trkpt>
   <trkpt lat="38.983830000000005" lon="-77.00195000000001">
    <ele>50.230000000000004</ele>
   </trkpt>
   <trkpt lat="38.983830000000005" lon="-77.00194">
    <ele>50.21</ele>
   </trkpt>
   <trkpt lat="38.98404" lon="-77.00246">
    <ele>51.120000000000005</ele>
   </trkpt>
   <trkpt lat="38.98425" lon="-77.00273">
    <ele>51.39</ele>
   </trkpt>
   <trkpt lat="38.984350000000006" lon="-77.00283">
    <ele>51.35000000000001</ele>
   </trkpt>
   <trkpt lat="38.98498" lon="-77.00318">
    <ele>50.96</ele>
   </trkpt>
   <trkpt lat="38.985220000000005" lon="-77.00337">
    <ele>51.06</ele>
   </trkpt>
   <trkpt lat="38.98548" lon="-77.00374000000001">
    <ele>51.64000000000001</ele>
   </trkpt>
   <trkpt lat="38.985800001918406" lon="-77.00440499705878">
    <ele>52.92</ele>
   </trkpt>
   <trkpt lat="38.98612" lon="-77.00507">
    <ele>54.11000000000001</ele>
   </trkpt>
   <trkpt lat="38.986230000000006" lon="-77.0052">
    <ele>53.96</ele>
   </trkpt>
   <trkpt lat="38.98635" lon="-77.00524">
    <ele>53.96</ele>
   </trkpt>
   <trkpt lat="38.98687" lon="-77.00529">
    <ele>53.44</ele>
   </trkpt>
   <trkpt lat="38.986990000000006" lon="-77.00533">
    <ele>53.68000000000001</ele>
   </trkpt>
   <trkpt lat="38.9872" lon="-77.00543">
    <ele>53.95</ele>
   </trkpt>
   <trkpt lat="38.987350000000006" lon="-77.00552">
    <ele>54.080000000000005</ele>
   </trkpt>
   <trkpt lat="38.98756" lon="-77.00573">
    <ele>54.6</ele>
   </trkpt>
   <trkpt lat="38.98769" lon="-77.00590000000001">
    <ele>55.28</ele>
   </trkpt>
   <trkpt lat="38.9883" lon="-77.00674000000001">
    <ele>64.44000000000001</ele>
   </trkpt>
   <trkpt lat="38.98839" lon="-77.00686">
    <ele>65.45</ele>
   </trkpt>
   <trkpt lat="38.98895" lon="-77.00743">
    <ele>71.34</ele>
   </trkpt>
   <trkpt lat="38.98915" lon="-77.00777000000001">
    <ele>74.46000000000001</ele>
   </trkpt>
   <trkpt lat="38.989250000000006" lon="-77.00799">
    <ele>75.85</ele>
   </trkpt>
   <trkpt lat="38.990050000000004" lon="-77.00833">
    <ele>73.09</ele>
   </trkpt>
   <trkpt lat="38.99013" lon="-77.00839">
    <ele>72.85000000000001</ele>
   </trkpt>
   <trkpt lat="38.99044000000001" lon="-77.00914">
    <ele>78.87</ele>
   </trkpt>
   <trkpt lat="38.990550000000006" lon="-77.00939000000001">
    <ele>80.46000000000001</ele>
   </trkpt>
   <trkpt lat="38.990860000000005" lon="-77.01005">
    <ele>84.28</ele>
   </trkpt>
   <trkpt lat="38.99109" lon="-77.01036">
    <ele>87.71000000000001</ele>
   </trkpt>
   <trkpt lat="38.99121" lon="-77.01047000000001">
    <ele>88.17000000000002</ele>
   </trkpt>
   <trkpt lat="38.99141" lon="-77.01081">
    <ele>90.45</ele>
   </trkpt>
   <trkpt lat="38.991420000000005" lon="-77.01097">
    <ele>92.03</ele>
   </trkpt>
   <trkpt lat="38.99139" lon="-77.01104000000001">
    <ele>92.03</ele>
   </trkpt>
   <trkpt lat="38.991350004016944" lon="-77.01201000051293">
    <ele>94.80000000000001</ele>
   </trkpt>
   <trkpt lat="38.991310000000006" lon="-77.01298000000001">
    <ele>95.85000000000001</ele>
   </trkpt>
   <trkpt lat="38.99124000180589" lon="-77.0136300006171">
    <ele>96.59</ele>
   </trkpt>
   <trkpt lat="38.991170000000004" lon="-77.01428">
    <ele>98.14</ele>
   </trkpt>
   <trkpt lat="38.99103" lon="-77.01530000000001">
    <ele>99.74000000000001</ele>
   </trkpt>
   <trkpt lat="38.990950000000005" lon="-77.01574000000001">
    <ele>99.56</ele>
   </trkpt>
   <trkpt lat="38.9906700049454" lon="-77.01682000439764">
    <ele>99.35000000000001</ele>
   </trkpt>
   <trkpt lat="38.990390000000005" lon="-77.01790000000001">
    <ele>100.76</ele>
   </trkpt>
   <trkpt lat="38.99042" lon="-77.01781000000001">
    <ele>100.65</ele>
   </trkpt>
   <trkpt lat="38.99028500143459" lon="-77.01838500099626">
    <ele>101.4</ele>
   </trkpt>
   <trkpt lat="38.99015" lon="-77.01896">
    <ele>102.08</ele>
   </trkpt>
   <trkpt lat="38.99011" lon="-77.01933000000001">
    <ele>102.65</ele>
   </trkpt>
   <trkpt lat="38.99012333964452" lon="-77.02018999957734">
    <ele>103.63000000000001</ele>
   </trkpt>
   <trkpt lat="38.99013667297633" lon="-77.02104999947875">
    <ele>104.48</ele>
   </trkpt>
   <trkpt lat="38.99015" lon="-77.02191">
    <ele>105.34</ele>
   </trkpt>
   <trkpt lat="38.99017501306046" lon="-77.02291999893491">
    <ele>106.54</ele>
   </trkpt>
   <trkpt lat="38.99020001741403" lon="-77.02392999858354">
    <ele>106.68</ele>
   </trkpt>
   <trkpt lat="38.99022501306073" lon="-77.02493999894565">
    <ele>106.71000000000001</ele>
   </trkpt>
   <trkpt lat="38.99025" lon="-77.02595000000001">
    <ele>104.89000000000001</ele>
   </trkpt>
   <trkpt lat="38.990280000000006" lon="-77.02672000000001">
    <ele>102.65</ele>
   </trkpt>
   <trkpt lat="38.989547500023846" lon="-77.02672750023262">
    <ele>98.86</ele>
   </trkpt>
   <trkpt lat="38.98881500004722" lon="-77.02673500031">
    <ele>99.21000000000001</ele>
   </trkpt>
   <trkpt lat="38.98808250007011" lon="-77.02674250023215">
    <ele>104.70000000000002</ele>
   </trkpt>
   <trkpt lat="38.987350000000006" lon="-77.02675">
    <ele>106.74000000000001</ele>
   </trkpt>
   <trkpt lat="38.987350000000006" lon="-77.02678">
    <ele>106.7</ele>
   </trkpt>
   <trkpt lat="38.98729500219518" lon="-77.0274950003802">
    <ele>105.98</ele>
   </trkpt>
   <trkpt lat="38.98724" lon="-77.02821">
    <ele>103.97</ele>
   </trkpt>
   <trkpt lat="38.98724" lon="-77.02822">
    <ele>103.93</ele>
   </trkpt>
   <trkpt lat="38.987170000000006" lon="-77.0292">
    <ele>100.85000000000001</ele>
   </trkpt>
   <trkpt lat="38.98713" lon="-77.02934">
    <ele>100.60000000000001</ele>
   </trkpt>
   <trkpt lat="38.987080000000006" lon="-77.02946">
    <ele>100.60000000000001</ele>
   </trkpt>
   <trkpt lat="38.98693" lon="-77.02965">
    <ele>99.65</ele>
   </trkpt>
   <trkpt lat="38.98684" lon="-77.02968000000001">
    <ele>99.45</ele>
   </trkpt>
   <trkpt lat="38.98653" lon="-77.02968000000001">
    <ele>98.73</ele>
   </trkpt>
   <trkpt lat="38.98653" lon="-77.03027">
    <ele>96.78</ele>
   </trkpt>
   <trkpt lat="38.98648" lon="-77.03058">
    <ele>94.93</ele>
   </trkpt>
   <trkpt lat="38.98648" lon="-77.03061000000001">
    <ele>94.80000000000001</ele>
   </trkpt>
   <trkpt lat="38.986290000000004" lon="-77.03116">
    <ele>91.14000000000001</ele>
   </trkpt>
   <trkpt lat="38.986270000000005" lon="-77.03129000000001">
    <ele>91.14000000000001</ele>
   </trkpt>
   <trkpt lat="38.98628" lon="-77.03143">
    <ele>91.14000000000001</ele>
   </trkpt>
   <trkpt lat="38.98643500149973" lon="-77.03203499843208">
    <ele>86.17</ele>
   </trkpt>
   <trkpt lat="38.98659000000001" lon="-77.03264">
    <ele>82.49000000000001</ele>
   </trkpt>
   <trkpt lat="38.9866" lon="-77.03283">
    <ele>82.49000000000001</ele>
   </trkpt>
   <trkpt lat="38.98657" lon="-77.03331">
    <ele>79.94000000000001</ele>
   </trkpt>
   <trkpt lat="38.98664" lon="-77.03334000000001">
    <ele>80.66000000000001</ele>
   </trkpt>
   <trkpt lat="38.98666" lon="-77.0334">
    <ele>80.66000000000001</ele>
   </trkpt>
   <trkpt lat="38.98662" lon="-77.03365000000001">
    <ele>77.80000000000001</ele>
   </trkpt>
   <trkpt lat="38.98669" lon="-77.03399">
    <ele>76.21</ele>
   </trkpt>
   <trkpt lat="38.986810000000006" lon="-77.03443">
    <ele>73.91</ele>
   </trkpt>
   <trkpt lat="38.987080000000006" lon="-77.03508000000001">
    <ele>72.58</ele>
   </trkpt>
   <trkpt lat="38.987260000000006" lon="-77.03549000000001">
    <ele>72.07000000000001</ele>
   </trkpt>
   <trkpt lat="38.98736" lon="-77.03580000000001">
    <ele>71.86</ele>
   </trkpt>
   <trkpt lat="38.9874" lon="-77.03638000000001">
    <ele>71.32000000000001</ele>
   </trkpt>
   <trkpt lat="38.987370000000006" lon="-77.03703">
    <ele>70.69</ele>
   </trkpt>
   <trkpt lat="38.987300000000005" lon="-77.03739">
    <ele>70.46000000000001</ele>
   </trkpt>
   <trkpt lat="38.987030000000004" lon="-77.03832000000001">
    <ele>69.48</ele>
   </trkpt>
   <trkpt lat="38.986940000000004" lon="-77.03847">
    <ele>68.99000000000001</ele>
   </trkpt>
   <trkpt lat="38.986790000000006" lon="-77.03873">
    <ele>67.72</ele>
   </trkpt>
   <trkpt lat="38.986520000000006" lon="-77.03895">
    <ele>65.5</ele>
   </trkpt>
   <trkpt lat="38.9864" lon="-77.039">
    <ele>64.55000000000001</ele>
   </trkpt>
   <trkpt lat="38.98617" lon="-77.03904">
    <ele>63.050000000000004</ele>
   </trkpt>
   <trkpt lat="38.986090000000004" lon="-77.03904">
    <ele>62.85</ele>
   </trkpt>
   <trkpt lat="38.98603000000001" lon="-77.0394">
    <ele>62.150000000000006</ele>
   </trkpt>
   <trkpt lat="38.985710000000005" lon="-77.04020000000001">
    <ele>60.58</ele>
   </trkpt>
   <trkpt lat="38.9857" lon="-77.04043">
    <ele>60.13</ele>
   </trkpt>
   <trkpt lat="38.98575" lon="-77.04067">
    <ele>59.980000000000004</ele>
   </trkpt>
   <trkpt lat="38.98593" lon="-77.04112">
    <ele>59.46000000000001</ele>
   </trkpt>
   <trkpt lat="38.98606" lon="-77.04138">
    <ele>59.2</ele>
   </trkpt>
   <trkpt lat="38.98606" lon="-77.04137">
    <ele>59.2</ele>
   </trkpt>
   <trkpt lat="38.986520000000006" lon="-77.04199000000001">
    <ele>58.59</ele>
   </trkpt>
   <trkpt lat="38.986320000000006" lon="-77.04267">
    <ele>58.38</ele>
   </trkpt>
   <trkpt lat="38.98602" lon="-77.04267">
    <ele>57.870000000000005</ele>
   </trkpt>
   <trkpt lat="38.985460000047176" lon="-77.04274000055047">
    <ele>57.56</ele>
   </trkpt>
   <trkpt lat="38.9849" lon="-77.04281">
    <ele>56.830000000000005</ele>
   </trkpt>
   <trkpt lat="38.984550000000006" lon="-77.04283000000001">
    <ele>56.650000000000006</ele>
   </trkpt>
   <trkpt lat="38.984590000000004" lon="-77.04283000000001">
    <ele>56.67</ele>
   </trkpt>
   <trkpt lat="38.983920000000005" lon="-77.04287000000001">
    <ele>56.760000000000005</ele>
   </trkpt>
   <trkpt lat="38.98386" lon="-77.0429">
    <ele>56.68</ele>
   </trkpt>
   <trkpt lat="38.983790000000006" lon="-77.04299">
    <ele>56.370000000000005</ele>
   </trkpt>
   <trkpt lat="38.983760000000004" lon="-77.04307">
    <ele>56.370000000000005</ele>
   </trkpt>
   <trkpt lat="38.98378" lon="-77.04360000000001">
    <ele>54.760000000000005</ele>
   </trkpt>
   <trkpt lat="38.98371" lon="-77.04456">
    <ele>53.790000000000006</ele>
   </trkpt>
   <trkpt lat="38.983740000000004" lon="-77.04486">
    <ele>53.910000000000004</ele>
   </trkpt>
   <trkpt lat="38.98378" lon="-77.04505">
    <ele>53.910000000000004</ele>
   </trkpt>
   <trkpt lat="38.98398" lon="-77.04593000000001">
    <ele>53.88</ele>
   </trkpt>
   <trkpt lat="38.984140000000004" lon="-77.04634">
    <ele>53.92</ele>
   </trkpt>
   <trkpt lat="38.98458500222538" lon="-77.04705999549536">
    <ele>54.32000000000001</ele>
   </trkpt>
   <trkpt lat="38.98503" lon="-77.04778">
    <ele>54.040000000000006</ele>
   </trkpt>
   <trkpt lat="38.985110000000006" lon="-77.04795">
    <ele>53.83</ele>
   </trkpt>
   <trkpt lat="38.98519" lon="-77.04818">
    <ele>53.74</ele>
   </trkpt>
   <trkpt lat="38.985240000000005" lon="-77.04853">
    <ele>53.76</ele>
   </trkpt>
   <trkpt lat="38.98527000262577" lon="-77.04931499956314">
    <ele>54.040000000000006</ele>
   </trkpt>
   <trkpt lat="38.9853" lon="-77.0501">
    <ele>53.78</ele>
   </trkpt>
   <trkpt lat="38.985350000000004" lon="-77.05045000000001">
    <ele>53.65</ele>
   </trkpt>
   <trkpt lat="38.9855" lon="-77.05077">
    <ele>53.44</ele>
   </trkpt>
   <trkpt lat="38.98583" lon="-77.05131">
    <ele>53.6</ele>
   </trkpt>
   <trkpt lat="38.98597" lon="-77.05167">
    <ele>54.2</ele>
   </trkpt>
   <trkpt lat="38.98611500185731" lon="-77.05232999864072">
    <ele>55.74</ele>
   </trkpt>
   <trkpt lat="38.98626" lon="-77.05299000000001">
    <ele>56.95</ele>
   </trkpt>
   <trkpt lat="38.98602" lon="-77.05191">
    <ele>54.580000000000005</ele>
   </trkpt>
   <trkpt lat="38.9861700018372" lon="-77.05257499836915">
    <ele>55.74</ele>
   </trkpt>
   <trkpt lat="38.986320000000006" lon="-77.05324">
    <ele>56.84</ele>
   </trkpt>
   <trkpt lat="38.98642" lon="-77.05382">
    <ele>56.690000000000005</ele>
   </trkpt>
   <trkpt lat="38.98647000171747" lon="-77.05444999985335">
    <ele>55.50000000000001</ele>
   </trkpt>
   <trkpt lat="38.986520000000006" lon="-77.05508">
    <ele>54.720000000000006</ele>
   </trkpt>
   <trkpt lat="38.98651" lon="-77.05552">
    <ele>54.13</ele>
   </trkpt>
   <trkpt lat="38.98644" lon="-77.05592">
    <ele>54.28</ele>
   </trkpt>
   <trkpt lat="38.98626000129837" lon="-77.0564700013758">
    <ele>55.43000000000001</ele>
   </trkpt>
   <trkpt lat="38.98608" lon="-77.05702000000001">
    <ele>55.510000000000005</ele>
   </trkpt>
   <trkpt lat="38.985890000000005" lon="-77.05754">
    <ele>54.75000000000001</ele>
   </trkpt>
   <trkpt lat="38.9857300013762" lon="-77.05812000152622">
    <ele>54.38</ele>
   </trkpt>
   <trkpt lat="38.98557" lon="-77.0587">
    <ele>56.050000000000004</ele>
   </trkpt>
   <trkpt lat="38.98545" lon="-77.05902">
    <ele>56.050000000000004</ele>
   </trkpt>
   <trkpt lat="38.985440000000004" lon="-77.05905000000001">
    <ele>56.1</ele>
   </trkpt>
   <trkpt lat="38.985110000000006" lon="-77.05973">
    <ele>57.13</ele>
   </trkpt>
   <trkpt lat="38.98501" lon="-77.06009">
    <ele>57.650000000000006</ele>
   </trkpt>
   <trkpt lat="38.98499" lon="-77.06026">
    <ele>57.650000000000006</ele>
   </trkpt>
   <trkpt lat="38.98499" lon="-77.06057000000001">
    <ele>57.96</ele>
   </trkpt>
   <trkpt lat="38.985060000000004" lon="-77.06094">
    <ele>58.03</ele>
   </trkpt>
   <trkpt lat="38.98516" lon="-77.0612">
    <ele>57.71</ele>
   </trkpt>
   <trkpt lat="38.985380000000006" lon="-77.06152">
    <ele>56.78</ele>
   </trkpt>
   <trkpt lat="38.98595500087426" lon="-77.06197999624061">
    <ele>55.68000000000001</ele>
   </trkpt>
   <trkpt lat="38.98653" lon="-77.06244000000001">
    <ele>55.440000000000005</ele>
   </trkpt>
   <trkpt lat="38.987" lon="-77.06295">
    <ele>56.800000000000004</ele>
   </trkpt>
   <trkpt lat="38.987140000000004" lon="-77.06305">
    <ele>56.900000000000006</ele>
   </trkpt>
   <trkpt lat="38.987460000000006" lon="-77.06321000000001">
    <ele>56.75</ele>
   </trkpt>
   <trkpt lat="38.98762" lon="-77.06322">
    <ele>56.43000000000001</ele>
   </trkpt>
   <trkpt lat="38.98783" lon="-77.06321000000001">
    <ele>56.300000000000004</ele>
   </trkpt>
   <trkpt lat="38.9878" lon="-77.06322">
    <ele>56.32</ele>
   </trkpt>
   <trkpt lat="38.987930000000006" lon="-77.06318">
    <ele>56.27</ele>
   </trkpt>
   <trkpt lat="38.987880000000004" lon="-77.06335">
    <ele>56.550000000000004</ele>
   </trkpt>
   <trkpt lat="38.98753500145074" lon="-77.06393500286774">
    <ele>58.43</ele>
   </trkpt>
   <trkpt lat="38.987190000000005" lon="-77.06452">
    <ele>63.74</ele>
   </trkpt>
   <trkpt lat="38.98709" lon="-77.06474">
    <ele>64.78</ele>
   </trkpt>
   <trkpt lat="38.98692000204422" lon="-77.06543500173905">
    <ele>67.58</ele>
   </trkpt>
   <trkpt lat="38.98675" lon="-77.06613">
    <ele>69.63000000000001</ele>
   </trkpt>
   <trkpt lat="38.98669" lon="-77.06632">
    <ele>70.21000000000001</ele>
   </trkpt>
   <trkpt lat="38.98669" lon="-77.06633000000001">
    <ele>70.24000000000001</ele>
   </trkpt>
   <trkpt lat="38.98648" lon="-77.06698">
    <ele>72.28000000000002</ele>
   </trkpt>
   <trkpt lat="38.9863" lon="-77.06746000000001">
    <ele>73.23</ele>
   </trkpt>
   <trkpt lat="38.98595" lon="-77.06823">
    <ele>74.76</ele>
   </trkpt>
   <trkpt lat="38.985960000000006" lon="-77.06823">
    <ele>74.79</ele>
   </trkpt>
   <trkpt lat="38.98613" lon="-77.06851">
    <ele>76.47000000000001</ele>
   </trkpt>
   <trkpt lat="38.98626" lon="-77.06887">
    <ele>78.39</ele>
   </trkpt>
   <trkpt lat="38.98631" lon="-77.06908">
    <ele>79.49000000000001</ele>
   </trkpt>
   <trkpt lat="38.98635000185261" lon="-77.0697349999857">
    <ele>85.28</ele>
   </trkpt>
   <trkpt lat="38.98639" lon="-77.07039">
    <ele>88.19</ele>
   </trkpt>
   <trkpt lat="38.98648" lon="-77.07115">
    <ele>95.07</ele>
   </trkpt>
   <trkpt lat="38.98653" lon="-77.07137">
    <ele>96.04</ele>
   </trkpt>
   <trkpt lat="38.986610000000006" lon="-77.07155">
    <ele>96.46000000000001</ele>
   </trkpt>
   <trkpt lat="38.986740000000005" lon="-77.07171000000001">
    <ele>96.5</ele>
   </trkpt>
   <trkpt lat="38.986760000000004" lon="-77.0719">
    <ele>96.26</ele>
   </trkpt>
   <trkpt lat="38.986760000000004" lon="-77.07233000000001">
    <ele>95.31</ele>
   </trkpt>
   <trkpt lat="38.986765003156286" lon="-77.07318999994048">
    <ele>93.27000000000001</ele>
   </trkpt>
   <trkpt lat="38.98677" lon="-77.07405">
    <ele>88.65</ele>
   </trkpt>
   <trkpt lat="38.98675" lon="-77.07423">
    <ele>87.51</ele>
   </trkpt>
   <trkpt lat="38.986670000000004" lon="-77.07462000000001">
    <ele>86.57000000000001</ele>
   </trkpt>
   <trkpt lat="38.98653" lon="-77.07499">
    <ele>87.79</ele>
   </trkpt>
   <trkpt lat="38.9861966704027" lon="-77.07564667274136">
    <ele>90.04</ele>
   </trkpt>
   <trkpt lat="38.98586333712493" lon="-77.07630333929849">
    <ele>94.14</ele>
   </trkpt>
   <trkpt lat="38.985530000000004" lon="-77.07696">
    <ele>97.82000000000001</ele>
   </trkpt>
   <trkpt lat="38.985440000000004" lon="-77.07732">
    <ele>97.63000000000001</ele>
   </trkpt>
   <trkpt lat="38.98543500365171" lon="-77.07824500000655">
    <ele>94.38000000000001</ele>
   </trkpt>
   <trkpt lat="38.98543" lon="-77.07917">
    <ele>90.84</ele>
   </trkpt>
   <trkpt lat="38.98556000000001" lon="-77.07931">
    <ele>90.33000000000001</ele>
   </trkpt>
   <trkpt lat="38.985710000000005" lon="-77.07983">
    <ele>90.36000000000001</ele>
   </trkpt>
   <trkpt lat="38.985710000000005" lon="-77.07995000000001">
    <ele>90.77</ele>
   </trkpt>
   <trkpt lat="38.985730000000004" lon="-77.0801">
    <ele>91.37</ele>
   </trkpt>
   <trkpt lat="38.98568667442218" lon="-77.08105333453366">
    <ele>97.68</ele>
   </trkpt>
   <trkpt lat="38.98564334108733" lon="-77.08200666790026">
    <ele>97.11</ele>
   </trkpt>
   <trkpt lat="38.985600000000005" lon="-77.08296">
    <ele>89.52</ele>
   </trkpt>
   <trkpt lat="38.98556000000001" lon="-77.08315">
    <ele>88.76</ele>
   </trkpt>
   <trkpt lat="38.98548" lon="-77.08337">
    <ele>87.48</ele>
   </trkpt>
   <trkpt lat="38.98525" lon="-77.08363">
    <ele>84.60000000000001</ele>
   </trkpt>
   <trkpt lat="38.98512" lon="-77.08376000000001">
    <ele>84.15</ele>
   </trkpt>
   <trkpt lat="38.98489" lon="-77.08408">
    <ele>84.34</ele>
   </trkpt>
   <trkpt lat="38.984660000000005" lon="-77.08422">
    <ele>84.67</ele>
   </trkpt>
   <trkpt lat="38.984260000000006" lon="-77.08453">
    <ele>86.20000000000002</ele>
   </trkpt>
   <trkpt lat="38.984120000000004" lon="-77.08467">
    <ele>86.20000000000002</ele>
   </trkpt>
   <trkpt lat="38.983720000000005" lon="-77.08514000000001">
    <ele>87.98</ele>
   </trkpt>
   <trkpt lat="38.98373" lon="-77.08512">
    <ele>87.93</ele>
   </trkpt>
   <trkpt lat="38.98348" lon="-77.08543">
    <ele>89.25000000000001</ele>
   </trkpt>
   <trkpt lat="38.98337" lon="-77.08566">
    <ele>91.21000000000001</ele>
   </trkpt>
   <trkpt lat="38.983250000000005" lon="-77.08600000000001">
    <ele>92.48</ele>
   </trkpt>
   <trkpt lat="38.983180000000004" lon="-77.08614">
    <ele>93.2</ele>
   </trkpt>
   <trkpt lat="38.98308" lon="-77.08628">
    <ele>93.72000000000001</ele>
   </trkpt>
   <trkpt lat="38.98288" lon="-77.08643000000001">
    <ele>95.65</ele>
   </trkpt>
   <trkpt lat="38.982800000000005" lon="-77.08648000000001">
    <ele>95.89</ele>
   </trkpt>
   <trkpt lat="38.98277" lon="-77.08655">
    <ele>96.05000000000001</ele>
   </trkpt>
   <trkpt lat="38.98281" lon="-77.08662000000001">
    <ele>96.17</ele>
   </trkpt>
   <trkpt lat="38.98302" lon="-77.08683">
    <ele>96.67</ele>
   </trkpt>
   <trkpt lat="38.982910000000004" lon="-77.08704">
    <ele>97.15</ele>
   </trkpt>
   <trkpt lat="38.982800000000005" lon="-77.08718">
    <ele>97.5</ele>
   </trkpt>
   <trkpt lat="38.98252" lon="-77.08770000000001">
    <ele>99.12</ele>
   </trkpt>
   <trkpt lat="38.982330000000005" lon="-77.08756000000001">
    <ele>98.47</ele>
   </trkpt>
   <trkpt lat="38.9819" lon="-77.08842">
    <ele>102.15</ele>
   </trkpt>
   <trkpt lat="38.981860000000005" lon="-77.08854000000001">
    <ele>102.24000000000001</ele>
   </trkpt>
   <trkpt lat="38.981840000000005" lon="-77.0887">
    <ele>102.57000000000001</ele>
   </trkpt>
   <trkpt lat="38.981840000000005" lon="-77.08872000000001">
    <ele>102.63000000000001</ele>
   </trkpt>
   <trkpt lat="38.98172000511358" lon="-77.08981500188453">
    <ele>104.8</ele>
   </trkpt>
   <trkpt lat="38.9816" lon="-77.09091000000001">
    <ele>107.02</ele>
   </trkpt>
   <trkpt lat="38.98154" lon="-77.0916">
    <ele>106.39000000000001</ele>
   </trkpt>
   <trkpt lat="38.98147" lon="-77.09201">
    <ele>106.15</ele>
   </trkpt>
   <trkpt lat="38.98122" lon="-77.09282">
    <ele>105.21000000000001</ele>
   </trkpt>
   <trkpt lat="38.98107" lon="-77.09274">
    <ele>105.2</ele>
   </trkpt>
   <trkpt lat="38.981040002869946" lon="-77.0935600003322">
    <ele>102.65</ele>
   </trkpt>
   <trkpt lat="38.981010000000005" lon="-77.09438">
    <ele>99.85000000000001</ele>
   </trkpt>
   <trkpt lat="38.981" lon="-77.09442">
    <ele>99.79</ele>
   </trkpt>
   <trkpt lat="38.980970000000006" lon="-77.0952">
    <ele>98.96000000000001</ele>
   </trkpt>
   <trkpt lat="38.980920000000005" lon="-77.09528">
    <ele>98.45</ele>
   </trkpt>
   <trkpt lat="38.98091" lon="-77.09567000000001">
    <ele>98.34</ele>
   </trkpt>
   <trkpt lat="38.98089" lon="-77.09569">
    <ele>98.34</ele>
   </trkpt>
   <trkpt lat="38.98017" lon="-77.09625000000001">
    <ele>97.14</ele>
   </trkpt>
   <trkpt lat="38.97961" lon="-77.09675">
    <ele>95.91000000000001</ele>
   </trkpt>
   <trkpt lat="38.979440000000004" lon="-77.09687000000001">
    <ele>95.65</ele>
   </trkpt>
   <trkpt lat="38.97943" lon="-77.09687000000001">
    <ele>95.65</ele>
   </trkpt>
   <trkpt lat="38.978770000000004" lon="-77.09735">
    <ele>94.2</ele>
   </trkpt>
   <trkpt lat="38.978090002283565" lon="-77.09787001000576">
    <ele>93.19000000000001</ele>
   </trkpt>
   <trkpt lat="38.97741000225935" lon="-77.09839001002415">
    <ele>92.75000000000001</ele>
   </trkpt>
   <trkpt lat="38.97673" lon="-77.09891">
    <ele>91.06</ele>
   </trkpt>
   <trkpt lat="38.97673" lon="-77.09892">
    <ele>91.04</ele>
   </trkpt>
   <trkpt lat="38.976016669322014" lon="-77.09947667787307">
    <ele>89.24000000000001</ele>
   </trkpt>
   <trkpt lat="38.975303335999364" lon="-77.10003334453123">
    <ele>88.79</ele>
   </trkpt>
   <trkpt lat="38.974590000000006" lon="-77.10059000000001">
    <ele>87.73</ele>
   </trkpt>
   <trkpt lat="38.97401" lon="-77.10100000000001">
    <ele>87.08</ele>
   </trkpt>
   <trkpt lat="38.97372" lon="-77.10113000000001">
    <ele>86.77000000000001</ele>
   </trkpt>
   <trkpt lat="38.97361" lon="-77.10118">
    <ele>86.77000000000001</ele>
   </trkpt>
   <trkpt lat="38.973530000000004" lon="-77.10113000000001">
    <ele>86.47</ele>
   </trkpt>
   <trkpt lat="38.97348" lon="-77.10112000000001">
    <ele>86.47</ele>
   </trkpt>
   <trkpt lat="38.97334" lon="-77.10135000000001">
    <ele>86.3</ele>
   </trkpt>
   <trkpt lat="38.97249" lon="-77.1016">
    <ele>84.7</ele>
   </trkpt>
   <trkpt lat="38.97181333358386" lon="-77.10176666984799">
    <ele>84.08</ele>
   </trkpt>
   <trkpt lat="38.971136666930654" lon="-77.10193333651131">
    <ele>83.11</ele>
   </trkpt>
   <trkpt lat="38.97046" lon="-77.10210000000001">
    <ele>82.04</ele>
   </trkpt>
   <trkpt lat="38.97045000000001" lon="-77.10210000000001">
    <ele>82.04</ele>
   </trkpt>
   <trkpt lat="38.96966833417154" lon="-77.1022966775149">
    <ele>81.06</ele>
   </trkpt>
   <trkpt lat="38.96888666801294" lon="-77.1024933506889">
    <ele>79.89</ele>
   </trkpt>
   <trkpt lat="38.96810500152427" lon="-77.10269001952224">
    <ele>78.85000000000001</ele>
   </trkpt>
   <trkpt lat="38.96732333470552" lon="-77.10288668401513">
    <ele>77.25000000000001</ele>
   </trkpt>
   <trkpt lat="38.96654166755669" lon="-77.10308334416779">
    <ele>76.35</ele>
   </trkpt>
   <trkpt lat="38.96576" lon="-77.10328000000001">
    <ele>75.46</ele>
   </trkpt>
   <trkpt lat="38.965025000250066" lon="-77.10346000184013">
    <ele>77.73</ele>
   </trkpt>
   <trkpt lat="38.964290000000005" lon="-77.10364000000001">
    <ele>77.72000000000001</ele>
   </trkpt>
   <trkpt lat="38.96363000016984" lon="-77.10379500142818">
    <ele>73.95</ele>
   </trkpt>
   <trkpt lat="38.962970000000006" lon="-77.10395000000001">
    <ele>70.75</ele>
   </trkpt>
   <trkpt lat="38.96222" lon="-77.10414">
    <ele>69.79</ele>
   </trkpt>
   <trkpt lat="38.96184" lon="-77.10431000000001">
    <ele>69.4</ele>
   </trkpt>
   <trkpt lat="38.9615" lon="-77.10454">
    <ele>69.13000000000001</ele>
   </trkpt>
   <trkpt lat="38.961130000000004" lon="-77.10481">
    <ele>68.66</ele>
   </trkpt>
   <trkpt lat="38.960820000000005" lon="-77.10517">
    <ele>68.27000000000001</ele>
   </trkpt>
   <trkpt lat="38.96042500124144" lon="-77.10573000325884">
    <ele>67.5</ele>
   </trkpt>
   <trkpt lat="38.96003" lon="-77.10629">
    <ele>66.21000000000001</ele>
   </trkpt>
   <trkpt lat="38.96002" lon="-77.1063">
    <ele>66.2</ele>
   </trkpt>
   <trkpt lat="38.95965500114297" lon="-77.1068150026369">
    <ele>65.55000000000001</ele>
   </trkpt>
   <trkpt lat="38.95929" lon="-77.10733">
    <ele>64.99000000000001</ele>
   </trkpt>
   <trkpt lat="38.95893" lon="-77.10780000000001">
    <ele>64.59</ele>
   </trkpt>
   <trkpt lat="38.958470000000005" lon="-77.10822">
    <ele>63.33000000000001</ele>
   </trkpt>
   <trkpt lat="38.957771258083895" lon="-77.10874003588647">
    <ele>62.49</ele>
   </trkpt>
   <trkpt lat="38.95707251386009" lon="-77.10926006151716">
    <ele>61.190000000000005</ele>
   </trkpt>
   <trkpt lat="38.956373767328735" lon="-77.1097800768925">
    <ele>60.14000000000001</ele>
   </trkpt>
   <trkpt lat="38.95567501848992" lon="-77.11030008201293">
    <ele>58.45</ele>
   </trkpt>
   <trkpt lat="38.954976267343746" lon="-77.11082007687884">
    <ele>57.35</ele>
   </trkpt>
   <trkpt lat="38.954277513890304" lon="-77.11134006149067">
    <ele>56.260000000000005</ele>
   </trkpt>
   <trkpt lat="38.953578758129716" lon="-77.11186003584886">
    <ele>55.17</ele>
   </trkpt>
   <trkpt lat="38.95288" lon="-77.11238">
    <ele>54.400000000000006</ele>
   </trkpt>
   <trkpt lat="38.95235" lon="-77.11268000000001">
    <ele>54.080000000000005</ele>
   </trkpt>
   <trkpt lat="38.95214" lon="-77.11277000000001">
    <ele>53.470000000000006</ele>
   </trkpt>
   <trkpt lat="38.951690000000006" lon="-77.11287">
    <ele>52.730000000000004</ele>
   </trkpt>
   <trkpt lat="38.95095000011249" lon="-77.11291000041192">
    <ele>52.18</ele>
   </trkpt>
   <trkpt lat="38.950210000000006" lon="-77.11295000000001">
    <ele>51.410000000000004</ele>
   </trkpt>
   <trkpt lat="38.94959" lon="-77.113">
    <ele>51.330000000000005</ele>
   </trkpt>
   <trkpt lat="38.94937" lon="-77.11304000000001">
    <ele>51.21000000000001</ele>
   </trkpt>
   <trkpt lat="38.94917" lon="-77.11309">
    <ele>51.21000000000001</ele>
   </trkpt>
   <trkpt lat="38.94896000000001" lon="-77.11318">
    <ele>51.39</ele>
   </trkpt>
   <trkpt lat="38.948750000000004" lon="-77.11327">
    <ele>51.58</ele>
   </trkpt>
   <trkpt lat="38.94838" lon="-77.11358000000001">
    <ele>51.800000000000004</ele>
   </trkpt>
   <trkpt lat="38.948150000000005" lon="-77.11381">
    <ele>52.09</ele>
   </trkpt>
   <trkpt lat="38.94798" lon="-77.11407000000001">
    <ele>52.25000000000001</ele>
   </trkpt>
   <trkpt lat="38.94762500141373" lon="-77.11465000293968">
    <ele>52.660000000000004</ele>
   </trkpt>
   <trkpt lat="38.94727" lon="-77.11523000000001">
    <ele>52.82000000000001</ele>
   </trkpt>
   <trkpt lat="38.947100000000006" lon="-77.11542">
    <ele>52.980000000000004</ele>
   </trkpt>
   <trkpt lat="38.946870000000004" lon="-77.11564000000001">
    <ele>53.07000000000001</ele>
   </trkpt>
   <trkpt lat="38.946560000000005" lon="-77.11587">
    <ele>53.15</ele>
   </trkpt>
   <trkpt lat="38.946310000000004" lon="-77.116">
    <ele>53.36000000000001</ele>
   </trkpt>
   <trkpt lat="38.94603" lon="-77.1161">
    <ele>53.18000000000001</ele>
   </trkpt>
   <trkpt lat="38.94559" lon="-77.11614">
    <ele>52.81</ele>
   </trkpt>
   <trkpt lat="38.945370000000004" lon="-77.11614">
    <ele>52.54</ele>
   </trkpt>
   <trkpt lat="38.94487" lon="-77.11604000000001">
    <ele>51.910000000000004</ele>
   </trkpt>
   <trkpt lat="38.94483" lon="-77.11603000000001">
    <ele>51.86</ele>
   </trkpt>
   <trkpt lat="38.94415500022164" lon="-77.1158949961417">
    <ele>51.010000000000005</ele>
   </trkpt>
   <trkpt lat="38.94348000028776" lon="-77.11575999485412">
    <ele>49.96</ele>
   </trkpt>
   <trkpt lat="38.94280500019839" lon="-77.11562499613717">
    <ele>48.96</ele>
   </trkpt>
   <trkpt lat="38.942130000000006" lon="-77.11549000000001">
    <ele>47.45</ele>
   </trkpt>
   <trkpt lat="38.9414750001556" lon="-77.11536499886222">
    <ele>45.85</ele>
   </trkpt>
   <trkpt lat="38.94082" lon="-77.11524">
    <ele>44.36</ele>
   </trkpt>
   <trkpt lat="38.940580000000004" lon="-77.1152">
    <ele>43.78000000000001</ele>
   </trkpt>
   <trkpt lat="38.94026" lon="-77.11519000000001">
    <ele>43.190000000000005</ele>
   </trkpt>
   <trkpt lat="38.94004" lon="-77.1152">
    <ele>43.190000000000005</ele>
   </trkpt>
   <trkpt lat="38.939840000000004" lon="-77.11523000000001">
    <ele>43.75</ele>
   </trkpt>
   <trkpt lat="38.939460000000004" lon="-77.11533">
    <ele>45.540000000000006</ele>
   </trkpt>
   <trkpt lat="38.93912" lon="-77.11551">
    <ele>45.34</ele>
   </trkpt>
   <trkpt lat="38.93854" lon="-77.11585000000001">
    <ele>42.02</ele>
   </trkpt>
   <trkpt lat="38.938550000000006" lon="-77.11584">
    <ele>42.02</ele>
   </trkpt>
   <trkpt lat="38.938050000000004" lon="-77.11605">
    <ele>40.300000000000004</ele>
   </trkpt>
   <trkpt lat="38.937960000000004" lon="-77.11605">
    <ele>40.300000000000004</ele>
   </trkpt>
   <trkpt lat="38.937540000000006" lon="-77.11604000000001">
    <ele>39.82</ele>
   </trkpt>
   <trkpt lat="38.937110000000004" lon="-77.11587">
    <ele>39.1</ele>
   </trkpt>
   <trkpt lat="38.93681" lon="-77.11565">
    <ele>38.78</ele>
   </trkpt>
   <trkpt lat="38.9365" lon="-77.11531000000001">
    <ele>38.00000000000001</ele>
   </trkpt>
   <trkpt lat="38.93614" lon="-77.11497">
    <ele>37.64</ele>
   </trkpt>
   <trkpt lat="38.93591" lon="-77.11479">
    <ele>37.36000000000001</ele>
   </trkpt>
   <trkpt lat="38.93562" lon="-77.11466">
    <ele>36.84</ele>
   </trkpt>
   <trkpt lat="38.934920000000005" lon="-77.11435">
    <ele>35.34</ele>
   </trkpt>
   <trkpt lat="38.93473" lon="-77.11425000000001">
    <ele>35.34</ele>
   </trkpt>
   <trkpt lat="38.934490000000004" lon="-77.11404">
    <ele>34.510000000000005</ele>
   </trkpt>
   <trkpt lat="38.93424" lon="-77.11381">
    <ele>34.11</ele>
   </trkpt>
   <trkpt lat="38.93369000114327" lon="-77.11327499577547">
    <ele>33.330000000000005</ele>
   </trkpt>
   <trkpt lat="38.93314" lon="-77.11274">
    <ele>32.010000000000005</ele>
   </trkpt>
   <trkpt lat="38.93291" lon="-77.11259000000001">
    <ele>31.3</ele>
   </trkpt>
   <trkpt lat="38.93251" lon="-77.11234">
    <ele>30.87</ele>
   </trkpt>
   <trkpt lat="38.93206999985006" lon="-77.11215499872789">
    <ele>30.140000000000004</ele>
   </trkpt>
   <trkpt lat="38.931630000000006" lon="-77.11197">
    <ele>29.240000000000002</ele>
   </trkpt>
   <trkpt lat="38.93118499987053" lon="-77.11181499894674">
    <ele>28.55</ele>
   </trkpt>
   <trkpt lat="38.93074" lon="-77.11166">
    <ele>27.840000000000003</ele>
   </trkpt>
   <trkpt lat="38.93036" lon="-77.11148">
    <ele>27.240000000000002</ele>
   </trkpt>
   <trkpt lat="38.92995000043087" lon="-77.11120999851829">
    <ele>26.01</ele>
   </trkpt>
   <trkpt lat="38.92954" lon="-77.11094">
    <ele>25.580000000000002</ele>
   </trkpt>
   <trkpt lat="38.92893" lon="-77.11058000000001">
    <ele>24.28</ele>
   </trkpt>
   <trkpt lat="38.928630000000005" lon="-77.11041">
    <ele>23.720000000000002</ele>
   </trkpt>
   <trkpt lat="38.928430000000006" lon="-77.11027">
    <ele>23.330000000000002</ele>
   </trkpt>
   <trkpt lat="38.92784000057747" lon="-77.10991499707137">
    <ele>22.64</ele>
   </trkpt>
   <trkpt lat="38.92725" lon="-77.10956">
    <ele>22.01</ele>
   </trkpt>
   <trkpt lat="38.92674" lon="-77.10921">
    <ele>21.37</ele>
   </trkpt>
   <trkpt lat="38.926480000000005" lon="-77.10893">
    <ele>21.060000000000002</ele>
   </trkpt>
   <trkpt lat="38.92609000104985" lon="-77.10841499706116">
    <ele>20.310000000000002</ele>
   </trkpt>
   <trkpt lat="38.925700000000006" lon="-77.1079">
    <ele>19.720000000000002</ele>
   </trkpt>
   <trkpt lat="38.92542" lon="-77.10759">
    <ele>19.560000000000002</ele>
   </trkpt>
   <trkpt lat="38.92515" lon="-77.10743000000001">
    <ele>19.26</ele>
   </trkpt>
   <trkpt lat="38.9246049998749" lon="-77.10731999911931">
    <ele>18.67</ele>
   </trkpt>
   <trkpt lat="38.924060000000004" lon="-77.10721000000001">
    <ele>17.86</ele>
   </trkpt>
   <trkpt lat="38.92369" lon="-77.1071">
    <ele>17.07</ele>
   </trkpt>
   <trkpt lat="38.92347" lon="-77.10701">
    <ele>16.73</ele>
   </trkpt>
   <trkpt lat="38.9232" lon="-77.10682000000001">
    <ele>16.48</ele>
   </trkpt>
   <trkpt lat="38.92298" lon="-77.10656">
    <ele>15.97</ele>
   </trkpt>
   <trkpt lat="38.922740000000005" lon="-77.10619000000001">
    <ele>15.280000000000001</ele>
   </trkpt>
   <trkpt lat="38.92233" lon="-77.10535">
    <ele>14.360000000000001</ele>
   </trkpt>
   <trkpt lat="38.922070000000005" lon="-77.1049">
    <ele>13.73</ele>
   </trkpt>
   <trkpt lat="38.921820000000004" lon="-77.10445">
    <ele>13.14</ele>
   </trkpt>
   <trkpt lat="38.92145" lon="-77.10387">
    <ele>12.58</ele>
   </trkpt>
   <trkpt lat="38.92109000088909" lon="-77.1034249977971">
    <ele>12.040000000000001</ele>
   </trkpt>
   <trkpt lat="38.920730000000006" lon="-77.10298">
    <ele>11.89</ele>
   </trkpt>
   <trkpt lat="38.920190000000005" lon="-77.1024">
    <ele>11.79</ele>
   </trkpt>
   <trkpt lat="38.91996" lon="-77.10220000000001">
    <ele>11.9</ele>
   </trkpt>
   <trkpt lat="38.919630000000005" lon="-77.10191">
    <ele>11.88</ele>
   </trkpt>
   <trkpt lat="38.91919" lon="-77.10159">
    <ele>11.73</ele>
   </trkpt>
   <trkpt lat="38.91862500052471" lon="-77.10122499706569">
    <ele>11.690000000000001</ele>
   </trkpt>
   <trkpt lat="38.918060000000004" lon="-77.10086000000001">
    <ele>11.83</ele>
   </trkpt>
   <trkpt lat="38.91736000168268" lon="-77.10041999133911">
    <ele>11.770000000000001</ele>
   </trkpt>
   <trkpt lat="38.91666000171379" lon="-77.0999799913588">
    <ele>11.750000000000002</ele>
   </trkpt>
   <trkpt lat="38.915960000000005" lon="-77.09954">
    <ele>11.840000000000002</ele>
   </trkpt>
   <trkpt lat="38.91597" lon="-77.09955000000001">
    <ele>11.840000000000002</ele>
   </trkpt>
   <trkpt lat="38.9152450027612" lon="-77.09908498574559">
    <ele>11.690000000000001</ele>
   </trkpt>
   <trkpt lat="38.91452000367781" lon="-77.09861998099198">
    <ele>11.600000000000001</ele>
   </trkpt>
   <trkpt lat="38.91379500274991" lon="-77.09815498573882">
    <ele>11.340000000000002</ele>
   </trkpt>
   <trkpt lat="38.913070000000005" lon="-77.09769">
    <ele>11.39</ele>
   </trkpt>
   <trkpt lat="38.912600000000005" lon="-77.09734">
    <ele>11.14</ele>
   </trkpt>
   <trkpt lat="38.912040000000005" lon="-77.09688000000001">
    <ele>10.93</ele>
   </trkpt>
   <trkpt lat="38.911460000000005" lon="-77.09635">
    <ele>10.820000000000002</ele>
   </trkpt>
   <trkpt lat="38.911" lon="-77.09586">
    <ele>10.780000000000001</ele>
   </trkpt>
   <trkpt lat="38.91046000577975" lon="-77.09518748464286">
    <ele>10.520000000000001</ele>
   </trkpt>
   <trkpt lat="38.90992000770152" lon="-77.09451497951812">
    <ele>10.24</ele>
   </trkpt>
   <trkpt lat="38.90938000576546" lon="-77.09384248462551">
    <ele>10.010000000000002</ele>
   </trkpt>
   <trkpt lat="38.908840000000005" lon="-77.09317">
    <ele>9.770000000000001</ele>
   </trkpt>
   <trkpt lat="38.90874" lon="-77.09304">
    <ele>9.72</ele>
   </trkpt>
   <trkpt lat="38.90829" lon="-77.09236">
    <ele>9.520000000000001</ele>
   </trkpt>
   <trkpt lat="38.907830000000004" lon="-77.09142">
    <ele>9.540000000000001</ele>
   </trkpt>
   <trkpt lat="38.90762" lon="-77.09084">
    <ele>9.09</ele>
   </trkpt>
   <trkpt lat="38.90730601645503" lon="-77.08985798263686">
    <ele>9.170000000000002</ele>
   </trkpt>
   <trkpt lat="38.90699202468413" lon="-77.0888759739607">
    <ele>8.83</ele>
   </trkpt>
   <trkpt lat="38.906678024687466" lon="-77.08789397397157">
    <ele>8.620000000000001</ele>
   </trkpt>
   <trkpt lat="38.906364016465204" lon="-77.08691198266955">
    <ele>8.15</ele>
   </trkpt>
   <trkpt lat="38.90605" lon="-77.08593">
    <ele>7.790000000000001</ele>
   </trkpt>
   <trkpt lat="38.90639" lon="-77.08698000000001">
    <ele>8.219999999999999</ele>
   </trkpt>
   <trkpt lat="38.906115003103395" lon="-77.08612999677521">
    <ele>7.8900000000000015</ele>
   </trkpt>
   <trkpt lat="38.905840000000005" lon="-77.08528000000001">
    <ele>7.55</ele>
   </trkpt>
   <trkpt lat="38.905460004643004" lon="-77.08423499436685">
    <ele>7.5600000000000005</ele>
   </trkpt>
   <trkpt lat="38.905080000000005" lon="-77.08319">
    <ele>7.29</ele>
   </trkpt>
   <trkpt lat="38.90493" lon="-77.0827">
    <ele>7.140000000000001</ele>
   </trkpt>
   <trkpt lat="38.90485" lon="-77.0822">
    <ele>6.970000000000001</ele>
   </trkpt>
   <trkpt lat="38.904830000000004" lon="-77.08193">
    <ele>6.930000000000001</ele>
   </trkpt>
   <trkpt lat="38.904860000000006" lon="-77.08144">
    <ele>6.920000000000001</ele>
   </trkpt>
   <trkpt lat="38.90491" lon="-77.08117">
    <ele>6.710000000000001</ele>
   </trkpt>
   <trkpt lat="38.90510500316567" lon="-77.08031000231226">
    <ele>6.36</ele>
   </trkpt>
   <trkpt lat="38.905300000000004" lon="-77.07945000000001">
    <ele>6.15</ele>
   </trkpt>
   <trkpt lat="38.905350000000006" lon="-77.0792">
    <ele>6.19</ele>
   </trkpt>
   <trkpt lat="38.905390000000004" lon="-77.07885">
    <ele>6.19</ele>
   </trkpt>
   <trkpt lat="38.9054" lon="-77.07799">
    <ele>6.220000000000001</ele>
   </trkpt>
   <trkpt lat="38.9054" lon="-77.07796">
    <ele>6.220000000000001</ele>
   </trkpt>
   <trkpt lat="38.905300000000004" lon="-77.07714">
    <ele>5.760000000000001</ele>
   </trkpt>
   <trkpt lat="38.90518000190912" lon="-77.07646999883725">
    <ele>5.59</ele>
   </trkpt>
   <trkpt lat="38.905060000000006" lon="-77.0758">
    <ele>5.34</ele>
   </trkpt>
   <trkpt lat="38.905010000000004" lon="-77.07543000000001">
    <ele>4.95</ele>
   </trkpt>
   <trkpt lat="38.90498" lon="-77.07513">
    <ele>4.800000000000001</ele>
   </trkpt>
   <trkpt lat="38.90495000275902" lon="-77.07432499953192">
    <ele>4.65</ele>
   </trkpt>
   <trkpt lat="38.904920000000004" lon="-77.07352">
    <ele>4.3100000000000005</ele>
   </trkpt>
   <trkpt lat="38.904880000000006" lon="-77.07298">
    <ele>4.21</ele>
   </trkpt>
   <trkpt lat="38.90476500167912" lon="-77.07235499905894">
    <ele>4.25</ele>
   </trkpt>
   <trkpt lat="38.904650000000004" lon="-77.07173">
    <ele>4.59</ele>
   </trkpt>
   <trkpt lat="38.90452000153953" lon="-77.07113499904612">
    <ele>4.2</ele>
   </trkpt>
   <trkpt lat="38.90439000000001" lon="-77.07054000000001">
    <ele>4.6000000000000005</ele>
   </trkpt>
   <trkpt lat="38.90438" lon="-77.07023000000001">
    <ele>5.0600000000000005</ele>
   </trkpt>
   <trkpt lat="38.90431" lon="-77.06975000000001">
    <ele>5.280000000000001</ele>
   </trkpt>
   <trkpt lat="38.904090000000004" lon="-77.06885000000001">
    <ele>5.73</ele>
   </trkpt>
   <trkpt lat="38.90388" lon="-77.06781000000001">
    <ele>5.540000000000001</ele>
   </trkpt>
   <trkpt lat="38.90374500152049" lon="-77.06721499891539">
    <ele>5.47</ele>
   </trkpt>
   <trkpt lat="38.90361" lon="-77.06662">
    <ele>5.36</ele>
   </trkpt>
   <trkpt lat="38.90345000000001" lon="-77.06598000000001">
    <ele>5.37</ele>
   </trkpt>
   <trkpt lat="38.90308" lon="-77.06501">
    <ele>5.260000000000001</ele>
   </trkpt>
   <trkpt lat="38.90292" lon="-77.06448">
    <ele>5.33</ele>
   </trkpt>
   <trkpt lat="38.9027" lon="-77.06354">
    <ele>5.050000000000001</ele>
   </trkpt>
   <trkpt lat="38.902620000000006" lon="-77.06308">
    <ele>4.64</ele>
   </trkpt>
   <trkpt lat="38.90258" lon="-77.06276000000001">
    <ele>4.410000000000001</ele>
   </trkpt>
   <trkpt lat="38.902570000000004" lon="-77.06209000000001">
    <ele>3.68</ele>
   </trkpt>
   <trkpt lat="38.902570000000004" lon="-77.06115000000001">
    <ele>3.12</ele>
   </trkpt>
   <trkpt lat="38.90245" lon="-77.06108">
    <ele>3.6100000000000003</ele>
   </trkpt>
   <trkpt lat="38.90247" lon="-77.06019">
    <ele>3.7900000000000005</ele>
   </trkpt>
   <trkpt lat="38.902460000000005" lon="-77.05918000000001">
    <ele>4.44</ele>
   </trkpt>
   <trkpt lat="38.902460000000005" lon="-77.05903">
    <ele>4.57</ele>
   </trkpt>
   <trkpt lat="38.90243" lon="-77.05900000000001">
    <ele>4.57</ele>
   </trkpt>
   <trkpt lat="38.90243" lon="-77.05829">
    <ele>5.9799999999999995</ele>
   </trkpt>
   <trkpt lat="38.902390000000004" lon="-77.05793000000001">
    <ele>6.450000000000001</ele>
   </trkpt>
   <trkpt lat="38.90238" lon="-77.05768">
    <ele>6.5</ele>
   </trkpt>
   <trkpt lat="38.902350000000006" lon="-77.05758">
    <ele>6.42</ele>
   </trkpt>
   <trkpt lat="38.902280000000005" lon="-77.05749">
    <ele>6.38</ele>
   </trkpt>
   <trkpt lat="38.9022" lon="-77.05741">
    <ele>6.38</ele>
   </trkpt>
   <trkpt lat="38.90211" lon="-77.05737">
    <ele>6.42</ele>
   </trkpt>
   <trkpt lat="38.90158" lon="-77.05738000000001">
    <ele>6.430000000000001</ele>
   </trkpt>
   <trkpt lat="38.9016" lon="-77.05738000000001">
    <ele>6.430000000000001</ele>
   </trkpt>
   <trkpt lat="38.900980000000004" lon="-77.05739000000001">
    <ele>6.050000000000001</ele>
   </trkpt>
   <trkpt lat="38.90091" lon="-77.05735">
    <ele>6.050000000000001</ele>
   </trkpt>
   <trkpt lat="38.900420000000004" lon="-77.05716000000001">
    <ele>5.15</ele>
   </trkpt>
   <trkpt lat="38.89963000027609" lon="-77.05689499704393">
    <ele>4.44</ele>
   </trkpt>
   <trkpt lat="38.89884" lon="-77.05663000000001">
    <ele>4.050000000000001</ele>
   </trkpt>
   <trkpt lat="38.898320000000005" lon="-77.05651">
    <ele>3.7</ele>
   </trkpt>
   <trkpt lat="38.898140000000005" lon="-77.05651">
    <ele>3.7</ele>
   </trkpt>
   <trkpt lat="38.89732" lon="-77.05663000000001">
    <ele>2.91</ele>
   </trkpt>
   <trkpt lat="38.89716000000001" lon="-77.05668">
    <ele>2.74</ele>
   </trkpt>
   <trkpt lat="38.8964" lon="-77.05669">
    <ele>2.82</ele>
   </trkpt>
   <trkpt lat="38.896420000000006" lon="-77.05669">
    <ele>2.82</ele>
   </trkpt>
   <trkpt lat="38.89597000013517" lon="-77.05668999999999">
    <ele>2.85</ele>
   </trkpt>
   <trkpt lat="38.895520000000005" lon="-77.05669">
    <ele>2.86</ele>
   </trkpt>
   <trkpt lat="38.895" lon="-77.05668">
    <ele>2.97</ele>
   </trkpt>
   <trkpt lat="38.89461" lon="-77.05659">
    <ele>2.9899999999999998</ele>
   </trkpt>
   <trkpt lat="38.89434" lon="-77.0565">
    <ele>2.9600000000000004</ele>
   </trkpt>
   <trkpt lat="38.89361" lon="-77.05616">
    <ele>2.73</ele>
   </trkpt>
   <trkpt lat="38.89352" lon="-77.05614000000001">
    <ele>2.7600000000000002</ele>
   </trkpt>
   <trkpt lat="38.893240000000006" lon="-77.05589">
    <ele>3.25</ele>
   </trkpt>
   <trkpt lat="38.89282" lon="-77.0557">
    <ele>3.47</ele>
   </trkpt>
   <trkpt lat="38.89275000000001" lon="-77.05569000000001">
    <ele>3.5500000000000003</ele>
   </trkpt>
   <trkpt lat="38.89262" lon="-77.05547">
    <ele>3.87</ele>
   </trkpt>
   <trkpt lat="38.892480000000006" lon="-77.05539">
    <ele>3.9000000000000004</ele>
   </trkpt>
   <trkpt lat="38.892340000000004" lon="-77.05528000000001">
    <ele>3.7600000000000002</ele>
   </trkpt>
   <trkpt lat="38.892320000000005" lon="-77.05534">
    <ele>3.7700000000000005</ele>
   </trkpt>
   <trkpt lat="38.892320000000005" lon="-77.05542000000001">
    <ele>3.7700000000000005</ele>
   </trkpt>
   <trkpt lat="38.89229" lon="-77.05542000000001">
    <ele>3.7700000000000005</ele>
   </trkpt>
   <trkpt lat="38.89219000000001" lon="-77.05547">
    <ele>3.7600000000000002</ele>
   </trkpt>
   <trkpt lat="38.89209" lon="-77.05547">
    <ele>3.7600000000000002</ele>
   </trkpt>
   <trkpt lat="38.8919" lon="-77.05539">
    <ele>3.93</ele>
   </trkpt>
   <trkpt lat="38.891890000000004" lon="-77.05506000000001">
    <ele>3.93</ele>
   </trkpt>
   <trkpt lat="38.89184" lon="-77.05498">
    <ele>3.93</ele>
   </trkpt>
   <trkpt lat="38.89175" lon="-77.0549">
    <ele>3.93</ele>
   </trkpt>
   <trkpt lat="38.89159" lon="-77.05481">
    <ele>4.07</ele>
   </trkpt>
   <trkpt lat="38.89132" lon="-77.05462">
    <ele>4.19</ele>
   </trkpt>
   <trkpt lat="38.891020000000005" lon="-77.05435">
    <ele>4.880000000000001</ele>
   </trkpt>
   <trkpt lat="38.890730000000005" lon="-77.05404">
    <ele>5.87</ele>
   </trkpt>
   <trkpt lat="38.89056" lon="-77.05381000000001">
    <ele>6.090000000000001</ele>
   </trkpt>
   <trkpt lat="38.89027" lon="-77.05329">
    <ele>7.55</ele>
   </trkpt>
   <trkpt lat="38.89007" lon="-77.05284">
    <ele>8.38</ele>
   </trkpt>
   <trkpt lat="38.890080000000005" lon="-77.05286000000001">
    <ele>8.360000000000001</ele>
   </trkpt>
   <trkpt lat="38.8898" lon="-77.05211000000001">
    <ele>8.820000000000002</ele>
   </trkpt>
   <trkpt lat="38.889860000000006" lon="-77.05208">
    <ele>8.820000000000002</ele>
   </trkpt>
   <trkpt lat="38.88976" lon="-77.05188000000001">
    <ele>8.63</ele>
   </trkpt>
   <trkpt lat="38.88964" lon="-77.05172">
    <ele>8.530000000000001</ele>
   </trkpt>
   <trkpt lat="38.88947" lon="-77.05158">
    <ele>8.26</ele>
   </trkpt>
   <trkpt lat="38.88906" lon="-77.05147000000001">
    <ele>8.370000000000001</ele>
   </trkpt>
   <trkpt lat="38.8888" lon="-77.05167">
    <ele>8.39</ele>
   </trkpt>
   <trkpt lat="38.88873" lon="-77.05176">
    <ele>8.530000000000001</ele>
   </trkpt>
   <trkpt lat="38.88861" lon="-77.052">
    <ele>8.92</ele>
   </trkpt>
   <trkpt lat="38.88864" lon="-77.05167">
    <ele>8.74</ele>
   </trkpt>
   <trkpt lat="38.888630000000006" lon="-77.05142000000001">
    <ele>8.46</ele>
   </trkpt>
   <trkpt lat="38.88859" lon="-77.05118">
    <ele>8.09</ele>
   </trkpt>
   <trkpt lat="38.88835" lon="-77.05065">
    <ele>6.91</ele>
   </trkpt>
   <trkpt lat="38.888290000000005" lon="-77.05041">
    <ele>6.91</ele>
   </trkpt>
   <trkpt lat="38.88824" lon="-77.05032">
    <ele>6.37</ele>
   </trkpt>
   <trkpt lat="38.88817" lon="-77.05024">
    <ele>6.37</ele>
   </trkpt>
   <trkpt lat="38.887600000000006" lon="-77.05023000000001">
    <ele>4.81</ele>
   </trkpt>
   <trkpt lat="38.887040000000006" lon="-77.05024">
    <ele>3.8000000000000003</ele>
   </trkpt>
   <trkpt lat="38.887010000000004" lon="-77.04999000000001">
    <ele>3.8400000000000003</ele>
   </trkpt>
   <trkpt lat="38.886968358049984" lon="-77.04891333017987">
    <ele>3.94</ele>
   </trkpt>
   <trkpt lat="38.8869267062133" lon="-77.04783666162211">
    <ele>4.180000000000001</ele>
   </trkpt>
   <trkpt lat="38.886885044490036" lon="-77.04675999432703">
    <ele>4.090000000000001</ele>
   </trkpt>
   <trkpt lat="38.88684337288018" lon="-77.04568332829491">
    <ele>4.08</ele>
   </trkpt>
   <trkpt lat="38.88680169138376" lon="-77.04460666352607">
    <ele>3.56</ele>
   </trkpt>
   <trkpt lat="38.88676" lon="-77.04353">
    <ele>3.22</ele>
   </trkpt>
   <trkpt lat="38.886770000000006" lon="-77.04303">
    <ele>3.04</ele>
   </trkpt>
   <trkpt lat="38.886810000000004" lon="-77.0425">
    <ele>2.8000000000000003</ele>
   </trkpt>
   <trkpt lat="38.886900000000004" lon="-77.04182">
    <ele>2.39</ele>
   </trkpt>
   <trkpt lat="38.88693000000001" lon="-77.04134">
    <ele>2.39</ele>
   </trkpt>
   <trkpt lat="38.88693251583335" lon="-77.04022750015602">
    <ele>2.4600000000000004</ele>
   </trkpt>
   <trkpt lat="38.88693502111108" lon="-77.03911500023342">
    <ele>2.41</ele>
   </trkpt>
   <trkpt lat="38.886937515833175" lon="-77.0380025002325">
    <ele>2.14</ele>
   </trkpt>
   <trkpt lat="38.88694" lon="-77.03689">
    <ele>3.7800000000000002</ele>
   </trkpt>
   <trkpt lat="38.88696" lon="-77.03634000000001">
    <ele>5.880000000000001</ele>
   </trkpt>
   <trkpt lat="38.88703" lon="-77.0356">
    <ele>7.21</ele>
   </trkpt>
   <trkpt lat="38.88714" lon="-77.03501">
    <ele>7.88</ele>
   </trkpt>
   <trkpt lat="38.88723" lon="-77.03471">
    <ele>7.88</ele>
   </trkpt>
   <trkpt lat="38.887530000000005" lon="-77.03415000000001">
    <ele>8.51</ele>
   </trkpt>
   <trkpt lat="38.88767" lon="-77.03382">
    <ele>8.64</ele>
   </trkpt>
   <trkpt lat="38.887690000000006" lon="-77.03375000000001">
    <ele>8.860000000000001</ele>
   </trkpt>
   <trkpt lat="38.887950000000004" lon="-77.03373">
    <ele>8.81</ele>
   </trkpt>
   <trkpt lat="38.888110000000005" lon="-77.03367">
    <ele>8.780000000000001</ele>
   </trkpt>
   <trkpt lat="38.88839" lon="-77.03354">
    <ele>8.33</ele>
   </trkpt>
   <trkpt lat="38.888580000000005" lon="-77.03332">
    <ele>8.120000000000001</ele>
   </trkpt>
   <trkpt lat="38.88868" lon="-77.03327">
    <ele>7.750000000000001</ele>
   </trkpt>
   <trkpt lat="38.88875" lon="-77.03314">
    <ele>7.630000000000001</ele>
   </trkpt>
   <trkpt lat="38.88886" lon="-77.03307000000001">
    <ele>7.450000000000001</ele>
   </trkpt>
   <trkpt lat="38.88886" lon="-77.033">
    <ele>7.44</ele>
   </trkpt>
   <trkpt lat="38.88862" lon="-77.03214000000001">
    <ele>9.32</ele>
   </trkpt>
   <trkpt lat="38.88861" lon="-77.03178000000001">
    <ele>9.75</ele>
   </trkpt>
   <trkpt lat="38.88862500195089" lon="-77.03110499978622">
    <ele>9.75</ele>
   </trkpt>
   <trkpt lat="38.88864" lon="-77.03043000000001">
    <ele>9.81</ele>
   </trkpt>
   <trkpt lat="38.88864" lon="-77.0304">
    <ele>9.81</ele>
   </trkpt>
   <trkpt lat="38.88865000701027" lon="-77.0294933336625">
    <ele>9.770000000000001</ele>
   </trkpt>
   <trkpt lat="38.888660007009456" lon="-77.02858666706965">
    <ele>9.670000000000002</ele>
   </trkpt>
   <trkpt lat="38.888670000000005" lon="-77.02768">
    <ele>9.340000000000002</ele>
   </trkpt>
   <trkpt lat="38.888740000000006" lon="-77.02739000000001">
    <ele>9.340000000000002</ele>
   </trkpt>
   <trkpt lat="38.88895" lon="-77.02682">
    <ele>9.510000000000002</ele>
   </trkpt>
   <trkpt lat="38.88902" lon="-77.02646">
    <ele>9.55</ele>
   </trkpt>
   <trkpt lat="38.88906" lon="-77.02598">
    <ele>9.3</ele>
   </trkpt>
   <trkpt lat="38.88904" lon="-77.02557">
    <ele>9.06</ele>
   </trkpt>
   <trkpt lat="38.88895" lon="-77.02507">
    <ele>8.72</ele>
   </trkpt>
   <trkpt lat="38.888740000000006" lon="-77.02420000000001">
    <ele>7.7</ele>
   </trkpt>
   <trkpt lat="38.888720000000006" lon="-77.024">
    <ele>7.55</ele>
   </trkpt>
   <trkpt lat="38.88872500163918" lon="-77.02338000005199">
    <ele>7.19</ele>
   </trkpt>
   <trkpt lat="38.88873" lon="-77.02276">
    <ele>6.4</ele>
   </trkpt>
   <trkpt lat="38.888744311154866" lon="-77.02176285834103">
    <ele>5.65</ele>
   </trkpt>
   <trkpt lat="38.88875861382959" lon="-77.02076571628041">
    <ele>4.62</ele>
   </trkpt>
   <trkpt lat="38.88877290802414" lon="-77.01976857381837">
    <ele>4.180000000000001</ele>
   </trkpt>
   <trkpt lat="38.888787193738516" lon="-77.01877143095514">
    <ele>3.3800000000000003</ele>
   </trkpt>
   <trkpt lat="38.88880147097273" lon="-77.01777428769098">
    <ele>2.87</ele>
   </trkpt>
   <trkpt lat="38.888815739726745" lon="-77.0167771440261">
    <ele>2.7700000000000005</ele>
   </trkpt>
   <trkpt lat="38.888830000000006" lon="-77.01578">
    <ele>2.9600000000000004</ele>
   </trkpt>
   <trkpt lat="38.888830000000006" lon="-77.01576">
    <ele>2.9600000000000004</ele>
   </trkpt>
   <trkpt lat="38.888830000000006" lon="-77.01521000000001">
    <ele>3.1100000000000003</ele>
   </trkpt>
   <trkpt lat="38.888180000000006" lon="-77.01521000000001">
    <ele>3.1500000000000004</ele>
   </trkpt>
   <trkpt lat="38.88841000554341" lon="-77.01440333857936">
    <ele>3.3000000000000003</ele>
   </trkpt>
   <trkpt lat="38.88864000553704" lon="-77.01359667193509">
    <ele>3.7700000000000005</ele>
   </trkpt>
   <trkpt lat="38.888870000000004" lon="-77.01279000000001">
    <ele>3.920000000000001</ele>
   </trkpt>
   <trkpt lat="38.88891" lon="-77.01276">
    <ele>3.920000000000001</ele>
   </trkpt>
   <trkpt lat="38.889050000000005" lon="-77.01252000000001">
    <ele>4.16</ele>
   </trkpt>
   <trkpt lat="38.889100000000006" lon="-77.01248000000001">
    <ele>4.16</ele>
   </trkpt>
   <trkpt lat="38.88915" lon="-77.01236">
    <ele>4.12</ele>
   </trkpt>
   <trkpt lat="38.889320000000005" lon="-77.01243000000001">
    <ele>3.86</ele>
   </trkpt>
   <trkpt lat="38.8896" lon="-77.01249">
    <ele>3.85</ele>
   </trkpt>
   <trkpt lat="38.88998" lon="-77.0125">
    <ele>3.75</ele>
   </trkpt>
   <trkpt lat="38.89049" lon="-77.01241">
    <ele>4.3500000000000005</ele>
   </trkpt>
   <trkpt lat="38.89047" lon="-77.01232">
    <ele>4.3500000000000005</ele>
   </trkpt>
   <trkpt lat="38.89049" lon="-77.01223">
    <ele>4.3500000000000005</ele>
   </trkpt>
   <trkpt lat="38.89054" lon="-77.01216000000001">
    <ele>4.4</ele>
   </trkpt>
   <trkpt lat="38.89061" lon="-77.01214">
    <ele>4.4</ele>
   </trkpt>
   <trkpt lat="38.89072" lon="-77.01214">
    <ele>4.4</ele>
   </trkpt>
   <trkpt lat="38.890800000000006" lon="-77.01227">
    <ele>4.3100000000000005</ele>
   </trkpt>
   <trkpt lat="38.89101" lon="-77.01218">
    <ele>4.3</ele>
   </trkpt>
   <trkpt lat="38.891090000000005" lon="-77.01217000000001">
    <ele>4.42</ele>
   </trkpt>
   <trkpt lat="38.891974999910595" lon="-77.01217000000001">
    <ele>5.220000000000001</ele>
   </trkpt>
   <trkpt lat="38.892860000000006" lon="-77.01217000000001">
    <ele>5.840000000000001</ele>
   </trkpt>
   <trkpt lat="38.89321000095251" lon="-77.01169500235389">
    <ele>6.710000000000001</ele>
   </trkpt>
   <trkpt lat="38.89356" lon="-77.01122000000001">
    <ele>7.9700000000000015</ele>
   </trkpt>
   <trkpt lat="38.89406000412716" lon="-77.01052667639131">
    <ele>9.28</ele>
   </trkpt>
   <trkpt lat="38.894560004154286" lon="-77.00983334302047">
    <ele>11.200000000000001</ele>
   </trkpt>
   <trkpt lat="38.89506" lon="-77.00914">
    <ele>13.520000000000001</ele>
   </trkpt>
   <trkpt lat="38.89513" lon="-77.00904000000001">
    <ele>13.520000000000001</ele>
   </trkpt>
   <trkpt lat="38.89519000000001" lon="-77.00887">
    <ele>13.920000000000002</ele>
   </trkpt>
   <trkpt lat="38.895630001546024" lon="-77.00826500376887">
    <ele>14.93</ele>
   </trkpt>
   <trkpt lat="38.89607" lon="-77.00766">
    <ele>16.19</ele>
   </trkpt>
   <trkpt lat="38.89622000000001" lon="-77.00782000000001">
    <ele>16.27</ele>
   </trkpt>
   <trkpt lat="38.89643" lon="-77.00794">
    <ele>16.34</ele>
   </trkpt>
   <trkpt lat="38.896530000000006" lon="-77.00797">
    <ele>16.37</ele>
   </trkpt>
   <trkpt lat="38.89661" lon="-77.00773000000001">
    <ele>16.95</ele>
   </trkpt>
   <trkpt lat="38.8964" lon="-77.00765000000001">
    <ele>16.8</ele>
   </trkpt>
   <trkpt lat="38.89625" lon="-77.00752">
    <ele>16.69</ele>
   </trkpt>
   <trkpt lat="38.896280000000004" lon="-77.00743">
    <ele>16.62</ele>
   </trkpt>
   <trkpt lat="38.89629" lon="-77.00725000000001">
    <ele>16.55</ele>
   </trkpt>
   <trkpt lat="38.8962" lon="-77.00713">
    <ele>16.450000000000003</ele>
   </trkpt>
  </trkseg>
 </trk>
</gpx>