<?xml version='1.0' encoding='UTF-8'?>
<gpx xmlns="http://www.topografix.com/GPX/1/1" xmlns:xsi="http://www.w3.org/2001/XMLSchema-instance" version="1.1" creator="RouteMaker reference fixture" xsi:schemaLocation="http://www.topografix.com/GPX/1/1 http://www.topografix.com/GPX/1/1/gpx.xsd http://www.cluetrust.com/XML/GPXDATA/1/0 http://www.cluetrust.com/Schemas/gpxdata10.xsd">
  <metadata>
    <name>VeloPigs 30 N.LoCo CCW (copy)</name>
    <link href="https://ridewithgps.com/routes/36295001">
      <text>VeloPigs 30 N.LoCo CCW (copy)</text>
    </link>
    <time>2021-06-04T16:12:10Z</time>
  </metadata>
  <trk>
    <name>VeloPigs 30 N.LoCo CCW (copy)</name>
    <trkseg>
      <trkpt lat="39.114147" lon="-77.561584">
        <ele>98.8</ele>
      </trkpt>
      <trkpt lat="39.114147" lon="-77.561584">
        <ele>98.8</ele>
      </trkpt>
      <trkpt lat="39.114147" lon="-77.561584">
        <ele>98.8</ele>
      </trkpt>
      <trkpt lat="39.114151" lon="-77.561584">
        <ele>98.8</ele>
      </trkpt>
      <trkpt lat="39.114154" lon="-77.561584">
        <ele>98.8</ele>
      </trkpt>
      <trkpt lat="39.114151" lon="-77.5616">
        <ele>98.8</ele>
      </trkpt>
      <trkpt lat="39.114154" lon="-77.561615">
        <ele>98.7</ele>
      </trkpt>
      <trkpt lat="39.11417" lon="-77.561638">
        <ele>98.7</ele>
      </trkpt>
      <trkpt lat="39.114193" lon="-77.561661">
        <ele>98.6</ele>
      </trkpt>
      <trkpt lat="39.114216" lon="-77.561684">
        <ele>98.5</ele>
      </trkpt>
      <trkpt lat="39.114235" lon="-77.561691">
        <ele>98.5</ele>
      </trkpt>
      <trkpt lat="39.114258" lon="-77.561691">
        <ele>98.4</ele>
      </trkpt>
      <trkpt lat="39.114277" lon="-77.561684">
        <ele>98.4</ele>
      </trkpt>
      <trkpt lat="39.114304" lon="-77.561661">
        <ele>98.4</ele>
      </trkpt>
      <trkpt lat="39.114334" lon="-77.561638">
        <ele>98.4</ele>
      </trkpt>
      <trkpt lat="39.114365" lon="-77.561615">
        <ele>98.4</ele>
      </trkpt>
      <trkpt lat="39.114395" lon="-77.561592">
        <ele>98.5</ele>
      </trkpt>
      <trkpt lat="39.114429" lon="-77.561577">
        <ele>98.5</ele>
      </trkpt>
      <trkpt lat="39.11446" lon="-77.561569">
        <ele>98.4</ele>
      </trkpt>
      <trkpt lat="39.114491" lon="-77.561554">
        <ele>98.5</ele>
      </trkpt>
      <trkpt lat="39.114513" lon="-77.561531">
        <ele>98.5</ele>
      </trkpt>
      <trkpt lat="39.114525" lon="-77.561501">
        <ele>98.5</ele>
      </trkpt>
      <trkpt lat="39.114536" lon="-77.56147">
        <ele>98.5</ele>
      </trkpt>
      <trkpt lat="39.114552" lon="-77.561447">
        <ele>98.6</ele>
      </trkpt>
      <trkpt lat="39.114571" lon="-77.561424">
        <ele>98.6</ele>
      </trkpt>
      <trkpt lat="39.114586" lon="-77.561386">
        <ele>98.6</ele>
      </trkpt>
      <trkpt lat="39.114593" lon="-77.561348">
        <ele>98.7</ele>
      </trkpt>
      <trkpt lat="39.114593" lon="-77.56131">
        <ele>98.7</ele>
      </trkpt>
      <trkpt lat="39.114586" lon="-77.561264">
        <ele>98.8</ele>
      </trkpt>
      <trkpt lat="39.114574" lon="-77.561226">
        <ele>98.8</ele>
      </trkpt>
      <trkpt lat="39.114562" lon="-77.561179">
        <ele>98.9</ele>
      </trkpt>
      <trkpt lat="39.114548" lon="-77.561142">
        <ele>99.0</ele>
      </trkpt>
      <trkpt lat="39.114536" lon="-77.561096">
        <ele>99.0</ele>
      </trkpt>
      <trkpt lat="39.114525" lon="-77.56105">
        <ele>99.1</ele>
      </trkpt>
      <trkpt lat="39.114517" lon="-77.561012">
        <ele>99.1</ele>
      </trkpt>
      <trkpt lat="39.114525" lon="-77.560982">
        <ele>99.1</ele>
      </trkpt>
      <trkpt lat="39.114552" lon="-77.560965">
        <ele>99.1</ele>
      </trkpt>
      <trkpt lat="39.114578" lon="-77.560951">
        <ele>99.2</ele>
      </trkpt>
      <trkpt lat="39.114609" lon="-77.560928">
        <ele>99.2</ele>
      </trkpt>
      <trkpt lat="39.114643" lon="-77.560913">
        <ele>99.2</ele>
      </trkpt>
      <trkpt lat="39.114681" lon="-77.560898">
        <ele>99.2</ele>
      </trkpt>
      <trkpt lat="39.114719" lon="-77.560883">
        <ele>99.2</ele>
      </trkpt>
      <trkpt lat="39.114758" lon="-77.560867">
        <ele>99.2</ele>
      </trkpt>
      <trkpt lat="39.114799" lon="-77.560844">
        <ele>99.3</ele>
      </trkpt>
      <trkpt lat="39.114841" lon="-77.560829">
        <ele>99.3</ele>
      </trkpt>
      <trkpt lat="39.114887" lon="-77.560806">
        <ele>99.3</ele>
      </trkpt>
      <trkpt lat="39.114928" lon="-77.560783">
        <ele>99.4</ele>
      </trkpt>
      <trkpt lat="39.114975" lon="-77.560768">
        <ele>99.4</ele>
      </trkpt>
      <trkpt lat="39.115021" lon="-77.560745">
        <ele>99.4</ele>
      </trkpt>
      <trkpt lat="39.115067" lon="-77.560722">
        <ele>99.5</ele>
      </trkpt>
      <trkpt lat="39.115116" lon="-77.560699">
        <ele>99.5</ele>
      </trkpt>
      <trkpt lat="39.115162" lon="-77.560669">
        <ele>99.6</ele>
      </trkpt>
      <trkpt lat="39.115208" lon="-77.560646">
        <ele>99.6</ele>
      </trkpt>
      <trkpt lat="39.115257" lon="-77.560623">
        <ele>99.6</ele>
      </trkpt>
      <trkpt lat="39.115307" lon="-77.560608">
        <ele>99.7</ele>
      </trkpt>
      <trkpt lat="39.115356" lon="-77.560585">
        <ele>99.7</ele>
      </trkpt>
      <trkpt lat="39.11541" lon="-77.560554">
        <ele>99.7</ele>
      </trkpt>
      <trkpt lat="39.115459" lon="-77.560532">
        <ele>99.8</ele>
      </trkpt>
      <trkpt lat="39.115513" lon="-77.560509">
        <ele>99.8</ele>
      </trkpt>
      <trkpt lat="39.115566" lon="-77.560478">
        <ele>99.8</ele>
      </trkpt>
      <trkpt lat="39.11562" lon="-77.560455">
        <ele>99.8</ele>
      </trkpt>
      <trkpt lat="39.115677" lon="-77.560425">
        <ele>99.9</ele>
      </trkpt>
      <trkpt lat="39.11573" lon="-77.560402">
        <ele>99.9</ele>
      </trkpt>
      <trkpt lat="39.115791" lon="-77.560387">
        <ele>99.9</ele>
      </trkpt>
      <trkpt lat="39.115845" lon="-77.560364">
        <ele>99.9</ele>
      </trkpt>
      <trkpt lat="39.115902" lon="-77.56034">
        <ele>99.9</ele>
      </trkpt>
      <trkpt lat="39.115955" lon="-77.560318">
        <ele>99.9</ele>
      </trkpt>
      <trkpt lat="39.116009" lon="-77.560295">
        <ele>99.9</ele>
      </trkpt>
      <trkpt lat="39.116062" lon="-77.560272">
        <ele>99.9</ele>
      </trkpt>
      <trkpt lat="39.116116" lon="-77.560249">
        <ele>99.9</ele>
      </trkpt>
      <trkpt lat="39.116165" lon="-77.560226">
        <ele>99.9</ele>
      </trkpt>
      <trkpt lat="39.116214" lon="-77.560219">
        <ele>99.9</ele>
      </trkpt>
      <trkpt lat="39.116257" lon="-77.560226">
        <ele>99.9</ele>
      </trkpt>
      <trkpt lat="39.116295" lon="-77.560256">
        <ele>99.8</ele>
      </trkpt>
      <trkpt lat="39.116329" lon="-77.560303">
        <ele>99.8</ele>
      </trkpt>
      <trkpt lat="39.116352" lon="-77.560356">
        <ele>99.8</ele>
      </trkpt>
      <trkpt lat="39.116371" lon="-77.56041">
        <ele>99.7</ele>
      </trkpt>
      <trkpt lat="39.11639" lon="-77.560463">
        <ele>99.7</ele>
      </trkpt>
      <trkpt lat="39.116405" lon="-77.560524">
        <ele>99.7</ele>
      </trkpt>
      <trkpt lat="39.116421" lon="-77.560585">
        <ele>99.6</ele>
      </trkpt>
      <trkpt lat="39.11644" lon="-77.560646">
        <ele>99.6</ele>
      </trkpt>
      <trkpt lat="39.116459" lon="-77.560706">
        <ele>99.6</ele>
      </trkpt>
      <trkpt lat="39.116482" lon="-77.560768">
        <ele>99.6</ele>
      </trkpt>
      <trkpt lat="39.116497" lon="-77.560829">
        <ele>99.5</ele>
      </trkpt>
      <trkpt lat="39.116512" lon="-77.56089">
        <ele>99.5</ele>
      </trkpt>
      <trkpt lat="39.116524" lon="-77.560951">
        <ele>99.4</ele>
      </trkpt>
      <trkpt lat="39.116543" lon="-77.56102">
        <ele>99.4</ele>
      </trkpt>
      <trkpt lat="39.116558" lon="-77.561089">
        <ele>99.3</ele>
      </trkpt>
      <trkpt lat="39.116573" lon="-77.561142">
        <ele>99.3</ele>
      </trkpt>
      <trkpt lat="39.116592" lon="-77.561203">
        <ele>99.2</ele>
      </trkpt>
      <trkpt lat="39.116611" lon="-77.561264">
        <ele>99.2</ele>
      </trkpt>
      <trkpt lat="39.116627" lon="-77.561325">
        <ele>99.1</ele>
      </trkpt>
      <trkpt lat="39.116642" lon="-77.561386">
        <ele>99.1</ele>
      </trkpt>
      <trkpt lat="39.116661" lon="-77.561447">
        <ele>99.1</ele>
      </trkpt>
      <trkpt lat="39.116676" lon="-77.561508">
        <ele>99.1</ele>
      </trkpt>
      <trkpt lat="39.116695" lon="-77.561569">
        <ele>99.1</ele>
      </trkpt>
      <trkpt lat="39.116711" lon="-77.561629">
        <ele>99.1</ele>
      </trkpt>
      <trkpt lat="39.116726" lon="-77.561699">
        <ele>99.1</ele>
      </trkpt>
      <trkpt lat="39.116745" lon="-77.56176">
        <ele>99.1</ele>
      </trkpt>
      <trkpt lat="39.11676" lon="-77.561821">
        <ele>99.1</ele>
      </trkpt>
      <trkpt lat="39.116783" lon="-77.56189">
        <ele>99.1</ele>
      </trkpt>
      <trkpt lat="39.116798" lon="-77.56195">
        <ele>99.1</ele>
      </trkpt>
      <trkpt lat="39.116814" lon="-77.562012">
        <ele>99.2</ele>
      </trkpt>
      <trkpt lat="39.116829" lon="-77.56208">
        <ele>99.2</ele>
      </trkpt>
      <trkpt lat="39.116844" lon="-77.562134">
        <ele>99.2</ele>
      </trkpt>
      <trkpt lat="39.116856" lon="-77.562195">
        <ele>99.2</ele>
      </trkpt>
      <trkpt lat="39.116867" lon="-77.562248">
        <ele>99.2</ele>
      </trkpt>
      <trkpt lat="39.116879" lon="-77.562302">
        <ele>99.2</ele>
      </trkpt>
      <trkpt lat="39.116894" lon="-77.562347">
        <ele>99.3</ele>
      </trkpt>
      <trkpt lat="39.116909" lon="-77.562401">
        <ele>99.4</ele>
      </trkpt>
      <trkpt lat="39.116928" lon="-77.562447">
        <ele>99.4</ele>
      </trkpt>
      <trkpt lat="39.116943" lon="-77.562485">
        <ele>99.5</ele>
      </trkpt>
      <trkpt lat="39.116962" lon="-77.562538">
        <ele>99.6</ele>
      </trkpt>
      <trkpt lat="39.116978" lon="-77.562584">
        <ele>99.7</ele>
      </trkpt>
      <trkpt lat="39.116993" lon="-77.56263">
        <ele>99.9</ele>
      </trkpt>
      <trkpt lat="39.117008" lon="-77.562675">
        <ele>100.1</ele>
      </trkpt>
      <trkpt lat="39.117019" lon="-77.562721">
        <ele>100.3</ele>
      </trkpt>
      <trkpt lat="39.117027" lon="-77.562775">
        <ele>100.6</ele>
      </trkpt>
      <trkpt lat="39.117043" lon="-77.562828">
        <ele>100.9</ele>
      </trkpt>
      <trkpt lat="39.117054" lon="-77.562881">
        <ele>101.2</ele>
      </trkpt>
      <trkpt lat="39.117064" lon="-77.562927">
        <ele>101.6</ele>
      </trkpt>
      <trkpt lat="39.117081" lon="-77.562973">
        <ele>101.9</ele>
      </trkpt>
      <trkpt lat="39.117095" lon="-77.563019">
        <ele>102.3</ele>
      </trkpt>
      <trkpt lat="39.117111" lon="-77.563065">
        <ele>102.6</ele>
      </trkpt>
      <trkpt lat="39.117123" lon="-77.56311">
        <ele>102.9</ele>
      </trkpt>
      <trkpt lat="39.117134" lon="-77.563156">
        <ele>103.2</ele>
      </trkpt>
      <trkpt lat="39.117146" lon="-77.563194">
        <ele>103.3</ele>
      </trkpt>
      <trkpt lat="39.117157" lon="-77.563239">
        <ele>103.4</ele>
      </trkpt>
      <trkpt lat="39.117168" lon="-77.563286">
        <ele>103.4</ele>
      </trkpt>
      <trkpt lat="39.11718" lon="-77.563332">
        <ele>103.5</ele>
      </trkpt>
      <trkpt lat="39.117195" lon="-77.56337">
        <ele>103.5</ele>
      </trkpt>
      <trkpt lat="39.117203" lon="-77.563408">
        <ele>103.6</ele>
      </trkpt>
      <trkpt lat="39.117214" lon="-77.563453">
        <ele>103.7</ele>
      </trkpt>
      <trkpt lat="39.117222" lon="-77.563484">
        <ele>103.8</ele>
      </trkpt>
      <trkpt lat="39.117233" lon="-77.563522">
        <ele>103.8</ele>
      </trkpt>
      <trkpt lat="39.117241" lon="-77.563553">
        <ele>103.9</ele>
      </trkpt>
      <trkpt lat="39.117252" lon="-77.563583">
        <ele>104.0</ele>
      </trkpt>
      <trkpt lat="39.11726" lon="-77.563614">
        <ele>104.0</ele>
      </trkpt>
      <trkpt lat="39.117268" lon="-77.563644">
        <ele>104.1</ele>
      </trkpt>
      <trkpt lat="39.117271" lon="-77.563683">
        <ele>104.3</ele>
      </trkpt>
      <trkpt lat="39.117279" lon="-77.563713">
        <ele>104.4</ele>
      </trkpt>
      <trkpt lat="39.117287" lon="-77.563744">
        <ele>104.5</ele>
      </trkpt>
      <trkpt lat="39.117294" lon="-77.563766">
        <ele>104.5</ele>
      </trkpt>
      <trkpt lat="39.117302" lon="-77.563782">
        <ele>104.6</ele>
      </trkpt>
      <trkpt lat="39.117325" lon="-77.56385">
        <ele>104.8</ele>
      </trkpt>
      <trkpt lat="39.117329" lon="-77.563873">
        <ele>104.9</ele>
      </trkpt>
      <trkpt lat="39.117332" lon="-77.563903">
        <ele>105.0</ele>
      </trkpt>
      <trkpt lat="39.11734" lon="-77.56395">
        <ele>105.1</ele>
      </trkpt>
      <trkpt lat="39.117355" lon="-77.563995">
        <ele>105.3</ele>
      </trkpt>
      <trkpt lat="39.117374" lon="-77.564049">
        <ele>105.4</ele>
      </trkpt>
      <trkpt lat="39.11739" lon="-77.564117">
        <ele>105.5</ele>
      </trkpt>
      <trkpt lat="39.117405" lon="-77.564178">
        <ele>105.6</ele>
      </trkpt>
      <trkpt lat="39.117424" lon="-77.564247">
        <ele>105.8</ele>
      </trkpt>
      <trkpt lat="39.117443" lon="-77.564308">
        <ele>105.9</ele>
      </trkpt>
      <trkpt lat="39.117458" lon="-77.564376">
        <ele>106.0</ele>
      </trkpt>
      <trkpt lat="39.117477" lon="-77.564445">
        <ele>106.2</ele>
      </trkpt>
      <trkpt lat="39.117496" lon="-77.564507">
        <ele>106.3</ele>
      </trkpt>
      <trkpt lat="39.117516" lon="-77.564568">
        <ele>106.4</ele>
      </trkpt>
      <trkpt lat="39.117534" lon="-77.564629">
        <ele>106.5</ele>
      </trkpt>
      <trkpt lat="39.117554" lon="-77.56469">
        <ele>106.6</ele>
      </trkpt>
      <trkpt lat="39.117565" lon="-77.564751">
        <ele>106.7</ele>
      </trkpt>
      <trkpt lat="39.117579" lon="-77.564812">
        <ele>106.8</ele>
      </trkpt>
      <trkpt lat="39.117596" lon="-77.564873">
        <ele>106.9</ele>
      </trkpt>
      <trkpt lat="39.117607" lon="-77.564933">
        <ele>107.0</ele>
      </trkpt>
      <trkpt lat="39.117622" lon="-77.564995">
        <ele>107.1</ele>
      </trkpt>
      <trkpt lat="39.117638" lon="-77.565048">
        <ele>107.2</ele>
      </trkpt>
      <trkpt lat="39.117653" lon="-77.565102">
        <ele>107.2</ele>
      </trkpt>
      <trkpt lat="39.117668" lon="-77.565155">
        <ele>107.3</ele>
      </trkpt>
      <trkpt lat="39.117683" lon="-77.565208">
        <ele>107.4</ele>
      </trkpt>
      <trkpt lat="39.117699" lon="-77.565254">
        <ele>107.4</ele>
      </trkpt>
      <trkpt lat="39.11771" lon="-77.565292">
        <ele>107.4</ele>
      </trkpt>
      <trkpt lat="39.117722" lon="-77.565338">
        <ele>107.5</ele>
      </trkpt>
      <trkpt lat="39.117733" lon="-77.565384">
        <ele>107.5</ele>
      </trkpt>
      <trkpt lat="39.117744" lon="-77.56543">
        <ele>107.5</ele>
      </trkpt>
      <trkpt lat="39.117759" lon="-77.565483">
        <ele>107.6</ele>
      </trkpt>
      <trkpt lat="39.117775" lon="-77.565536">
        <ele>107.6</ele>
      </trkpt>
      <trkpt lat="39.117794" lon="-77.565598">
        <ele>107.6</ele>
      </trkpt>
      <trkpt lat="39.117805" lon="-77.565659">
        <ele>107.6</ele>
      </trkpt>
      <trkpt lat="39.117821" lon="-77.56572">
        <ele>107.7</ele>
      </trkpt>
      <trkpt lat="39.117832" lon="-77.565772">
        <ele>107.7</ele>
      </trkpt>
      <trkpt lat="39.117844" lon="-77.565826">
        <ele>107.7</ele>
      </trkpt>
      <trkpt lat="39.117859" lon="-77.56588">
        <ele>107.7</ele>
      </trkpt>
      <trkpt lat="39.117874" lon="-77.565926">
        <ele>107.7</ele>
      </trkpt>
      <trkpt lat="39.117893" lon="-77.565971">
        <ele>107.8</ele>
      </trkpt>
      <trkpt lat="39.117911" lon="-77.56601">
        <ele>107.8</ele>
      </trkpt>
      <trkpt lat="39.117942" lon="-77.56604">
        <ele>107.8</ele>
      </trkpt>
      <trkpt lat="39.117981" lon="-77.56607">
        <ele>107.8</ele>
      </trkpt>
      <trkpt lat="39.118018" lon="-77.566086">
        <ele>107.9</ele>
      </trkpt>
      <trkpt lat="39.118061" lon="-77.566101">
        <ele>107.9</ele>
      </trkpt>
      <trkpt lat="39.118103" lon="-77.566115">
        <ele>108.0</ele>
      </trkpt>
      <trkpt lat="39.118141" lon="-77.566132">
        <ele>108.0</ele>
      </trkpt>
      <trkpt lat="39.118183" lon="-77.566147">
        <ele>108.0</ele>
      </trkpt>
      <trkpt lat="39.118221" lon="-77.566154">
        <ele>108.1</ele>
      </trkpt>
      <trkpt lat="39.118263" lon="-77.566162">
        <ele>108.1</ele>
      </trkpt>
      <trkpt lat="39.118313" lon="-77.56617">
        <ele>108.2</ele>
      </trkpt>
      <trkpt lat="39.118359" lon="-77.566185">
        <ele>108.2</ele>
      </trkpt>
      <trkpt lat="39.118408" lon="-77.5662">
        <ele>108.2</ele>
      </trkpt>
      <trkpt lat="39.118462" lon="-77.566208">
        <ele>108.3</ele>
      </trkpt>
      <trkpt lat="39.118515" lon="-77.566222">
        <ele>108.3</ele>
      </trkpt>
      <trkpt lat="39.118568" lon="-77.566238">
        <ele>108.3</ele>
      </trkpt>
      <trkpt lat="39.118622" lon="-77.566254">
        <ele>108.3</ele>
      </trkpt>
      <trkpt lat="39.118679" lon="-77.566277">
        <ele>108.4</ele>
      </trkpt>
      <trkpt lat="39.118736" lon="-77.566292">
        <ele>108.4</ele>
      </trkpt>
      <trkpt lat="39.118792" lon="-77.566307">
        <ele>108.4</ele>
      </trkpt>
      <trkpt lat="39.118847" lon="-77.566315">
        <ele>108.4</ele>
      </trkpt>
      <trkpt lat="39.118904" lon="-77.566329">
        <ele>108.4</ele>
      </trkpt>
      <trkpt lat="39.118961" lon="-77.566345">
        <ele>108.4</ele>
      </trkpt>
      <trkpt lat="39.119015" lon="-77.56636">
        <ele>108.4</ele>
      </trkpt>
      <trkpt lat="39.119068" lon="-77.566376">
        <ele>108.4</ele>
      </trkpt>
      <trkpt lat="39.119122" lon="-77.566391">
        <ele>108.4</ele>
      </trkpt>
      <trkpt lat="39.119175" lon="-77.566406">
        <ele>108.4</ele>
      </trkpt>
      <trkpt lat="39.119225" lon="-77.566422">
        <ele>108.4</ele>
      </trkpt>
      <trkpt lat="39.119274" lon="-77.566436">
        <ele>108.5</ele>
      </trkpt>
      <trkpt lat="39.119324" lon="-77.566452">
        <ele>108.5</ele>
      </trkpt>
      <trkpt lat="39.11937" lon="-77.566467">
        <ele>108.6</ele>
      </trkpt>
      <trkpt lat="39.119419" lon="-77.566483">
        <ele>108.6</ele>
      </trkpt>
      <trkpt lat="39.119473" lon="-77.566498">
        <ele>108.7</ele>
      </trkpt>
      <trkpt lat="39.119518" lon="-77.566513">
        <ele>108.7</ele>
      </trkpt>
      <trkpt lat="39.119572" lon="-77.566528">
        <ele>108.7</ele>
      </trkpt>
      <trkpt lat="39.119625" lon="-77.566551">
        <ele>108.8</ele>
      </trkpt>
      <trkpt lat="39.119678" lon="-77.566566">
        <ele>108.9</ele>
      </trkpt>
      <trkpt lat="39.119732" lon="-77.566582">
        <ele>108.9</ele>
      </trkpt>
      <trkpt lat="39.119781" lon="-77.566597">
        <ele>109.0</ele>
      </trkpt>
      <trkpt lat="39.119835" lon="-77.566605">
        <ele>109.0</ele>
      </trkpt>
      <trkpt lat="39.119888" lon="-77.56662">
        <ele>109.0</ele>
      </trkpt>
      <trkpt lat="39.119946" lon="-77.566628">
        <ele>109.0</ele>
      </trkpt>
      <trkpt lat="39.119999" lon="-77.566635">
        <ele>109.0</ele>
      </trkpt>
      <trkpt lat="39.120056" lon="-77.56665">
        <ele>109.0</ele>
      </trkpt>
      <trkpt lat="39.120113" lon="-77.566658">
        <ele>108.9</ele>
      </trkpt>
      <trkpt lat="39.120171" lon="-77.566666">
        <ele>108.9</ele>
      </trkpt>
      <trkpt lat="39.120232" lon="-77.566681">
        <ele>108.8</ele>
      </trkpt>
      <trkpt lat="39.120289" lon="-77.566689">
        <ele>108.8</ele>
      </trkpt>
      <trkpt lat="39.12035" lon="-77.566704">
        <ele>108.8</ele>
      </trkpt>
      <trkpt lat="39.120407" lon="-77.566719">
        <ele>108.7</ele>
      </trkpt>
      <trkpt lat="39.120468" lon="-77.566734">
        <ele>108.7</ele>
      </trkpt>
      <trkpt lat="39.120525" lon="-77.56675">
        <ele>108.7</ele>
      </trkpt>
      <trkpt lat="39.120586" lon="-77.566757">
        <ele>108.7</ele>
      </trkpt>
      <trkpt lat="39.120644" lon="-77.56678">
        <ele>108.6</ele>
      </trkpt>
      <trkpt lat="39.120705" lon="-77.566795">
        <ele>108.6</ele>
      </trkpt>
      <trkpt lat="39.120762" lon="-77.566811">
        <ele>108.5</ele>
      </trkpt>
      <trkpt lat="39.120827" lon="-77.566833">
        <ele>108.5</ele>
      </trkpt>
      <trkpt lat="39.12088" lon="-77.566849">
        <ele>108.5</ele>
      </trkpt>
      <trkpt lat="39.120937" lon="-77.566864">
        <ele>108.4</ele>
      </trkpt>
      <trkpt lat="39.120998" lon="-77.566887">
        <ele>108.4</ele>
      </trkpt>
      <trkpt lat="39.121063" lon="-77.566909">
        <ele>108.4</ele>
      </trkpt>
      <trkpt lat="39.121128" lon="-77.566933">
        <ele>108.5</ele>
      </trkpt>
      <trkpt lat="39.121197" lon="-77.566948">
        <ele>108.5</ele>
      </trkpt>
      <trkpt lat="39.121262" lon="-77.566971">
        <ele>108.5</ele>
      </trkpt>
      <trkpt lat="39.121326" lon="-77.566986">
        <ele>108.6</ele>
      </trkpt>
      <trkpt lat="39.121395" lon="-77.567001">
        <ele>108.7</ele>
      </trkpt>
      <trkpt lat="39.12146" lon="-77.567017">
        <ele>108.7</ele>
      </trkpt>
      <trkpt lat="39.121525" lon="-77.567032">
        <ele>108.8</ele>
      </trkpt>
      <trkpt lat="39.12159" lon="-77.567047">
        <ele>108.9</ele>
      </trkpt>
      <trkpt lat="39.121654" lon="-77.567062">
        <ele>108.9</ele>
      </trkpt>
      <trkpt lat="39.121719" lon="-77.567085">
        <ele>109.0</ele>
      </trkpt>
      <trkpt lat="39.12178" lon="-77.567093">
        <ele>109.1</ele>
      </trkpt>
      <trkpt lat="39.121845" lon="-77.567116">
        <ele>109.1</ele>
      </trkpt>
      <trkpt lat="39.121906" lon="-77.567131">
        <ele>109.2</ele>
      </trkpt>
      <trkpt lat="39.121971" lon="-77.567154">
        <ele>109.5</ele>
      </trkpt>
      <trkpt lat="39.122036" lon="-77.567177">
        <ele>109.9</ele>
      </trkpt>
      <trkpt lat="39.122096" lon="-77.5672">
        <ele>110.4</ele>
      </trkpt>
      <trkpt lat="39.122162" lon="-77.567215">
        <ele>110.9</ele>
      </trkpt>
      <trkpt lat="39.122227" lon="-77.56723">
        <ele>111.0</ele>
      </trkpt>
      <trkpt lat="39.122288" lon="-77.567238">
        <ele>111.2</ele>
      </trkpt>
      <trkpt lat="39.122349" lon="-77.567261">
        <ele>111.4</ele>
      </trkpt>
      <trkpt lat="39.12241" lon="-77.567276">
        <ele>111.6</ele>
      </trkpt>
      <trkpt lat="39.122475" lon="-77.567291">
        <ele>111.7</ele>
      </trkpt>
      <trkpt lat="39.122535" lon="-77.567307">
        <ele>111.8</ele>
      </trkpt>
      <trkpt lat="39.122597" lon="-77.567329">
        <ele>111.9</ele>
      </trkpt>
      <trkpt lat="39.122662" lon="-77.567352">
        <ele>112.0</ele>
      </trkpt>
      <trkpt lat="39.122718" lon="-77.567375">
        <ele>112.0</ele>
      </trkpt>
      <trkpt lat="39.122772" lon="-77.567413">
        <ele>112.0</ele>
      </trkpt>
      <trkpt lat="39.122826" lon="-77.567451">
        <ele>112.0</ele>
      </trkpt>
      <trkpt lat="39.122871" lon="-77.567497">
        <ele>112.0</ele>
      </trkpt>
      <trkpt lat="39.122912" lon="-77.567543">
        <ele>111.9</ele>
      </trkpt>
      <trkpt lat="39.122952" lon="-77.567596">
        <ele>111.9</ele>
      </trkpt>
      <trkpt lat="39.12299" lon="-77.56765">
        <ele>111.8</ele>
      </trkpt>
      <trkpt lat="39.123024" lon="-77.567703">
        <ele>111.7</ele>
      </trkpt>
      <trkpt lat="39.123055" lon="-77.567757">
        <ele>111.7</ele>
      </trkpt>
      <trkpt lat="39.123085" lon="-77.56781">
        <ele>111.6</ele>
      </trkpt>
      <trkpt lat="39.123108" lon="-77.567871">
        <ele>111.6</ele>
      </trkpt>
      <trkpt lat="39.123131" lon="-77.567932">
        <ele>111.5</ele>
      </trkpt>
      <trkpt lat="39.123154" lon="-77.567993">
        <ele>111.5</ele>
      </trkpt>
      <trkpt lat="39.12318" lon="-77.568054">
        <ele>111.4</ele>
      </trkpt>
      <trkpt lat="39.123202" lon="-77.568123">
        <ele>111.4</ele>
      </trkpt>
      <trkpt lat="39.12323" lon="-77.568184">
        <ele>111.4</ele>
      </trkpt>
      <trkpt lat="39.123249" lon="-77.568253">
        <ele>111.3</ele>
      </trkpt>
      <trkpt lat="39.123272" lon="-77.568314">
        <ele>111.3</ele>
      </trkpt>
      <trkpt lat="39.123291" lon="-77.568382">
        <ele>111.3</ele>
      </trkpt>
      <trkpt lat="39.123314" lon="-77.568443">
        <ele>111.3</ele>
      </trkpt>
      <trkpt lat="39.123337" lon="-77.568504">
        <ele>111.4</ele>
      </trkpt>
      <trkpt lat="39.123363" lon="-77.568565">
        <ele>111.4</ele>
      </trkpt>
      <trkpt lat="39.123382" lon="-77.568626">
        <ele>111.5</ele>
      </trkpt>
      <trkpt lat="39.123405" lon="-77.568687">
        <ele>111.5</ele>
      </trkpt>
      <trkpt lat="39.123427" lon="-77.568748">
        <ele>111.6</ele>
      </trkpt>
      <trkpt lat="39.123451" lon="-77.56881">
        <ele>111.7</ele>
      </trkpt>
      <trkpt lat="39.123474" lon="-77.568878">
        <ele>111.7</ele>
      </trkpt>
      <trkpt lat="39.123497" lon="-77.568939">
        <ele>111.8</ele>
      </trkpt>
      <trkpt lat="39.12352" lon="-77.569">
        <ele>111.9</ele>
      </trkpt>
      <trkpt lat="39.123543" lon="-77.569069">
        <ele>112.0</ele>
      </trkpt>
      <trkpt lat="39.123565" lon="-77.56913">
        <ele>112.0</ele>
      </trkpt>
      <trkpt lat="39.123589" lon="-77.569199">
        <ele>112.1</ele>
      </trkpt>
      <trkpt lat="39.12361" lon="-77.569267">
        <ele>112.2</ele>
      </trkpt>
      <trkpt lat="39.123634" lon="-77.569328">
        <ele>112.3</ele>
      </trkpt>
      <trkpt lat="39.123657" lon="-77.569389">
        <ele>112.3</ele>
      </trkpt>
      <trkpt lat="39.12368" lon="-77.56945">
        <ele>112.4</ele>
      </trkpt>
      <trkpt lat="39.123707" lon="-77.569511">
        <ele>112.4</ele>
      </trkpt>
      <trkpt lat="39.12373" lon="-77.569571">
        <ele>112.4</ele>
      </trkpt>
      <trkpt lat="39.123753" lon="-77.569633">
        <ele>112.3</ele>
      </trkpt>
      <trkpt lat="39.123772" lon="-77.569702">
        <ele>112.1</ele>
      </trkpt>
      <trkpt lat="39.123795" lon="-77.569763">
        <ele>111.9</ele>
      </trkpt>
      <trkpt lat="39.123814" lon="-77.569817">
        <ele>111.7</ele>
      </trkpt>
      <trkpt lat="39.123837" lon="-77.569878">
        <ele>111.4</ele>
      </trkpt>
      <trkpt lat="39.123863" lon="-77.569939">
        <ele>111.2</ele>
      </trkpt>
      <trkpt lat="39.123886" lon="-77.570007">
        <ele>111.0</ele>
      </trkpt>
      <trkpt lat="39.123913" lon="-77.570076">
        <ele>110.8</ele>
      </trkpt>
      <trkpt lat="39.123936" lon="-77.570145">
        <ele>110.7</ele>
      </trkpt>
      <trkpt lat="39.123959" lon="-77.570213">
        <ele>110.6</ele>
      </trkpt>
      <trkpt lat="39.123985" lon="-77.570282">
        <ele>110.6</ele>
      </trkpt>
      <trkpt lat="39.124008" lon="-77.570351">
        <ele>110.7</ele>
      </trkpt>
      <trkpt lat="39.124035" lon="-77.570427">
        <ele>110.8</ele>
      </trkpt>
      <trkpt lat="39.124058" lon="-77.570496">
        <ele>110.8</ele>
      </trkpt>
      <trkpt lat="39.124077" lon="-77.570564">
        <ele>110.9</ele>
      </trkpt>
      <trkpt lat="39.1241" lon="-77.570625">
        <ele>111.0</ele>
      </trkpt>
      <trkpt lat="39.124119" lon="-77.570686">
        <ele>111.1</ele>
      </trkpt>
      <trkpt lat="39.124138" lon="-77.57074">
        <ele>111.1</ele>
      </trkpt>
      <trkpt lat="39.124153" lon="-77.570786">
        <ele>111.1</ele>
      </trkpt>
      <trkpt lat="39.124168" lon="-77.570839">
        <ele>111.2</ele>
      </trkpt>
      <trkpt lat="39.124187" lon="-77.570892">
        <ele>111.2</ele>
      </trkpt>
      <trkpt lat="39.124207" lon="-77.570946">
        <ele>111.2</ele>
      </trkpt>
      <trkpt lat="39.124226" lon="-77.571007">
        <ele>111.2</ele>
      </trkpt>
      <trkpt lat="39.124249" lon="-77.571068">
        <ele>111.2</ele>
      </trkpt>
      <trkpt lat="39.124271" lon="-77.571129">
        <ele>111.2</ele>
      </trkpt>
      <trkpt lat="39.124294" lon="-77.57119">
        <ele>111.1</ele>
      </trkpt>
      <trkpt lat="39.124317" lon="-77.571259">
        <ele>111.1</ele>
      </trkpt>
      <trkpt lat="39.124339" lon="-77.571335">
        <ele>111.0</ele>
      </trkpt>
      <trkpt lat="39.124367" lon="-77.571419">
        <ele>110.9</ele>
      </trkpt>
      <trkpt lat="39.124393" lon="-77.571487">
        <ele>110.8</ele>
      </trkpt>
      <trkpt lat="39.124424" lon="-77.571571">
        <ele>110.7</ele>
      </trkpt>
      <trkpt lat="39.124454" lon="-77.571655">
        <ele>110.7</ele>
      </trkpt>
      <trkpt lat="39.124488" lon="-77.571738">
        <ele>110.7</ele>
      </trkpt>
      <trkpt lat="39.124535" lon="-77.571815">
        <ele>110.8</ele>
      </trkpt>
      <trkpt lat="39.124588" lon="-77.571877">
        <ele>111.1</ele>
      </trkpt>
      <trkpt lat="39.124649" lon="-77.57193">
        <ele>111.4</ele>
      </trkpt>
      <trkpt lat="39.124718" lon="-77.571968">
        <ele>111.9</ele>
      </trkpt>
      <trkpt lat="39.124786" lon="-77.572006">
        <ele>112.5</ele>
      </trkpt>
      <trkpt lat="39.124854" lon="-77.572037">
        <ele>113.1</ele>
      </trkpt>
      <trkpt lat="39.124928" lon="-77.572067">
        <ele>113.5</ele>
      </trkpt>
      <trkpt lat="39.124992" lon="-77.572104">
        <ele>113.6</ele>
      </trkpt>
      <trkpt lat="39.125061" lon="-77.572128">
        <ele>113.6</ele>
      </trkpt>
      <trkpt lat="39.125118" lon="-77.572159">
        <ele>113.6</ele>
      </trkpt>
      <trkpt lat="39.125172" lon="-77.572189">
        <ele>113.6</ele>
      </trkpt>
      <trkpt lat="39.125225" lon="-77.57222">
        <ele>113.6</ele>
      </trkpt>
      <trkpt lat="39.125275" lon="-77.572243">
        <ele>113.5</ele>
      </trkpt>
      <trkpt lat="39.125324" lon="-77.572258">
        <ele>113.4</ele>
      </trkpt>
      <trkpt lat="39.125378" lon="-77.572289">
        <ele>113.3</ele>
      </trkpt>
      <trkpt lat="39.125431" lon="-77.572304">
        <ele>113.1</ele>
      </trkpt>
      <trkpt lat="39.125488" lon="-77.572327">
        <ele>112.9</ele>
      </trkpt>
      <trkpt lat="39.125542" lon="-77.572342">
        <ele>112.8</ele>
      </trkpt>
      <trkpt lat="39.125594" lon="-77.572365">
        <ele>112.6</ele>
      </trkpt>
      <trkpt lat="39.125652" lon="-77.572388">
        <ele>112.4</ele>
      </trkpt>
      <trkpt lat="39.12571" lon="-77.572403">
        <ele>112.1</ele>
      </trkpt>
      <trkpt lat="39.125763" lon="-77.572433">
        <ele>111.9</ele>
      </trkpt>
      <trkpt lat="39.125816" lon="-77.572456">
        <ele>111.7</ele>
      </trkpt>
      <trkpt lat="39.12587" lon="-77.572479">
        <ele>111.6</ele>
      </trkpt>
      <trkpt lat="39.125923" lon="-77.572502">
        <ele>111.5</ele>
      </trkpt>
      <trkpt lat="39.125977" lon="-77.572517">
        <ele>111.3</ele>
      </trkpt>
      <trkpt lat="39.12603" lon="-77.57254">
        <ele>111.2</ele>
      </trkpt>
      <trkpt lat="39.126083" lon="-77.572563">
        <ele>111.1</ele>
      </trkpt>
      <trkpt lat="39.12614" lon="-77.572586">
        <ele>110.9</ele>
      </trkpt>
      <trkpt lat="39.126194" lon="-77.572609">
        <ele>110.8</ele>
      </trkpt>
      <trkpt lat="39.126247" lon="-77.572632">
        <ele>110.7</ele>
      </trkpt>
      <trkpt lat="39.126305" lon="-77.572655">
        <ele>110.5</ele>
      </trkpt>
      <trkpt lat="39.126358" lon="-77.57267">
        <ele>110.4</ele>
      </trkpt>
      <trkpt lat="39.126411" lon="-77.572693">
        <ele>110.2</ele>
      </trkpt>
      <trkpt lat="39.126465" lon="-77.572716">
        <ele>110.1</ele>
      </trkpt>
      <trkpt lat="39.126518" lon="-77.572739">
        <ele>109.9</ele>
      </trkpt>
      <trkpt lat="39.126572" lon="-77.572762">
        <ele>109.8</ele>
      </trkpt>
      <trkpt lat="39.126621" lon="-77.572784">
        <ele>109.7</ele>
      </trkpt>
      <trkpt lat="39.126671" lon="-77.572807">
        <ele>109.5</ele>
      </trkpt>
      <trkpt lat="39.12672" lon="-77.57283">
        <ele>109.4</ele>
      </trkpt>
      <trkpt lat="39.12677" lon="-77.572845">
        <ele>109.3</ele>
      </trkpt>
      <trkpt lat="39.126816" lon="-77.572853">
        <ele>109.2</ele>
      </trkpt>
      <trkpt lat="39.126862" lon="-77.572868">
        <ele>109.1</ele>
      </trkpt>
      <trkpt lat="39.126904" lon="-77.572884">
        <ele>109.1</ele>
      </trkpt>
      <trkpt lat="39.126949" lon="-77.572906">
        <ele>109.1</ele>
      </trkpt>
      <trkpt lat="39.12699" lon="-77.572922">
        <ele>109.2</ele>
      </trkpt>
      <trkpt lat="39.127033" lon="-77.572937">
        <ele>109.2</ele>
      </trkpt>
      <trkpt lat="39.127075" lon="-77.57296">
        <ele>109.3</ele>
      </trkpt>
      <trkpt lat="39.127117" lon="-77.572975">
        <ele>109.5</ele>
      </trkpt>
      <trkpt lat="39.127155" lon="-77.572998">
        <ele>109.5</ele>
      </trkpt>
      <trkpt lat="39.127193" lon="-77.573013">
        <ele>109.6</ele>
      </trkpt>
      <trkpt lat="39.127232" lon="-77.573021">
        <ele>109.7</ele>
      </trkpt>
      <trkpt lat="39.127262" lon="-77.573036">
        <ele>109.8</ele>
      </trkpt>
      <trkpt lat="39.127296" lon="-77.573051">
        <ele>109.9</ele>
      </trkpt>
      <trkpt lat="39.127322" lon="-77.573074">
        <ele>109.9</ele>
      </trkpt>
      <trkpt lat="39.127464" lon="-77.573166">
        <ele>110.1</ele>
      </trkpt>
      <trkpt lat="39.127483" lon="-77.573174">
        <ele>110.2</ele>
      </trkpt>
      <trkpt lat="39.12751" lon="-77.573174">
        <ele>110.2</ele>
      </trkpt>
      <trkpt lat="39.127548" lon="-77.573181">
        <ele>110.2</ele>
      </trkpt>
      <trkpt lat="39.127586" lon="-77.573189">
        <ele>110.2</ele>
      </trkpt>
      <trkpt lat="39.127628" lon="-77.573204">
        <ele>110.2</ele>
      </trkpt>
      <trkpt lat="39.127674" lon="-77.573219">
        <ele>110.2</ele>
      </trkpt>
      <trkpt lat="39.127719" lon="-77.573235">
        <ele>110.2</ele>
      </trkpt>
      <trkpt lat="39.127769" lon="-77.573257">
        <ele>110.2</ele>
      </trkpt>
      <trkpt lat="39.127819" lon="-77.57328">
        <ele>110.2</ele>
      </trkpt>
      <trkpt lat="39.127868" lon="-77.573296">
        <ele>110.2</ele>
      </trkpt>
      <trkpt lat="39.127922" lon="-77.573318">
        <ele>110.0</ele>
      </trkpt>
      <trkpt lat="39.127975" lon="-77.573341">
        <ele>109.8</ele>
      </trkpt>
      <trkpt lat="39.128033" lon="-77.573364">
        <ele>109.7</ele>
      </trkpt>
      <trkpt lat="39.128094" lon="-77.573387">
        <ele>109.6</ele>
      </trkpt>
      <trkpt lat="39.128151" lon="-77.57341">
        <ele>109.5</ele>
      </trkpt>
      <trkpt lat="39.128212" lon="-77.573433">
        <ele>109.4</ele>
      </trkpt>
      <trkpt lat="39.128277" lon="-77.573463">
        <ele>109.3</ele>
      </trkpt>
      <trkpt lat="39.128345" lon="-77.573486">
        <ele>109.1</ele>
      </trkpt>
      <trkpt lat="39.128414" lon="-77.573517">
        <ele>109.0</ele>
      </trkpt>
      <trkpt lat="39.128487" lon="-77.573547">
        <ele>108.8</ele>
      </trkpt>
      <trkpt lat="39.128559" lon="-77.573578">
        <ele>108.8</ele>
      </trkpt>
      <trkpt lat="39.128632" lon="-77.573616">
        <ele>108.8</ele>
      </trkpt>
      <trkpt lat="39.1287" lon="-77.573662">
        <ele>108.8</ele>
      </trkpt>
      <trkpt lat="39.128777" lon="-77.573715">
        <ele>108.9</ele>
      </trkpt>
      <trkpt lat="39.128841" lon="-77.573776">
        <ele>109.0</ele>
      </trkpt>
      <trkpt lat="39.128906" lon="-77.573837">
        <ele>109.2</ele>
      </trkpt>
      <trkpt lat="39.128967" lon="-77.573905">
        <ele>109.4</ele>
      </trkpt>
      <trkpt lat="39.129028" lon="-77.573975">
        <ele>109.7</ele>
      </trkpt>
      <trkpt lat="39.129086" lon="-77.574036">
        <ele>110.0</ele>
      </trkpt>
      <trkpt lat="39.129147" lon="-77.574104">
        <ele>110.1</ele>
      </trkpt>
      <trkpt lat="39.129204" lon="-77.574164">
        <ele>110.3</ele>
      </trkpt>
      <trkpt lat="39.129261" lon="-77.574226">
        <ele>110.7</ele>
      </trkpt>
      <trkpt lat="39.129318" lon="-77.574295">
        <ele>110.9</ele>
      </trkpt>
      <trkpt lat="39.129371" lon="-77.574356">
        <ele>111.1</ele>
      </trkpt>
      <trkpt lat="39.129433" lon="-77.574417">
        <ele>111.2</ele>
      </trkpt>
      <trkpt lat="39.129489" lon="-77.574478">
        <ele>111.3</ele>
      </trkpt>
      <trkpt lat="39.129543" lon="-77.574539">
        <ele>111.4</ele>
      </trkpt>
      <trkpt lat="39.129596" lon="-77.574608">
        <ele>111.5</ele>
      </trkpt>
      <trkpt lat="39.129654" lon="-77.574669">
        <ele>111.5</ele>
      </trkpt>
      <trkpt lat="39.129715" lon="-77.57473">
        <ele>111.6</ele>
      </trkpt>
      <trkpt lat="39.129772" lon="-77.574791">
        <ele>111.6</ele>
      </trkpt>
      <trkpt lat="39.129837" lon="-77.57486">
        <ele>111.7</ele>
      </trkpt>
      <trkpt lat="39.12989" lon="-77.574913">
        <ele>111.7</ele>
      </trkpt>
      <trkpt lat="39.129948" lon="-77.574982">
        <ele>111.7</ele>
      </trkpt>
      <trkpt lat="39.130005" lon="-77.57505">
        <ele>111.8</ele>
      </trkpt>
      <trkpt lat="39.130062" lon="-77.575119">
        <ele>111.9</ele>
      </trkpt>
      <trkpt lat="39.130123" lon="-77.57518">
        <ele>111.9</ele>
      </trkpt>
      <trkpt lat="39.130177" lon="-77.575249">
        <ele>112.0</ele>
      </trkpt>
      <trkpt lat="39.13023" lon="-77.57531">
        <ele>112.1</ele>
      </trkpt>
      <trkpt lat="39.130291" lon="-77.575371">
        <ele>112.2</ele>
      </trkpt>
      <trkpt lat="39.130356" lon="-77.575432">
        <ele>112.2</ele>
      </trkpt>
      <trkpt lat="39.130417" lon="-77.575493">
        <ele>112.2</ele>
      </trkpt>
      <trkpt lat="39.130477" lon="-77.575554">
        <ele>112.3</ele>
      </trkpt>
      <trkpt lat="39.130539" lon="-77.575615">
        <ele>112.4</ele>
      </trkpt>
      <trkpt lat="39.1306" lon="-77.575684">
        <ele>112.7</ele>
      </trkpt>
      <trkpt lat="39.130665" lon="-77.575745">
        <ele>113.1</ele>
      </trkpt>
      <trkpt lat="39.130733" lon="-77.575806">
        <ele>113.6</ele>
      </trkpt>
      <trkpt lat="39.130798" lon="-77.575867">
        <ele>114.2</ele>
      </trkpt>
      <trkpt lat="39.130867" lon="-77.57592">
        <ele>114.6</ele>
      </trkpt>
      <trkpt lat="39.130939" lon="-77.575974">
        <ele>114.9</ele>
      </trkpt>
      <trkpt lat="39.131004" lon="-77.576019">
        <ele>115.2</ele>
      </trkpt>
      <trkpt lat="39.131073" lon="-77.576072">
        <ele>115.6</ele>
      </trkpt>
      <trkpt lat="39.131144" lon="-77.576117">
        <ele>115.8</ele>
      </trkpt>
      <trkpt lat="39.131214" lon="-77.576172">
        <ele>116.0</ele>
      </trkpt>
      <trkpt lat="39.131283" lon="-77.576233">
        <ele>116.2</ele>
      </trkpt>
      <trkpt lat="39.131351" lon="-77.576286">
        <ele>116.5</ele>
      </trkpt>
      <trkpt lat="39.131424" lon="-77.57634">
        <ele>116.7</ele>
      </trkpt>
      <trkpt lat="39.131496" lon="-77.576393">
        <ele>116.9</ele>
      </trkpt>
      <trkpt lat="39.131565" lon="-77.576447">
        <ele>117.0</ele>
      </trkpt>
      <trkpt lat="39.131634" lon="-77.5765">
        <ele>117.1</ele>
      </trkpt>
      <trkpt lat="39.131706" lon="-77.576561">
        <ele>117.3</ele>
      </trkpt>
      <trkpt lat="39.131775" lon="-77.576622">
        <ele>117.4</ele>
      </trkpt>
      <trkpt lat="39.131844" lon="-77.576683">
        <ele>117.6</ele>
      </trkpt>
      <trkpt lat="39.131915" lon="-77.576744">
        <ele>117.8</ele>
      </trkpt>
      <trkpt lat="39.131989" lon="-77.576804">
        <ele>118.0</ele>
      </trkpt>
      <trkpt lat="39.132057" lon="-77.576866">
        <ele>118.2</ele>
      </trkpt>
      <trkpt lat="39.132126" lon="-77.576927">
        <ele>118.5</ele>
      </trkpt>
      <trkpt lat="39.132195" lon="-77.576996">
        <ele>119.0</ele>
      </trkpt>
      <trkpt lat="39.132263" lon="-77.577072">
        <ele>119.5</ele>
      </trkpt>
      <trkpt lat="39.132328" lon="-77.577164">
        <ele>120.1</ele>
      </trkpt>
      <trkpt lat="39.132397" lon="-77.577254">
        <ele>120.6</ele>
      </trkpt>
      <trkpt lat="39.132469" lon="-77.577339">
        <ele>121.3</ele>
      </trkpt>
      <trkpt lat="39.132545" lon="-77.577431">
        <ele>121.9</ele>
      </trkpt>
      <trkpt lat="39.132603" lon="-77.577507">
        <ele>122.3</ele>
      </trkpt>
      <trkpt lat="39.132656" lon="-77.577591">
        <ele>122.6</ele>
      </trkpt>
      <trkpt lat="39.13271" lon="-77.577675">
        <ele>122.8</ele>
      </trkpt>
      <trkpt lat="39.132755" lon="-77.577766">
        <ele>123.1</ele>
      </trkpt>
      <trkpt lat="39.132796" lon="-77.57785">
        <ele>123.3</ele>
      </trkpt>
      <trkpt lat="39.132843" lon="-77.577941">
        <ele>123.4</ele>
      </trkpt>
      <trkpt lat="39.132885" lon="-77.578041">
        <ele>123.6</ele>
      </trkpt>
      <trkpt lat="39.132923" lon="-77.57814">
        <ele>123.8</ele>
      </trkpt>
      <trkpt lat="39.132965" lon="-77.578239">
        <ele>124.1</ele>
      </trkpt>
      <trkpt lat="39.133007" lon="-77.578323">
        <ele>124.5</ele>
      </trkpt>
      <trkpt lat="39.133045" lon="-77.578415">
        <ele>125.0</ele>
      </trkpt>
      <trkpt lat="39.133083" lon="-77.578514">
        <ele>125.5</ele>
      </trkpt>
      <trkpt lat="39.133128" lon="-77.578613">
        <ele>125.8</ele>
      </trkpt>
      <trkpt lat="39.133183" lon="-77.578712">
        <ele>126.2</ele>
      </trkpt>
      <trkpt lat="39.133244" lon="-77.578796">
        <ele>126.7</ele>
      </trkpt>
      <trkpt lat="39.133305" lon="-77.578888">
        <ele>127.7</ele>
      </trkpt>
      <trkpt lat="39.133369" lon="-77.578971">
        <ele>128.5</ele>
      </trkpt>
      <trkpt lat="39.133434" lon="-77.579063">
        <ele>129.1</ele>
      </trkpt>
      <trkpt lat="39.133503" lon="-77.579147">
        <ele>129.5</ele>
      </trkpt>
      <trkpt lat="39.133567" lon="-77.579239">
        <ele>130.5</ele>
      </trkpt>
      <trkpt lat="39.133629" lon="-77.579323">
        <ele>131.3</ele>
      </trkpt>
      <trkpt lat="39.133686" lon="-77.579407">
        <ele>131.8</ele>
      </trkpt>
      <trkpt lat="39.133739" lon="-77.579498">
        <ele>131.7</ele>
      </trkpt>
      <trkpt lat="39.133793" lon="-77.579605">
        <ele>131.9</ele>
      </trkpt>
      <trkpt lat="39.133839" lon="-77.579704">
        <ele>132.1</ele>
      </trkpt>
      <trkpt lat="39.133877" lon="-77.579796">
        <ele>132.9</ele>
      </trkpt>
      <trkpt lat="39.133915" lon="-77.579887">
        <ele>133.7</ele>
      </trkpt>
      <trkpt lat="39.133953" lon="-77.579979">
        <ele>134.1</ele>
      </trkpt>
      <trkpt lat="39.133987" lon="-77.580078">
        <ele>134.4</ele>
      </trkpt>
      <trkpt lat="39.134022" lon="-77.580177">
        <ele>134.5</ele>
      </trkpt>
      <trkpt lat="39.134051" lon="-77.580276">
        <ele>134.6</ele>
      </trkpt>
      <trkpt lat="39.134087" lon="-77.580383">
        <ele>134.7</ele>
      </trkpt>
      <trkpt lat="39.134121" lon="-77.58049">
        <ele>134.8</ele>
      </trkpt>
      <trkpt lat="39.134167" lon="-77.580597">
        <ele>134.8</ele>
      </trkpt>
      <trkpt lat="39.134212" lon="-77.58071">
        <ele>134.8</ele>
      </trkpt>
      <trkpt lat="39.134274" lon="-77.580833">
        <ele>134.6</ele>
      </trkpt>
      <trkpt lat="39.134346" lon="-77.58094">
        <ele>134.4</ele>
      </trkpt>
      <trkpt lat="39.134426" lon="-77.581047">
        <ele>134.3</ele>
      </trkpt>
      <trkpt lat="39.134514" lon="-77.581138">
        <ele>134.3</ele>
      </trkpt>
      <trkpt lat="39.134609" lon="-77.581238">
        <ele>135.4</ele>
      </trkpt>
      <trkpt lat="39.134697" lon="-77.581329">
        <ele>136.3</ele>
      </trkpt>
      <trkpt lat="39.134792" lon="-77.581421">
        <ele>137.2</ele>
      </trkpt>
      <trkpt lat="39.13488" lon="-77.581505">
        <ele>138.2</ele>
      </trkpt>
      <trkpt lat="39.134963" lon="-77.581588">
        <ele>138.9</ele>
      </trkpt>
      <trkpt lat="39.135048" lon="-77.581673">
        <ele>140.3</ele>
      </trkpt>
      <trkpt lat="39.135143" lon="-77.58174">
        <ele>141.6</ele>
      </trkpt>
      <trkpt lat="39.135254" lon="-77.58181">
        <ele>142.8</ele>
      </trkpt>
      <trkpt lat="39.135376" lon="-77.581871">
        <ele>144.4</ele>
      </trkpt>
      <trkpt lat="39.135506" lon="-77.58194">
        <ele>145.4</ele>
      </trkpt>
      <trkpt lat="39.13562" lon="-77.581993">
        <ele>146.7</ele>
      </trkpt>
      <trkpt lat="39.135742" lon="-77.582047">
        <ele>147.6</ele>
      </trkpt>
      <trkpt lat="39.135853" lon="-77.582108">
        <ele>148.3</ele>
      </trkpt>
      <trkpt lat="39.135967" lon="-77.582176">
        <ele>149.8</ele>
      </trkpt>
      <trkpt lat="39.136078" lon="-77.582245">
        <ele>150.5</ele>
      </trkpt>
      <trkpt lat="39.136185" lon="-77.58232">
        <ele>150.9</ele>
      </trkpt>
      <trkpt lat="39.136276" lon="-77.58239">
        <ele>151.7</ele>
      </trkpt>
      <trkpt lat="39.136364" lon="-77.582458">
        <ele>153.2</ele>
      </trkpt>
      <trkpt lat="39.136452" lon="-77.58252">
        <ele>154.9</ele>
      </trkpt>
      <trkpt lat="39.136517" lon="-77.582588">
        <ele>156.0</ele>
      </trkpt>
      <trkpt lat="39.136589" lon="-77.582664">
        <ele>156.8</ele>
      </trkpt>
      <trkpt lat="39.136658" lon="-77.582733">
        <ele>157.5</ele>
      </trkpt>
      <trkpt lat="39.13673" lon="-77.582802">
        <ele>158.6</ele>
      </trkpt>
      <trkpt lat="39.136806" lon="-77.58287">
        <ele>159.9</ele>
      </trkpt>
      <trkpt lat="39.136879" lon="-77.582939">
        <ele>161.2</ele>
      </trkpt>
      <trkpt lat="39.136959" lon="-77.582993">
        <ele>162.3</ele>
      </trkpt>
      <trkpt lat="39.137035" lon="-77.583046">
        <ele>163.0</ele>
      </trkpt>
      <trkpt lat="39.137119" lon="-77.583107">
        <ele>163.5</ele>
      </trkpt>
      <trkpt lat="39.137211" lon="-77.583145">
        <ele>164.4</ele>
      </trkpt>
      <trkpt lat="39.13731" lon="-77.583183">
        <ele>166.1</ele>
      </trkpt>
      <trkpt lat="39.137413" lon="-77.583221">
        <ele>167.2</ele>
      </trkpt>
      <trkpt lat="39.137516" lon="-77.583243">
        <ele>168.0</ele>
      </trkpt>
      <trkpt lat="39.137627" lon="-77.583275">
        <ele>168.6</ele>
      </trkpt>
      <trkpt lat="39.137733" lon="-77.583313">
        <ele>169.0</ele>
      </trkpt>
      <trkpt lat="39.137833" lon="-77.583344">
        <ele>169.3</ele>
      </trkpt>
      <trkpt lat="39.137932" lon="-77.583382">
        <ele>169.4</ele>
      </trkpt>
      <trkpt lat="39.138022" lon="-77.58342">
        <ele>169.6</ele>
      </trkpt>
      <trkpt lat="39.138111" lon="-77.583457">
        <ele>169.7</ele>
      </trkpt>
      <trkpt lat="39.138195" lon="-77.583496">
        <ele>169.9</ele>
      </trkpt>
      <trkpt lat="39.138283" lon="-77.583534">
        <ele>170.4</ele>
      </trkpt>
      <trkpt lat="39.138371" lon="-77.583564">
        <ele>171.8</ele>
      </trkpt>
      <trkpt lat="39.138443" lon="-77.583603">
        <ele>173.1</ele>
      </trkpt>
      <trkpt lat="39.138515" lon="-77.583649">
        <ele>174.4</ele>
      </trkpt>
      <trkpt lat="39.138573" lon="-77.583687">
        <ele>175.6</ele>
      </trkpt>
      <trkpt lat="39.13863" lon="-77.58374">
        <ele>176.8</ele>
      </trkpt>
      <trkpt lat="39.138672" lon="-77.583794">
        <ele>177.6</ele>
      </trkpt>
      <trkpt lat="39.138714" lon="-77.583855">
        <ele>178.2</ele>
      </trkpt>
      <trkpt lat="39.138748" lon="-77.583907">
        <ele>178.5</ele>
      </trkpt>
      <trkpt lat="39.138775" lon="-77.583961">
        <ele>178.6</ele>
      </trkpt>
      <trkpt lat="39.138802" lon="-77.584014">
        <ele>178.5</ele>
      </trkpt>
      <trkpt lat="39.138821" lon="-77.584068">
        <ele>178.3</ele>
      </trkpt>
      <trkpt lat="39.138836" lon="-77.584114">
        <ele>178.0</ele>
      </trkpt>
      <trkpt lat="39.138855" lon="-77.58416">
        <ele>177.6</ele>
      </trkpt>
      <trkpt lat="39.13887" lon="-77.584198">
        <ele>177.2</ele>
      </trkpt>
      <trkpt lat="39.138885" lon="-77.584244">
        <ele>176.7</ele>
      </trkpt>
      <trkpt lat="39.138897" lon="-77.584282">
        <ele>176.4</ele>
      </trkpt>
      <trkpt lat="39.138916" lon="-77.58432">
        <ele>176.3</ele>
      </trkpt>
      <trkpt lat="39.138931" lon="-77.584366">
        <ele>176.0</ele>
      </trkpt>
      <trkpt lat="39.13895" lon="-77.584412">
        <ele>175.8</ele>
      </trkpt>
      <trkpt lat="39.138966" lon="-77.58445">
        <ele>175.6</ele>
      </trkpt>
      <trkpt lat="39.138985" lon="-77.58448">
        <ele>175.5</ele>
      </trkpt>
      <trkpt lat="39.139007" lon="-77.584511">
        <ele>175.4</ele>
      </trkpt>
      <trkpt lat="39.139027" lon="-77.584541">
        <ele>175.3</ele>
      </trkpt>
      <trkpt lat="39.13905" lon="-77.584579">
        <ele>175.1</ele>
      </trkpt>
      <trkpt lat="39.139065" lon="-77.584618">
        <ele>174.9</ele>
      </trkpt>
      <trkpt lat="39.139088" lon="-77.584656">
        <ele>174.6</ele>
      </trkpt>
      <trkpt lat="39.139114" lon="-77.584694">
        <ele>174.3</ele>
      </trkpt>
      <trkpt lat="39.139145" lon="-77.584732">
        <ele>174.0</ele>
      </trkpt>
      <trkpt lat="39.139175" lon="-77.584763">
        <ele>173.6</ele>
      </trkpt>
      <trkpt lat="39.139214" lon="-77.584793">
        <ele>173.2</ele>
      </trkpt>
      <trkpt lat="39.139248" lon="-77.584824">
        <ele>172.8</ele>
      </trkpt>
      <trkpt lat="39.139278" lon="-77.584846">
        <ele>172.6</ele>
      </trkpt>
      <trkpt lat="39.139309" lon="-77.584877">
        <ele>172.4</ele>
      </trkpt>
      <trkpt lat="39.139342" lon="-77.584908">
        <ele>172.2</ele>
      </trkpt>
      <trkpt lat="39.139378" lon="-77.584937">
        <ele>172.0</ele>
      </trkpt>
      <trkpt lat="39.139408" lon="-77.584961">
        <ele>171.8</ele>
      </trkpt>
      <trkpt lat="39.139435" lon="-77.584991">
        <ele>171.5</ele>
      </trkpt>
      <trkpt lat="39.139465" lon="-77.58503">
        <ele>171.1</ele>
      </trkpt>
      <trkpt lat="39.139496" lon="-77.585068">
        <ele>170.6</ele>
      </trkpt>
      <trkpt lat="39.139522" lon="-77.585098">
        <ele>170.2</ele>
      </trkpt>
      <trkpt lat="39.139553" lon="-77.585136">
        <ele>169.8</ele>
      </trkpt>
      <trkpt lat="39.13958" lon="-77.585167">
        <ele>169.5</ele>
      </trkpt>
      <trkpt lat="39.139598" lon="-77.585205">
        <ele>169.0</ele>
      </trkpt>
      <trkpt lat="39.139622" lon="-77.585236">
        <ele>168.6</ele>
      </trkpt>
      <trkpt lat="39.139645" lon="-77.585274">
        <ele>168.1</ele>
      </trkpt>
      <trkpt lat="39.139664" lon="-77.585312">
        <ele>167.6</ele>
      </trkpt>
      <trkpt lat="39.13969" lon="-77.58535">
        <ele>167.0</ele>
      </trkpt>
      <trkpt lat="39.139717" lon="-77.585388">
        <ele>166.5</ele>
      </trkpt>
      <trkpt lat="39.139748" lon="-77.585419">
        <ele>166.2</ele>
      </trkpt>
      <trkpt lat="39.139778" lon="-77.585457">
        <ele>165.9</ele>
      </trkpt>
      <trkpt lat="39.139801" lon="-77.58548">
        <ele>165.6</ele>
      </trkpt>
      <trkpt lat="39.139835" lon="-77.58551">
        <ele>165.1</ele>
      </trkpt>
      <trkpt lat="39.13987" lon="-77.585541">
        <ele>164.6</ele>
      </trkpt>
      <trkpt lat="39.139904" lon="-77.585571">
        <ele>164.1</ele>
      </trkpt>
      <trkpt lat="39.139938" lon="-77.585609">
        <ele>163.7</ele>
      </trkpt>
      <trkpt lat="39.139964" lon="-77.58564">
        <ele>163.3</ele>
      </trkpt>
      <trkpt lat="39.139999" lon="-77.585669">
        <ele>162.9</ele>
      </trkpt>
      <trkpt lat="39.140034" lon="-77.585701">
        <ele>162.4</ele>
      </trkpt>
      <trkpt lat="39.140064" lon="-77.585724">
        <ele>161.9</ele>
      </trkpt>
      <trkpt lat="39.140102" lon="-77.585754">
        <ele>161.3</ele>
      </trkpt>
      <trkpt lat="39.140144" lon="-77.585776">
        <ele>160.7</ele>
      </trkpt>
      <trkpt lat="39.140186" lon="-77.5858">
        <ele>160.1</ele>
      </trkpt>
      <trkpt lat="39.140224" lon="-77.585823">
        <ele>159.5</ele>
      </trkpt>
      <trkpt lat="39.140265" lon="-77.585846">
        <ele>158.8</ele>
      </trkpt>
      <trkpt lat="39.140308" lon="-77.585869">
        <ele>158.1</ele>
      </trkpt>
      <trkpt lat="39.140354" lon="-77.585892">
        <ele>157.4</ele>
      </trkpt>
      <trkpt lat="39.1404" lon="-77.585915">
        <ele>156.7</ele>
      </trkpt>
      <trkpt lat="39.140442" lon="-77.58593">
        <ele>156.1</ele>
      </trkpt>
      <trkpt lat="39.140491" lon="-77.585945">
        <ele>155.5</ele>
      </trkpt>
      <trkpt lat="39.140533" lon="-77.58596">
        <ele>155.0</ele>
      </trkpt>
      <trkpt lat="39.140583" lon="-77.585968">
        <ele>154.5</ele>
      </trkpt>
      <trkpt lat="39.140628" lon="-77.585983">
        <ele>154.0</ele>
      </trkpt>
      <trkpt lat="39.140671" lon="-77.585999">
        <ele>153.3</ele>
      </trkpt>
      <trkpt lat="39.140713" lon="-77.586006">
        <ele>152.6</ele>
      </trkpt>
      <trkpt lat="39.140759" lon="-77.586014">
        <ele>151.8</ele>
      </trkpt>
      <trkpt lat="39.1408" lon="-77.586029">
        <ele>150.9</ele>
      </trkpt>
      <trkpt lat="39.140842" lon="-77.586037">
        <ele>150.1</ele>
      </trkpt>
      <trkpt lat="39.140887" lon="-77.586052">
        <ele>149.4</ele>
      </trkpt>
      <trkpt lat="39.14093" lon="-77.586052">
        <ele>149.0</ele>
      </trkpt>
      <trkpt lat="39.140976" lon="-77.58606">
        <ele>148.7</ele>
      </trkpt>
      <trkpt lat="39.141022" lon="-77.586067">
        <ele>148.4</ele>
      </trkpt>
      <trkpt lat="39.141064" lon="-77.586074">
        <ele>148.2</ele>
      </trkpt>
      <trkpt lat="39.141106" lon="-77.586082">
        <ele>147.9</ele>
      </trkpt>
      <trkpt lat="39.141148" lon="-77.586082">
        <ele>147.5</ele>
      </trkpt>
      <trkpt lat="39.141193" lon="-77.586074">
        <ele>147.1</ele>
      </trkpt>
      <trkpt lat="39.141235" lon="-77.586067">
        <ele>146.7</ele>
      </trkpt>
      <trkpt lat="39.141273" lon="-77.586067">
        <ele>146.3</ele>
      </trkpt>
      <trkpt lat="39.141319" lon="-77.586052">
        <ele>145.9</ele>
      </trkpt>
      <trkpt lat="39.141369" lon="-77.586021">
        <ele>145.6</ele>
      </trkpt>
      <trkpt lat="39.141418" lon="-77.585991">
        <ele>145.4</ele>
      </trkpt>
      <trkpt lat="39.141468" lon="-77.58596">
        <ele>145.4</ele>
      </trkpt>
      <trkpt lat="39.141525" lon="-77.585915">
        <ele>145.4</ele>
      </trkpt>
      <trkpt lat="39.141575" lon="-77.585876">
        <ele>145.4</ele>
      </trkpt>
      <trkpt lat="39.141628" lon="-77.585831">
        <ele>145.4</ele>
      </trkpt>
      <trkpt lat="39.141682" lon="-77.585785">
        <ele>145.5</ele>
      </trkpt>
      <trkpt lat="39.141731" lon="-77.585747">
        <ele>145.5</ele>
      </trkpt>
      <trkpt lat="39.141773" lon="-77.585709">
        <ele>145.5</ele>
      </trkpt>
      <trkpt lat="39.141815" lon="-77.585678">
        <ele>145.5</ele>
      </trkpt>
      <trkpt lat="39.141853" lon="-77.585655">
        <ele>145.4</ele>
      </trkpt>
      <trkpt lat="39.141899" lon="-77.585632">
        <ele>145.2</ele>
      </trkpt>
      <trkpt lat="39.141945" lon="-77.585617">
        <ele>145.0</ele>
      </trkpt>
      <trkpt lat="39.141991" lon="-77.585609">
        <ele>144.4</ele>
      </trkpt>
      <trkpt lat="39.14204" lon="-77.585587">
        <ele>143.7</ele>
      </trkpt>
      <trkpt lat="39.142086" lon="-77.585571">
        <ele>143.2</ele>
      </trkpt>
      <trkpt lat="39.142136" lon="-77.585556">
        <ele>142.7</ele>
      </trkpt>
      <trkpt lat="39.142185" lon="-77.585548">
        <ele>142.5</ele>
      </trkpt>
      <trkpt lat="39.142235" lon="-77.585533">
        <ele>142.4</ele>
      </trkpt>
      <trkpt lat="39.14228" lon="-77.58551">
        <ele>142.4</ele>
      </trkpt>
      <trkpt lat="39.142326" lon="-77.585487">
        <ele>142.3</ele>
      </trkpt>
      <trkpt lat="39.142372" lon="-77.585472">
        <ele>142.2</ele>
      </trkpt>
      <trkpt lat="39.142426" lon="-77.585464">
        <ele>142.0</ele>
      </trkpt>
      <trkpt lat="39.142479" lon="-77.585457">
        <ele>141.8</ele>
      </trkpt>
      <trkpt lat="39.142532" lon="-77.585442">
        <ele>141.4</ele>
      </trkpt>
      <trkpt lat="39.142582" lon="-77.585426">
        <ele>141.0</ele>
      </trkpt>
      <trkpt lat="39.142632" lon="-77.58541">
        <ele>140.4</ele>
      </trkpt>
      <trkpt lat="39.142685" lon="-77.585396">
        <ele>139.8</ele>
      </trkpt>
      <trkpt lat="39.142746" lon="-77.585373">
        <ele>139.2</ele>
      </trkpt>
      <trkpt lat="39.142811" lon="-77.58535">
        <ele>138.7</ele>
      </trkpt>
      <trkpt lat="39.142876" lon="-77.58532">
        <ele>138.3</ele>
      </trkpt>
      <trkpt lat="39.142952" lon="-77.585289">
        <ele>137.8</ele>
      </trkpt>
      <trkpt lat="39.143005" lon="-77.585266">
        <ele>137.3</ele>
      </trkpt>
      <trkpt lat="39.143051" lon="-77.585236">
        <ele>136.9</ele>
      </trkpt>
      <trkpt lat="39.143093" lon="-77.585205">
        <ele>136.7</ele>
      </trkpt>
      <trkpt lat="39.143143" lon="-77.585175">
        <ele>136.6</ele>
      </trkpt>
      <trkpt lat="39.143185" lon="-77.585144">
        <ele>136.4</ele>
      </trkpt>
      <trkpt lat="39.143223" lon="-77.585106">
        <ele>136.3</ele>
      </trkpt>
      <trkpt lat="39.143265" lon="-77.585075">
        <ele>136.2</ele>
      </trkpt>
      <trkpt lat="39.143303" lon="-77.585044">
        <ele>136.1</ele>
      </trkpt>
      <trkpt lat="39.143337" lon="-77.585022">
        <ele>136.0</ele>
      </trkpt>
      <trkpt lat="39.143379" lon="-77.584991">
        <ele>135.9</ele>
      </trkpt>
      <trkpt lat="39.143414" lon="-77.584969">
        <ele>135.8</ele>
      </trkpt>
      <trkpt lat="39.143448" lon="-77.584946">
        <ele>135.7</ele>
      </trkpt>
      <trkpt lat="39.14349" lon="-77.584915">
        <ele>135.6</ele>
      </trkpt>
      <trkpt lat="39.143532" lon="-77.584877">
        <ele>135.6</ele>
      </trkpt>
      <trkpt lat="39.143578" lon="-77.584839">
        <ele>135.6</ele>
      </trkpt>
      <trkpt lat="39.14362" lon="-77.584801">
        <ele>135.6</ele>
      </trkpt>
      <trkpt lat="39.143665" lon="-77.584763">
        <ele>135.6</ele>
      </trkpt>
      <trkpt lat="39.143711" lon="-77.584724">
        <ele>135.7</ele>
      </trkpt>
      <trkpt lat="39.143764" lon="-77.584686">
        <ele>135.6</ele>
      </trkpt>
      <trkpt lat="39.14381" lon="-77.584656">
        <ele>135.5</ele>
      </trkpt>
      <trkpt lat="39.143852" lon="-77.584633">
        <ele>135.4</ele>
      </trkpt>
      <trkpt lat="39.143894" lon="-77.584602">
        <ele>135.3</ele>
      </trkpt>
      <trkpt lat="39.143935" lon="-77.584579">
        <ele>135.3</ele>
      </trkpt>
      <trkpt lat="39.143967" lon="-77.584557">
        <ele>135.2</ele>
      </trkpt>
      <trkpt lat="39.144008" lon="-77.584534">
        <ele>135.1</ele>
      </trkpt>
      <trkpt lat="39.144051" lon="-77.584511">
        <ele>135.0</ele>
      </trkpt>
      <trkpt lat="39.144084" lon="-77.584487">
        <ele>134.9</ele>
      </trkpt>
      <trkpt lat="39.144131" lon="-77.584473">
        <ele>134.6</ele>
      </trkpt>
      <trkpt lat="39.14418" lon="-77.584457">
        <ele>134.2</ele>
      </trkpt>
      <trkpt lat="39.144234" lon="-77.584442">
        <ele>133.8</ele>
      </trkpt>
      <trkpt lat="39.144291" lon="-77.584427">
        <ele>133.5</ele>
      </trkpt>
      <trkpt lat="39.144343" lon="-77.584412">
        <ele>133.4</ele>
      </trkpt>
      <trkpt lat="39.144394" lon="-77.584396">
        <ele>133.4</ele>
      </trkpt>
      <trkpt lat="39.144447" lon="-77.58438">
        <ele>133.4</ele>
      </trkpt>
      <trkpt lat="39.144497" lon="-77.584366">
        <ele>133.4</ele>
      </trkpt>
      <trkpt lat="39.144547" lon="-77.584358">
        <ele>133.4</ele>
      </trkpt>
      <trkpt lat="39.144611" lon="-77.584343">
        <ele>133.4</ele>
      </trkpt>
      <trkpt lat="39.144665" lon="-77.584335">
        <ele>133.2</ele>
      </trkpt>
      <trkpt lat="39.144722" lon="-77.584328">
        <ele>132.9</ele>
      </trkpt>
      <trkpt lat="39.144791" lon="-77.58432">
        <ele>132.5</ele>
      </trkpt>
      <trkpt lat="39.144855" lon="-77.58432">
        <ele>132.0</ele>
      </trkpt>
      <trkpt lat="39.144909" lon="-77.584328">
        <ele>131.5</ele>
      </trkpt>
      <trkpt lat="39.144958" lon="-77.584335">
        <ele>131.2</ele>
      </trkpt>
      <trkpt lat="39.145016" lon="-77.584351">
        <ele>130.7</ele>
      </trkpt>
      <trkpt lat="39.145058" lon="-77.584358">
        <ele>130.5</ele>
      </trkpt>
      <trkpt lat="39.145103" lon="-77.584373">
        <ele>130.4</ele>
      </trkpt>
      <trkpt lat="39.145161" lon="-77.584373">
        <ele>130.4</ele>
      </trkpt>
      <trkpt lat="39.145218" lon="-77.584373">
        <ele>130.6</ele>
      </trkpt>
      <trkpt lat="39.145279" lon="-77.584366">
        <ele>130.7</ele>
      </trkpt>
      <trkpt lat="39.14534" lon="-77.584358">
        <ele>131.0</ele>
      </trkpt>
      <trkpt lat="39.145404" lon="-77.584343">
        <ele>131.3</ele>
      </trkpt>
      <trkpt lat="39.145458" lon="-77.58432">
        <ele>131.5</ele>
      </trkpt>
      <trkpt lat="39.145523" lon="-77.584282">
        <ele>131.5</ele>
      </trkpt>
      <trkpt lat="39.14558" lon="-77.584251">
        <ele>131.6</ele>
      </trkpt>
      <trkpt lat="39.145638" lon="-77.584213">
        <ele>131.6</ele>
      </trkpt>
      <trkpt lat="39.145699" lon="-77.584175">
        <ele>131.6</ele>
      </trkpt>
      <trkpt lat="39.145752" lon="-77.584137">
        <ele>131.5</ele>
      </trkpt>
      <trkpt lat="39.145809" lon="-77.584091">
        <ele>131.5</ele>
      </trkpt>
      <trkpt lat="39.145859" lon="-77.584045">
        <ele>131.4</ele>
      </trkpt>
      <trkpt lat="39.145908" lon="-77.584014">
        <ele>131.6</ele>
      </trkpt>
      <trkpt lat="39.145954" lon="-77.583977">
        <ele>131.7</ele>
      </trkpt>
      <trkpt lat="39.146" lon="-77.583946">
        <ele>131.7</ele>
      </trkpt>
      <trkpt lat="39.146034" lon="-77.583907">
        <ele>131.7</ele>
      </trkpt>
      <trkpt lat="39.146069" lon="-77.583878">
        <ele>131.8</ele>
      </trkpt>
      <trkpt lat="39.146102" lon="-77.583839">
        <ele>131.7</ele>
      </trkpt>
      <trkpt lat="39.146137" lon="-77.5838">
        <ele>131.7</ele>
      </trkpt>
      <trkpt lat="39.146168" lon="-77.583778">
        <ele>131.7</ele>
      </trkpt>
      <trkpt lat="39.146198" lon="-77.58374">
        <ele>131.7</ele>
      </trkpt>
      <trkpt lat="39.146229" lon="-77.583702">
        <ele>131.7</ele>
      </trkpt>
      <trkpt lat="39.146259" lon="-77.583664">
        <ele>131.5</ele>
      </trkpt>
      <trkpt lat="39.146278" lon="-77.583633">
        <ele>131.4</ele>
      </trkpt>
      <trkpt lat="39.146296" lon="-77.583611">
        <ele>131.5</ele>
      </trkpt>
      <trkpt lat="39.146332" lon="-77.583572">
        <ele>130.6</ele>
      </trkpt>
      <trkpt lat="39.146362" lon="-77.583534">
        <ele>130.0</ele>
      </trkpt>
      <trkpt lat="39.146385" lon="-77.583511">
        <ele>129.7</ele>
      </trkpt>
      <trkpt lat="39.146412" lon="-77.583481">
        <ele>129.3</ele>
      </trkpt>
      <trkpt lat="39.146442" lon="-77.58345">
        <ele>128.9</ele>
      </trkpt>
      <trkpt lat="39.146461" lon="-77.583435">
        <ele>128.8</ele>
      </trkpt>
      <trkpt lat="39.146484" lon="-77.58342">
        <ele>128.6</ele>
      </trkpt>
      <trkpt lat="39.14651" lon="-77.583397">
        <ele>128.3</ele>
      </trkpt>
      <trkpt lat="39.146538" lon="-77.583366">
        <ele>127.9</ele>
      </trkpt>
      <trkpt lat="39.146564" lon="-77.583344">
        <ele>127.5</ele>
      </trkpt>
      <trkpt lat="39.146595" lon="-77.583313">
        <ele>127.4</ele>
      </trkpt>
      <trkpt lat="39.146617" lon="-77.583275">
        <ele>127.2</ele>
      </trkpt>
      <trkpt lat="39.146641" lon="-77.583243">
        <ele>126.9</ele>
      </trkpt>
      <trkpt lat="39.146664" lon="-77.583198">
        <ele>126.7</ele>
      </trkpt>
      <trkpt lat="39.146687" lon="-77.58316">
        <ele>126.6</ele>
      </trkpt>
      <trkpt lat="39.146721" lon="-77.583122">
        <ele>126.4</ele>
      </trkpt>
      <trkpt lat="39.146751" lon="-77.583084">
        <ele>126.2</ele>
      </trkpt>
      <trkpt lat="39.146778" lon="-77.583046">
        <ele>126.1</ele>
      </trkpt>
      <trkpt lat="39.146805" lon="-77.583">
        <ele>125.9</ele>
      </trkpt>
      <trkpt lat="39.146835" lon="-77.582954">
        <ele>125.7</ele>
      </trkpt>
      <trkpt lat="39.146866" lon="-77.582916">
        <ele>125.6</ele>
      </trkpt>
      <trkpt lat="39.146896" lon="-77.582886">
        <ele>125.6</ele>
      </trkpt>
      <trkpt lat="39.146923" lon="-77.582855">
        <ele>125.5</ele>
      </trkpt>
      <trkpt lat="39.146957" lon="-77.582817">
        <ele>125.4</ele>
      </trkpt>
      <trkpt lat="39.146984" lon="-77.582779">
        <ele>125.1</ele>
      </trkpt>
      <trkpt lat="39.147011" lon="-77.582741">
        <ele>124.8</ele>
      </trkpt>
      <trkpt lat="39.147045" lon="-77.582718">
        <ele>124.7</ele>
      </trkpt>
      <trkpt lat="39.147079" lon="-77.582695">
        <ele>124.4</ele>
      </trkpt>
      <trkpt lat="39.147118" lon="-77.582672">
        <ele>124.2</ele>
      </trkpt>
      <trkpt lat="39.147156" lon="-77.582642">
        <ele>124.1</ele>
      </trkpt>
      <trkpt lat="39.14719" lon="-77.582611">
        <ele>124.1</ele>
      </trkpt>
      <trkpt lat="39.147224" lon="-77.582573">
        <ele>124.1</ele>
      </trkpt>
      <trkpt lat="39.147263" lon="-77.582542">
        <ele>124.0</ele>
      </trkpt>
      <trkpt lat="39.147301" lon="-77.582512">
        <ele>124.0</ele>
      </trkpt>
      <trkpt lat="39.147343" lon="-77.582489">
        <ele>124.0</ele>
      </trkpt>
      <trkpt lat="39.147385" lon="-77.582466">
        <ele>123.8</ele>
      </trkpt>
      <trkpt lat="39.147433" lon="-77.582443">
        <ele>123.6</ele>
      </trkpt>
      <trkpt lat="39.14748" lon="-77.582436">
        <ele>123.4</ele>
      </trkpt>
      <trkpt lat="39.147533" lon="-77.582427">
        <ele>123.0</ele>
      </trkpt>
      <trkpt lat="39.147587" lon="-77.582443">
        <ele>122.8</ele>
      </trkpt>
      <trkpt lat="39.14764" lon="-77.582474">
        <ele>122.4</ele>
      </trkpt>
      <trkpt lat="39.147678" lon="-77.582534">
        <ele>122.4</ele>
      </trkpt>
      <trkpt lat="39.147717" lon="-77.582603">
        <ele>123.4</ele>
      </trkpt>
      <trkpt lat="39.147747" lon="-77.582672">
        <ele>123.9</ele>
      </trkpt>
      <trkpt lat="39.147774" lon="-77.582756">
        <ele>123.6</ele>
      </trkpt>
      <trkpt lat="39.147799" lon="-77.58284">
        <ele>123.8</ele>
      </trkpt>
      <trkpt lat="39.14783" lon="-77.582916">
        <ele>124.0</ele>
      </trkpt>
      <trkpt lat="39.147865" lon="-77.582993">
        <ele>124.2</ele>
      </trkpt>
      <trkpt lat="39.147906" lon="-77.583061">
        <ele>124.5</ele>
      </trkpt>
      <trkpt lat="39.147957" lon="-77.583122">
        <ele>124.8</ele>
      </trkpt>
      <trkpt lat="39.148014" lon="-77.583168">
        <ele>125.4</ele>
      </trkpt>
      <trkpt lat="39.148083" lon="-77.583198">
        <ele>126.0</ele>
      </trkpt>
      <trkpt lat="39.148159" lon="-77.583229">
        <ele>126.7</ele>
      </trkpt>
      <trkpt lat="39.148232" lon="-77.58326">
        <ele>127.1</ele>
      </trkpt>
      <trkpt lat="39.148304" lon="-77.583282">
        <ele>127.4</ele>
      </trkpt>
      <trkpt lat="39.148384" lon="-77.583305">
        <ele>127.8</ele>
      </trkpt>
      <trkpt lat="39.148468" lon="-77.583336">
        <ele>129.1</ele>
      </trkpt>
      <trkpt lat="39.148544" lon="-77.583359">
        <ele>130.7</ele>
      </trkpt>
      <trkpt lat="39.148636" lon="-77.583382">
        <ele>132.3</ele>
      </trkpt>
      <trkpt lat="39.148724" lon="-77.583405">
        <ele>133.6</ele>
      </trkpt>
      <trkpt lat="39.148804" lon="-77.583435">
        <ele>134.5</ele>
      </trkpt>
      <trkpt lat="39.148891" lon="-77.58345">
        <ele>135.9</ele>
      </trkpt>
      <trkpt lat="39.148968" lon="-77.583473">
        <ele>136.8</ele>
      </trkpt>
      <trkpt lat="39.149048" lon="-77.583496">
        <ele>137.5</ele>
      </trkpt>
      <trkpt lat="39.149128" lon="-77.583504">
        <ele>138.4</ele>
      </trkpt>
      <trkpt lat="39.149204" lon="-77.583511">
        <ele>139.2</ele>
      </trkpt>
      <trkpt lat="39.149281" lon="-77.583519">
        <ele>140.0</ele>
      </trkpt>
      <trkpt lat="39.149357" lon="-77.583534">
        <ele>141.1</ele>
      </trkpt>
      <trkpt lat="39.149441" lon="-77.583549">
        <ele>142.5</ele>
      </trkpt>
      <trkpt lat="39.149525" lon="-77.583564">
        <ele>143.7</ele>
      </trkpt>
      <trkpt lat="39.149609" lon="-77.583572">
        <ele>144.7</ele>
      </trkpt>
      <trkpt lat="39.149696" lon="-77.583588">
        <ele>145.8</ele>
      </trkpt>
      <trkpt lat="39.149776" lon="-77.583618">
        <ele>147.2</ele>
      </trkpt>
      <trkpt lat="39.149859" lon="-77.583649">
        <ele>149.1</ele>
      </trkpt>
      <trkpt lat="39.14994" lon="-77.583694">
        <ele>150.3</ele>
      </trkpt>
      <trkpt lat="39.150021" lon="-77.58374">
        <ele>151.2</ele>
      </trkpt>
      <trkpt lat="39.150097" lon="-77.583786">
        <ele>151.8</ele>
      </trkpt>
      <trkpt lat="39.150177" lon="-77.583832">
        <ele>152.6</ele>
      </trkpt>
      <trkpt lat="39.150253" lon="-77.583885">
        <ele>153.6</ele>
      </trkpt>
      <trkpt lat="39.150318" lon="-77.583939">
        <ele>154.3</ele>
      </trkpt>
      <trkpt lat="39.150387" lon="-77.583977">
        <ele>154.9</ele>
      </trkpt>
      <trkpt lat="39.150455" lon="-77.584014">
        <ele>155.7</ele>
      </trkpt>
      <trkpt lat="39.15052" lon="-77.584053">
        <ele>156.3</ele>
      </trkpt>
      <trkpt lat="39.150588" lon="-77.584091">
        <ele>156.7</ele>
      </trkpt>
      <trkpt lat="39.150661" lon="-77.584137">
        <ele>157.0</ele>
      </trkpt>
      <trkpt lat="39.150737" lon="-77.584175">
        <ele>157.1</ele>
      </trkpt>
      <trkpt lat="39.150822" lon="-77.584221">
        <ele>157.3</ele>
      </trkpt>
      <trkpt lat="39.150902" lon="-77.584259">
        <ele>157.3</ele>
      </trkpt>
      <trkpt lat="39.150982" lon="-77.584297">
        <ele>157.3</ele>
      </trkpt>
      <trkpt lat="39.151066" lon="-77.584343">
        <ele>157.4</ele>
      </trkpt>
      <trkpt lat="39.151165" lon="-77.584389">
        <ele>157.6</ele>
      </trkpt>
      <trkpt lat="39.151252" lon="-77.584419">
        <ele>158.1</ele>
      </trkpt>
      <trkpt lat="39.151337" lon="-77.58445">
        <ele>158.8</ele>
      </trkpt>
      <trkpt lat="39.151428" lon="-77.584496">
        <ele>159.5</ele>
      </trkpt>
      <trkpt lat="39.151508" lon="-77.584534">
        <ele>159.8</ele>
      </trkpt>
      <trkpt lat="39.151585" lon="-77.584564">
        <ele>160.0</ele>
      </trkpt>
      <trkpt lat="39.151665" lon="-77.584602">
        <ele>160.5</ele>
      </trkpt>
      <trkpt lat="39.151745" lon="-77.584641">
        <ele>161.6</ele>
      </trkpt>
      <trkpt lat="39.151829" lon="-77.584679">
        <ele>162.4</ele>
      </trkpt>
      <trkpt lat="39.151901" lon="-77.584717">
        <ele>162.8</ele>
      </trkpt>
      <trkpt lat="39.15197" lon="-77.584746">
        <ele>162.9</ele>
      </trkpt>
      <trkpt lat="39.152042" lon="-77.584778">
        <ele>163.0</ele>
      </trkpt>
      <trkpt lat="39.152111" lon="-77.584808">
        <ele>163.0</ele>
      </trkpt>
      <trkpt lat="39.15218" lon="-77.584831">
        <ele>163.0</ele>
      </trkpt>
      <trkpt lat="39.152248" lon="-77.584862">
        <ele>163.1</ele>
      </trkpt>
      <trkpt lat="39.152321" lon="-77.584892">
        <ele>163.1</ele>
      </trkpt>
      <trkpt lat="39.152392" lon="-77.58493">
        <ele>163.2</ele>
      </trkpt>
      <trkpt lat="39.152473" lon="-77.584961">
        <ele>163.2</ele>
      </trkpt>
      <trkpt lat="39.152557" lon="-77.584991">
        <ele>163.2</ele>
      </trkpt>
      <trkpt lat="39.152637" lon="-77.585037">
        <ele>163.4</ele>
      </trkpt>
      <trkpt lat="39.152721" lon="-77.585075">
        <ele>163.5</ele>
      </trkpt>
      <trkpt lat="39.152805" lon="-77.585106">
        <ele>163.5</ele>
      </trkpt>
      <trkpt lat="39.152897" lon="-77.585136">
        <ele>163.5</ele>
      </trkpt>
      <trkpt lat="39.152996" lon="-77.585167">
        <ele>163.5</ele>
      </trkpt>
      <trkpt lat="39.153087" lon="-77.585205">
        <ele>163.6</ele>
      </trkpt>
      <trkpt lat="39.153179" lon="-77.585236">
        <ele>163.8</ele>
      </trkpt>
      <trkpt lat="39.153275" lon="-77.585258">
        <ele>164.2</ele>
      </trkpt>
      <trkpt lat="39.153366" lon="-77.585289">
        <ele>165.0</ele>
      </trkpt>
      <trkpt lat="39.153461" lon="-77.58532">
        <ele>165.7</ele>
      </trkpt>
      <trkpt lat="39.153553" lon="-77.58535">
        <ele>166.0</ele>
      </trkpt>
      <trkpt lat="39.153647" lon="-77.585388">
        <ele>166.4</ele>
      </trkpt>
      <trkpt lat="39.15374" lon="-77.585426">
        <ele>166.7</ele>
      </trkpt>
      <trkpt lat="39.153828" lon="-77.585472">
        <ele>167.1</ele>
      </trkpt>
      <trkpt lat="39.153923" lon="-77.58551">
        <ele>167.6</ele>
      </trkpt>
      <trkpt lat="39.154018" lon="-77.585533">
        <ele>168.2</ele>
      </trkpt>
      <trkpt lat="39.15411" lon="-77.585556">
        <ele>168.7</ele>
      </trkpt>
      <trkpt lat="39.154202" lon="-77.585587">
        <ele>169.2</ele>
      </trkpt>
      <trkpt lat="39.154289" lon="-77.585609">
        <ele>169.5</ele>
      </trkpt>
      <trkpt lat="39.154381" lon="-77.58564">
        <ele>169.8</ele>
      </trkpt>
      <trkpt lat="39.154472" lon="-77.585663">
        <ele>170.2</ele>
      </trkpt>
      <trkpt lat="39.154568" lon="-77.585693">
        <ele>170.9</ele>
      </trkpt>
      <trkpt lat="39.154655" lon="-77.585716">
        <ele>171.8</ele>
      </trkpt>
      <trkpt lat="39.154747" lon="-77.585739">
        <ele>172.4</ele>
      </trkpt>
      <trkpt lat="39.154839" lon="-77.58577">
        <ele>172.9</ele>
      </trkpt>
      <trkpt lat="39.15493" lon="-77.585793">
        <ele>173.6</ele>
      </trkpt>
      <trkpt lat="39.155022" lon="-77.585823">
        <ele>174.4</ele>
      </trkpt>
      <trkpt lat="39.155121" lon="-77.585854">
        <ele>175.2</ele>
      </trkpt>
      <trkpt lat="39.155223" lon="-77.585892">
        <ele>175.9</ele>
      </trkpt>
      <trkpt lat="39.155315" lon="-77.58593">
        <ele>176.5</ele>
      </trkpt>
      <trkpt lat="39.155415" lon="-77.585976">
        <ele>177.2</ele>
      </trkpt>
      <trkpt lat="39.15551" lon="-77.586014">
        <ele>177.8</ele>
      </trkpt>
      <trkpt lat="39.155613" lon="-77.586067">
        <ele>178.4</ele>
      </trkpt>
      <trkpt lat="39.155704" lon="-77.586113">
        <ele>179.3</ele>
      </trkpt>
      <trkpt lat="39.155785" lon="-77.586166">
        <ele>180.0</ele>
      </trkpt>
      <trkpt lat="39.155853" lon="-77.586205">
        <ele>180.5</ele>
      </trkpt>
      <trkpt lat="39.155921" lon="-77.586243">
        <ele>180.7</ele>
      </trkpt>
      <trkpt lat="39.155987" lon="-77.586281">
        <ele>180.6</ele>
      </trkpt>
      <trkpt lat="39.156055" lon="-77.586327">
        <ele>180.7</ele>
      </trkpt>
      <trkpt lat="39.156124" lon="-77.586372">
        <ele>180.8</ele>
      </trkpt>
      <trkpt lat="39.156193" lon="-77.586418">
        <ele>181.0</ele>
      </trkpt>
      <trkpt lat="39.156273" lon="-77.586464">
        <ele>181.3</ele>
      </trkpt>
      <trkpt lat="39.156349" lon="-77.58651">
        <ele>181.8</ele>
      </trkpt>
      <trkpt lat="39.156425" lon="-77.586555">
        <ele>182.5</ele>
      </trkpt>
      <trkpt lat="39.156506" lon="-77.586601">
        <ele>183.3</ele>
      </trkpt>
      <trkpt lat="39.15659" lon="-77.586654">
        <ele>184.1</ele>
      </trkpt>
      <trkpt lat="39.15667" lon="-77.586699">
        <ele>184.9</ele>
      </trkpt>
      <trkpt lat="39.156757" lon="-77.586761">
        <ele>185.8</ele>
      </trkpt>
      <trkpt lat="39.156844" lon="-77.586815">
        <ele>186.5</ele>
      </trkpt>
      <trkpt lat="39.156933" lon="-77.586868">
        <ele>187.3</ele>
      </trkpt>
      <trkpt lat="39.157013" lon="-77.586922">
        <ele>188.1</ele>
      </trkpt>
      <trkpt lat="39.157097" lon="-77.586967">
        <ele>188.9</ele>
      </trkpt>
      <trkpt lat="39.157185" lon="-77.587006">
        <ele>189.7</ele>
      </trkpt>
      <trkpt lat="39.157269" lon="-77.587044">
        <ele>190.3</ele>
      </trkpt>
      <trkpt lat="39.157352" lon="-77.587067">
        <ele>190.8</ele>
      </trkpt>
      <trkpt lat="39.157433" lon="-77.58709">
        <ele>191.3</ele>
      </trkpt>
      <trkpt lat="39.157516" lon="-77.587104">
        <ele>192.0</ele>
      </trkpt>
      <trkpt lat="39.157612" lon="-77.587135">
        <ele>192.9</ele>
      </trkpt>
      <trkpt lat="39.157707" lon="-77.587181">
        <ele>193.9</ele>
      </trkpt>
      <trkpt lat="39.157799" lon="-77.587204">
        <ele>194.6</ele>
      </trkpt>
      <trkpt lat="39.157898" lon="-77.587242">
        <ele>195.6</ele>
      </trkpt>
      <trkpt lat="39.158001" lon="-77.587273">
        <ele>196.6</ele>
      </trkpt>
      <trkpt lat="39.158115" lon="-77.587318">
        <ele>197.6</ele>
      </trkpt>
      <trkpt lat="39.158215" lon="-77.587357">
        <ele>199.8</ele>
      </trkpt>
      <trkpt lat="39.158306" lon="-77.587387">
        <ele>201.8</ele>
      </trkpt>
      <trkpt lat="39.15839" lon="-77.587418">
        <ele>203.2</ele>
      </trkpt>
      <trkpt lat="39.158463" lon="-77.587448">
        <ele>204.2</ele>
      </trkpt>
      <trkpt lat="39.158531" lon="-77.587479">
        <ele>205.1</ele>
      </trkpt>
      <trkpt lat="39.158596" lon="-77.587502">
        <ele>205.6</ele>
      </trkpt>
      <trkpt lat="39.158657" lon="-77.587532">
        <ele>206.0</ele>
      </trkpt>
      <trkpt lat="39.158718" lon="-77.587555">
        <ele>206.2</ele>
      </trkpt>
      <trkpt lat="39.158783" lon="-77.587585">
        <ele>206.4</ele>
      </trkpt>
      <trkpt lat="39.158848" lon="-77.587608">
        <ele>206.8</ele>
      </trkpt>
      <trkpt lat="39.158916" lon="-77.587624">
        <ele>207.2</ele>
      </trkpt>
      <trkpt lat="39.158978" lon="-77.587646">
        <ele>207.8</ele>
      </trkpt>
      <trkpt lat="39.159042" lon="-77.587669">
        <ele>208.3</ele>
      </trkpt>
      <trkpt lat="39.159107" lon="-77.587684">
        <ele>208.7</ele>
      </trkpt>
      <trkpt lat="39.159168" lon="-77.587708">
        <ele>208.9</ele>
      </trkpt>
      <trkpt lat="39.159225" lon="-77.587723">
        <ele>209.0</ele>
      </trkpt>
      <trkpt lat="39.159286" lon="-77.587746">
        <ele>209.1</ele>
      </trkpt>
      <trkpt lat="39.159348" lon="-77.587769">
        <ele>209.2</ele>
      </trkpt>
      <trkpt lat="39.159408" lon="-77.587791">
        <ele>209.2</ele>
      </trkpt>
      <trkpt lat="39.159466" lon="-77.587807">
        <ele>209.2</ele>
      </trkpt>
      <trkpt lat="39.159523" lon="-77.58783">
        <ele>209.2</ele>
      </trkpt>
      <trkpt lat="39.159576" lon="-77.587845">
        <ele>209.1</ele>
      </trkpt>
      <trkpt lat="39.159626" lon="-77.58786">
        <ele>209.0</ele>
      </trkpt>
      <trkpt lat="39.159678" lon="-77.587875">
        <ele>208.9</ele>
      </trkpt>
      <trkpt lat="39.159721" lon="-77.587891">
        <ele>208.8</ele>
      </trkpt>
      <trkpt lat="39.159767" lon="-77.587906">
        <ele>208.7</ele>
      </trkpt>
      <trkpt lat="39.159813" lon="-77.587914">
        <ele>208.5</ele>
      </trkpt>
      <trkpt lat="39.159855" lon="-77.587921">
        <ele>208.3</ele>
      </trkpt>
      <trkpt lat="39.159892" lon="-77.587943">
        <ele>208.1</ele>
      </trkpt>
      <trkpt lat="39.159939" lon="-77.587959">
        <ele>207.8</ele>
      </trkpt>
      <trkpt lat="39.159985" lon="-77.587967">
        <ele>207.5</ele>
      </trkpt>
      <trkpt lat="39.160027" lon="-77.587982">
        <ele>207.2</ele>
      </trkpt>
      <trkpt lat="39.160069" lon="-77.587997">
        <ele>207.0</ele>
      </trkpt>
      <trkpt lat="39.16011" lon="-77.58802">
        <ele>206.8</ele>
      </trkpt>
      <trkpt lat="39.160156" lon="-77.588043">
        <ele>206.6</ele>
      </trkpt>
      <trkpt lat="39.160198" lon="-77.588066">
        <ele>206.5</ele>
      </trkpt>
      <trkpt lat="39.160248" lon="-77.588097">
        <ele>206.4</ele>
      </trkpt>
      <trkpt lat="39.16029" lon="-77.58812">
        <ele>206.3</ele>
      </trkpt>
      <trkpt lat="39.160331" lon="-77.588142">
        <ele>206.2</ele>
      </trkpt>
      <trkpt lat="39.16037" lon="-77.588165">
        <ele>206.1</ele>
      </trkpt>
      <trkpt lat="39.160404" lon="-77.588188">
        <ele>205.9</ele>
      </trkpt>
      <trkpt lat="39.16045" lon="-77.588211">
        <ele>205.8</ele>
      </trkpt>
      <trkpt lat="39.160496" lon="-77.588234">
        <ele>205.6</ele>
      </trkpt>
      <trkpt lat="39.160542" lon="-77.588257">
        <ele>205.4</ele>
      </trkpt>
      <trkpt lat="39.160583" lon="-77.588286">
        <ele>205.3</ele>
      </trkpt>
      <trkpt lat="39.160629" lon="-77.588318">
        <ele>205.2</ele>
      </trkpt>
      <trkpt lat="39.160671" lon="-77.588348">
        <ele>205.1</ele>
      </trkpt>
      <trkpt lat="39.160709" lon="-77.588371">
        <ele>205.0</ele>
      </trkpt>
      <trkpt lat="39.160751" lon="-77.588387">
        <ele>204.9</ele>
      </trkpt>
      <trkpt lat="39.160789" lon="-77.588409">
        <ele>204.8</ele>
      </trkpt>
      <trkpt lat="39.160831" lon="-77.58844">
        <ele>204.6</ele>
      </trkpt>
      <trkpt lat="39.160877" lon="-77.588463">
        <ele>204.5</ele>
      </trkpt>
      <trkpt lat="39.160927" lon="-77.5885">
        <ele>204.3</ele>
      </trkpt>
      <trkpt lat="39.160965" lon="-77.588531">
        <ele>204.2</ele>
      </trkpt>
      <trkpt lat="39.161007" lon="-77.588547">
        <ele>204.1</ele>
      </trkpt>
      <trkpt lat="39.161049" lon="-77.58857">
        <ele>204.0</ele>
      </trkpt>
      <trkpt lat="39.161095" lon="-77.5886">
        <ele>203.9</ele>
      </trkpt>
      <trkpt lat="39.161136" lon="-77.588615">
        <ele>203.7</ele>
      </trkpt>
      <trkpt lat="39.161186" lon="-77.588631">
        <ele>203.5</ele>
      </trkpt>
      <trkpt lat="39.161232" lon="-77.588654">
        <ele>203.4</ele>
      </trkpt>
      <trkpt lat="39.161282" lon="-77.588684">
        <ele>203.3</ele>
      </trkpt>
      <trkpt lat="39.16133" lon="-77.588707">
        <ele>203.3</ele>
      </trkpt>
      <trkpt lat="39.161388" lon="-77.588745">
        <ele>203.2</ele>
      </trkpt>
      <trkpt lat="39.16143" lon="-77.588768">
        <ele>203.2</ele>
      </trkpt>
      <trkpt lat="39.161476" lon="-77.588791">
        <ele>203.1</ele>
      </trkpt>
      <trkpt lat="39.161526" lon="-77.588821">
        <ele>203.0</ele>
      </trkpt>
      <trkpt lat="39.161575" lon="-77.588852">
        <ele>203.0</ele>
      </trkpt>
      <trkpt lat="39.161625" lon="-77.588882">
        <ele>203.0</ele>
      </trkpt>
      <trkpt lat="39.161674" lon="-77.588905">
        <ele>203.0</ele>
      </trkpt>
      <trkpt lat="39.161716" lon="-77.588936">
        <ele>203.0</ele>
      </trkpt>
      <trkpt lat="39.161762" lon="-77.588959">
        <ele>202.9</ele>
      </trkpt>
      <trkpt lat="39.161812" lon="-77.588982">
        <ele>202.8</ele>
      </trkpt>
      <trkpt lat="39.161861" lon="-77.589005">
        <ele>202.8</ele>
      </trkpt>
      <trkpt lat="39.161903" lon="-77.589027">
        <ele>202.8</ele>
      </trkpt>
      <trkpt lat="39.161952" lon="-77.58905">
        <ele>202.8</ele>
      </trkpt>
      <trkpt lat="39.161995" lon="-77.589073">
        <ele>202.8</ele>
      </trkpt>
      <trkpt lat="39.162041" lon="-77.589088">
        <ele>202.8</ele>
      </trkpt>
      <trkpt lat="39.162086" lon="-77.589111">
        <ele>202.8</ele>
      </trkpt>
      <trkpt lat="39.162132" lon="-77.589127">
        <ele>202.7</ele>
      </trkpt>
      <trkpt lat="39.162174" lon="-77.589134">
        <ele>202.7</ele>
      </trkpt>
      <trkpt lat="39.162216" lon="-77.589149">
        <ele>202.7</ele>
      </trkpt>
      <trkpt lat="39.162251" lon="-77.589172">
        <ele>202.7</ele>
      </trkpt>
      <trkpt lat="39.162289" lon="-77.589187">
        <ele>202.6</ele>
      </trkpt>
      <trkpt lat="39.162327" lon="-77.589203">
        <ele>202.6</ele>
      </trkpt>
      <trkpt lat="39.162361" lon="-77.589218">
        <ele>202.5</ele>
      </trkpt>
      <trkpt lat="39.162394" lon="-77.589232">
        <ele>202.5</ele>
      </trkpt>
      <trkpt lat="39.162434" lon="-77.589249">
        <ele>202.4</ele>
      </trkpt>
      <trkpt lat="39.162472" lon="-77.589249">
        <ele>202.2</ele>
      </trkpt>
      <trkpt lat="39.162506" lon="-77.589256">
        <ele>202.0</ele>
      </trkpt>
      <trkpt lat="39.16254" lon="-77.589264">
        <ele>201.8</ele>
      </trkpt>
      <trkpt lat="39.162574" lon="-77.589271">
        <ele>201.6</ele>
      </trkpt>
      <trkpt lat="39.162609" lon="-77.589287">
        <ele>201.4</ele>
      </trkpt>
      <trkpt lat="39.162647" lon="-77.589294">
        <ele>201.2</ele>
      </trkpt>
      <trkpt lat="39.162681" lon="-77.58931">
        <ele>201.0</ele>
      </trkpt>
      <trkpt lat="39.162724" lon="-77.589333">
        <ele>200.8</ele>
      </trkpt>
      <trkpt lat="39.162762" lon="-77.58934">
        <ele>200.6</ele>
      </trkpt>
      <trkpt lat="39.1628" lon="-77.589355">
        <ele>200.4</ele>
      </trkpt>
      <trkpt lat="39.162838" lon="-77.589363">
        <ele>200.2</ele>
      </trkpt>
      <trkpt lat="39.162876" lon="-77.589363">
        <ele>200.0</ele>
      </trkpt>
      <trkpt lat="39.162914" lon="-77.589363">
        <ele>199.8</ele>
      </trkpt>
      <trkpt lat="39.162956" lon="-77.589363">
        <ele>199.6</ele>
      </trkpt>
      <trkpt lat="39.162991" lon="-77.589363">
        <ele>199.4</ele>
      </trkpt>
      <trkpt lat="39.163033" lon="-77.589363">
        <ele>199.2</ele>
      </trkpt>
      <trkpt lat="39.163071" lon="-77.589355">
        <ele>199.0</ele>
      </trkpt>
      <trkpt lat="39.163105" lon="-77.58934">
        <ele>198.9</ele>
      </trkpt>
      <trkpt lat="39.163143" lon="-77.589317">
        <ele>198.8</ele>
      </trkpt>
      <trkpt lat="39.163177" lon="-77.589302">
        <ele>198.7</ele>
      </trkpt>
      <trkpt lat="39.163212" lon="-77.589279">
        <ele>198.7</ele>
      </trkpt>
      <trkpt lat="39.163246" lon="-77.589256">
        <ele>198.7</ele>
      </trkpt>
      <trkpt lat="39.163277" lon="-77.589226">
        <ele>198.7</ele>
      </trkpt>
      <trkpt lat="39.163303" lon="-77.589203">
        <ele>198.7</ele>
      </trkpt>
      <trkpt lat="39.163326" lon="-77.589172">
        <ele>198.7</ele>
      </trkpt>
      <trkpt lat="39.163345" lon="-77.589149">
        <ele>198.7</ele>
      </trkpt>
      <trkpt lat="39.163368" lon="-77.589119">
        <ele>198.8</ele>
      </trkpt>
      <trkpt lat="39.163391" lon="-77.589096">
        <ele>198.7</ele>
      </trkpt>
      <trkpt lat="39.16341" lon="-77.58908">
        <ele>198.7</ele>
      </trkpt>
      <trkpt lat="39.163433" lon="-77.589058">
        <ele>198.6</ele>
      </trkpt>
      <trkpt lat="39.163452" lon="-77.589035">
        <ele>198.6</ele>
      </trkpt>
      <trkpt lat="39.163479" lon="-77.589005">
        <ele>198.7</ele>
      </trkpt>
      <trkpt lat="39.163509" lon="-77.588982">
        <ele>198.6</ele>
      </trkpt>
      <trkpt lat="39.16354" lon="-77.588959">
        <ele>198.5</ele>
      </trkpt>
      <trkpt lat="39.163573" lon="-77.588928">
        <ele>198.5</ele>
      </trkpt>
      <trkpt lat="39.163609" lon="-77.588898">
        <ele>198.4</ele>
      </trkpt>
      <trkpt lat="39.163635" lon="-77.588875">
        <ele>198.3</ele>
      </trkpt>
      <trkpt lat="39.163662" lon="-77.588852">
        <ele>198.1</ele>
      </trkpt>
      <trkpt lat="39.163689" lon="-77.588837">
        <ele>198.0</ele>
      </trkpt>
      <trkpt lat="39.163715" lon="-77.588814">
        <ele>197.9</ele>
      </trkpt>
      <trkpt lat="39.163738" lon="-77.588791">
        <ele>197.7</ele>
      </trkpt>
      <trkpt lat="39.163769" lon="-77.588768">
        <ele>197.5</ele>
      </trkpt>
      <trkpt lat="39.163795" lon="-77.588753">
        <ele>197.3</ele>
      </trkpt>
      <trkpt lat="39.163826" lon="-77.58873">
        <ele>197.1</ele>
      </trkpt>
      <trkpt lat="39.163857" lon="-77.588707">
        <ele>196.9</ele>
      </trkpt>
      <trkpt lat="39.163891" lon="-77.588676">
        <ele>196.7</ele>
      </trkpt>
      <trkpt lat="39.163925" lon="-77.588654">
        <ele>196.5</ele>
      </trkpt>
      <trkpt lat="39.16396" lon="-77.588631">
        <ele>196.4</ele>
      </trkpt>
      <trkpt lat="39.164001" lon="-77.5886">
        <ele>196.3</ele>
      </trkpt>
      <trkpt lat="39.164036" lon="-77.588577">
        <ele>196.2</ele>
      </trkpt>
      <trkpt lat="39.16407" lon="-77.588554">
        <ele>196.1</ele>
      </trkpt>
      <trkpt lat="39.164104" lon="-77.588524">
        <ele>196.1</ele>
      </trkpt>
      <trkpt lat="39.164143" lon="-77.5885">
        <ele>196.0</ele>
      </trkpt>
      <trkpt lat="39.164177" lon="-77.588478">
        <ele>195.9</ele>
      </trkpt>
      <trkpt lat="39.164219" lon="-77.588455">
        <ele>195.9</ele>
      </trkpt>
      <trkpt lat="39.164261" lon="-77.58844">
        <ele>195.9</ele>
      </trkpt>
      <trkpt lat="39.164307" lon="-77.588425">
        <ele>195.8</ele>
      </trkpt>
      <trkpt lat="39.164352" lon="-77.588402">
        <ele>195.7</ele>
      </trkpt>
      <trkpt lat="39.164402" lon="-77.588371">
        <ele>195.6</ele>
      </trkpt>
      <trkpt lat="39.164454" lon="-77.588348">
        <ele>195.5</ele>
      </trkpt>
      <trkpt lat="39.164509" lon="-77.588326">
        <ele>195.5</ele>
      </trkpt>
      <trkpt lat="39.16457" lon="-77.588303">
        <ele>195.4</ele>
      </trkpt>
      <trkpt lat="39.164631" lon="-77.58828">
        <ele>195.3</ele>
      </trkpt>
      <trkpt lat="39.164696" lon="-77.588257">
        <ele>195.3</ele>
      </trkpt>
      <trkpt lat="39.164768" lon="-77.588241">
        <ele>195.3</ele>
      </trkpt>
      <trkpt lat="39.164837" lon="-77.588226">
        <ele>195.3</ele>
      </trkpt>
      <trkpt lat="39.164909" lon="-77.588219">
        <ele>195.2</ele>
      </trkpt>
      <trkpt lat="39.164982" lon="-77.588211">
        <ele>195.3</ele>
      </trkpt>
      <trkpt lat="39.165058" lon="-77.588211">
        <ele>195.5</ele>
      </trkpt>
      <trkpt lat="39.165134" lon="-77.588219">
        <ele>195.7</ele>
      </trkpt>
      <trkpt lat="39.165211" lon="-77.588226">
        <ele>196.1</ele>
      </trkpt>
      <trkpt lat="39.165291" lon="-77.588249">
        <ele>196.5</ele>
      </trkpt>
      <trkpt lat="39.165367" lon="-77.588272">
        <ele>196.9</ele>
      </trkpt>
      <trkpt lat="39.165443" lon="-77.58831">
        <ele>197.4</ele>
      </trkpt>
      <trkpt lat="39.165515" lon="-77.588348">
        <ele>197.9</ele>
      </trkpt>
      <trkpt lat="39.165588" lon="-77.588387">
        <ele>198.4</ele>
      </trkpt>
      <trkpt lat="39.165653" lon="-77.588432">
        <ele>198.9</ele>
      </trkpt>
      <trkpt lat="39.165714" lon="-77.588478">
        <ele>199.2</ele>
      </trkpt>
      <trkpt lat="39.165768" lon="-77.588531">
        <ele>199.4</ele>
      </trkpt>
      <trkpt lat="39.165813" lon="-77.588585">
        <ele>199.4</ele>
      </trkpt>
      <trkpt lat="39.165859" lon="-77.588631">
        <ele>199.4</ele>
      </trkpt>
      <trkpt lat="39.165905" lon="-77.588684">
        <ele>199.5</ele>
      </trkpt>
      <trkpt lat="39.165943" lon="-77.58873">
        <ele>199.5</ele>
      </trkpt>
      <trkpt lat="39.165985" lon="-77.588776">
        <ele>199.4</ele>
      </trkpt>
      <trkpt lat="39.166019" lon="-77.588814">
        <ele>199.3</ele>
      </trkpt>
      <trkpt lat="39.16605" lon="-77.588837">
        <ele>199.3</ele>
      </trkpt>
      <trkpt lat="39.166077" lon="-77.588866">
        <ele>199.2</ele>
      </trkpt>
      <trkpt lat="39.166106" lon="-77.588898">
        <ele>199.2</ele>
      </trkpt>
      <trkpt lat="39.166134" lon="-77.588921">
        <ele>199.1</ele>
      </trkpt>
      <trkpt lat="39.166161" lon="-77.588943">
        <ele>199.1</ele>
      </trkpt>
      <trkpt lat="39.166187" lon="-77.588966">
        <ele>199.0</ele>
      </trkpt>
      <trkpt lat="39.166213" lon="-77.588989">
        <ele>198.9</ele>
      </trkpt>
      <trkpt lat="39.166237" lon="-77.589012">
        <ele>198.8</ele>
      </trkpt>
      <trkpt lat="39.16626" lon="-77.589035">
        <ele>198.6</ele>
      </trkpt>
      <trkpt lat="39.166286" lon="-77.589058">
        <ele>198.4</ele>
      </trkpt>
      <trkpt lat="39.166309" lon="-77.58908">
        <ele>198.3</ele>
      </trkpt>
      <trkpt lat="39.166332" lon="-77.589104">
        <ele>198.1</ele>
      </trkpt>
      <trkpt lat="39.166355" lon="-77.589127">
        <ele>197.9</ele>
      </trkpt>
      <trkpt lat="39.166378" lon="-77.589142">
        <ele>197.7</ele>
      </trkpt>
      <trkpt lat="39.166397" lon="-77.589165">
        <ele>197.5</ele>
      </trkpt>
      <trkpt lat="39.16642" lon="-77.58918">
        <ele>197.3</ele>
      </trkpt>
      <trkpt lat="39.166447" lon="-77.589203">
        <ele>197.1</ele>
      </trkpt>
      <trkpt lat="39.166469" lon="-77.589232">
        <ele>196.7</ele>
      </trkpt>
      <trkpt lat="39.166492" lon="-77.589256">
        <ele>196.4</ele>
      </trkpt>
      <trkpt lat="39.166514" lon="-77.589279">
        <ele>196.1</ele>
      </trkpt>
      <trkpt lat="39.166538" lon="-77.58931">
        <ele>195.8</ele>
      </trkpt>
      <trkpt lat="39.166561" lon="-77.589333">
        <ele>195.4</ele>
      </trkpt>
      <trkpt lat="39.166584" lon="-77.589355">
        <ele>195.1</ele>
      </trkpt>
      <trkpt lat="39.166607" lon="-77.589378">
        <ele>194.8</ele>
      </trkpt>
      <trkpt lat="39.166626" lon="-77.589394">
        <ele>194.6</ele>
      </trkpt>
      <trkpt lat="39.166649" lon="-77.589409">
        <ele>194.3</ele>
      </trkpt>
      <trkpt lat="39.166672" lon="-77.589432">
        <ele>194.0</ele>
      </trkpt>
      <trkpt lat="39.166695" lon="-77.589447">
        <ele>193.7</ele>
      </trkpt>
      <trkpt lat="39.166718" lon="-77.58947">
        <ele>193.3</ele>
      </trkpt>
      <trkpt lat="39.166737" lon="-77.589493">
        <ele>193.0</ele>
      </trkpt>
      <trkpt lat="39.166756" lon="-77.589516">
        <ele>192.6</ele>
      </trkpt>
      <trkpt lat="39.166779" lon="-77.58953">
        <ele>192.4</ele>
      </trkpt>
      <trkpt lat="39.166801" lon="-77.589554">
        <ele>192.1</ele>
      </trkpt>
      <trkpt lat="39.166821" lon="-77.589569">
        <ele>191.8</ele>
      </trkpt>
      <trkpt lat="39.166843" lon="-77.589592">
        <ele>191.5</ele>
      </trkpt>
      <trkpt lat="39.166866" lon="-77.589615">
        <ele>191.3</ele>
      </trkpt>
      <trkpt lat="39.166885" lon="-77.58963">
        <ele>191.2</ele>
      </trkpt>
      <trkpt lat="39.166908" lon="-77.589653">
        <ele>191.0</ele>
      </trkpt>
      <trkpt lat="39.166927" lon="-77.589668">
        <ele>190.8</ele>
      </trkpt>
      <trkpt lat="39.166946" lon="-77.589691">
        <ele>190.6</ele>
      </trkpt>
      <trkpt lat="39.166965" lon="-77.589714">
        <ele>190.3</ele>
      </trkpt>
      <trkpt lat="39.166984" lon="-77.589737">
        <ele>190.0</ele>
      </trkpt>
      <trkpt lat="39.167004" lon="-77.58976">
        <ele>189.7</ele>
      </trkpt>
      <trkpt lat="39.167023" lon="-77.589775">
        <ele>189.4</ele>
      </trkpt>
      <trkpt lat="39.167042" lon="-77.589789">
        <ele>189.2</ele>
      </trkpt>
      <trkpt lat="39.167057" lon="-77.589813">
        <ele>189.0</ele>
      </trkpt>
      <trkpt lat="39.167072" lon="-77.589828">
        <ele>188.8</ele>
      </trkpt>
      <trkpt lat="39.167091" lon="-77.589844">
        <ele>188.7</ele>
      </trkpt>
      <trkpt lat="39.167107" lon="-77.589867">
        <ele>188.5</ele>
      </trkpt>
      <trkpt lat="39.167122" lon="-77.589882">
        <ele>188.4</ele>
      </trkpt>
      <trkpt lat="39.167141" lon="-77.589905">
        <ele>188.2</ele>
      </trkpt>
      <trkpt lat="39.16716" lon="-77.589928">
        <ele>188.0</ele>
      </trkpt>
      <trkpt lat="39.167175" lon="-77.589951">
        <ele>187.9</ele>
      </trkpt>
      <trkpt lat="39.167198" lon="-77.589966">
        <ele>187.7</ele>
      </trkpt>
      <trkpt lat="39.167212" lon="-77.589989">
        <ele>187.6</ele>
      </trkpt>
      <trkpt lat="39.167233" lon="-77.590012">
        <ele>187.4</ele>
      </trkpt>
      <trkpt lat="39.167252" lon="-77.590027">
        <ele>187.2</ele>
      </trkpt>
      <trkpt lat="39.167271" lon="-77.59005">
        <ele>186.9</ele>
      </trkpt>
      <trkpt lat="39.167294" lon="-77.590065">
        <ele>186.7</ele>
      </trkpt>
      <trkpt lat="39.167316" lon="-77.59008">
        <ele>186.5</ele>
      </trkpt>
      <trkpt lat="39.167343" lon="-77.590096">
        <ele>186.2</ele>
      </trkpt>
      <trkpt lat="39.167374" lon="-77.59011">
        <ele>185.9</ele>
      </trkpt>
      <trkpt lat="39.167404" lon="-77.590118">
        <ele>185.6</ele>
      </trkpt>
      <trkpt lat="39.167435" lon="-77.590134">
        <ele>185.3</ele>
      </trkpt>
      <trkpt lat="39.167468" lon="-77.590134">
        <ele>185.1</ele>
      </trkpt>
      <trkpt lat="39.167503" lon="-77.590134">
        <ele>184.8</ele>
      </trkpt>
      <trkpt lat="39.167538" lon="-77.590134">
        <ele>184.6</ele>
      </trkpt>
      <trkpt lat="39.167575" lon="-77.590134">
        <ele>184.4</ele>
      </trkpt>
      <trkpt lat="39.167622" lon="-77.590134">
        <ele>184.2</ele>
      </trkpt>
      <trkpt lat="39.167664" lon="-77.590134">
        <ele>184.0</ele>
      </trkpt>
      <trkpt lat="39.167702" lon="-77.590126">
        <ele>183.8</ele>
      </trkpt>
      <trkpt lat="39.167744" lon="-77.590118">
        <ele>183.7</ele>
      </trkpt>
      <trkpt lat="39.167786" lon="-77.59011">
        <ele>183.5</ele>
      </trkpt>
      <trkpt lat="39.167831" lon="-77.590103">
        <ele>183.2</ele>
      </trkpt>
      <trkpt lat="39.167873" lon="-77.590088">
        <ele>183.0</ele>
      </trkpt>
      <trkpt lat="39.167915" lon="-77.59008">
        <ele>182.6</ele>
      </trkpt>
      <trkpt lat="39.167961" lon="-77.590065">
        <ele>182.2</ele>
      </trkpt>
      <trkpt lat="39.168003" lon="-77.590057">
        <ele>181.8</ele>
      </trkpt>
      <trkpt lat="39.168053" lon="-77.590042">
        <ele>181.4</ele>
      </trkpt>
      <trkpt lat="39.168095" lon="-77.590027">
        <ele>181.2</ele>
      </trkpt>
      <trkpt lat="39.168133" lon="-77.590019">
        <ele>181.0</ele>
      </trkpt>
      <trkpt lat="39.168175" lon="-77.590012">
        <ele>180.9</ele>
      </trkpt>
      <trkpt lat="39.168224" lon="-77.590003">
        <ele>180.8</ele>
      </trkpt>
      <trkpt lat="39.16827" lon="-77.589989">
        <ele>180.8</ele>
      </trkpt>
      <trkpt lat="39.16832" lon="-77.589973">
        <ele>180.7</ele>
      </trkpt>
      <trkpt lat="39.168365" lon="-77.589958">
        <ele>180.7</ele>
      </trkpt>
      <trkpt lat="39.168411" lon="-77.589943">
        <ele>180.7</ele>
      </trkpt>
      <trkpt lat="39.168456" lon="-77.589928">
        <ele>180.7</ele>
      </trkpt>
      <trkpt lat="39.168507" lon="-77.589912">
        <ele>180.7</ele>
      </trkpt>
      <trkpt lat="39.168552" lon="-77.589905">
        <ele>180.7</ele>
      </trkpt>
      <trkpt lat="39.168598" lon="-77.58989">
        <ele>180.7</ele>
      </trkpt>
      <trkpt lat="39.168648" lon="-77.589874">
        <ele>180.8</ele>
      </trkpt>
      <trkpt lat="39.168697" lon="-77.589867">
        <ele>180.8</ele>
      </trkpt>
      <trkpt lat="39.168739" lon="-77.589851">
        <ele>180.9</ele>
      </trkpt>
      <trkpt lat="39.168785" lon="-77.589844">
        <ele>181.0</ele>
      </trkpt>
      <trkpt lat="39.168827" lon="-77.589828">
        <ele>181.1</ele>
      </trkpt>
      <trkpt lat="39.168873" lon="-77.589828">
        <ele>181.2</ele>
      </trkpt>
      <trkpt lat="39.168915" lon="-77.589821">
        <ele>181.3</ele>
      </trkpt>
      <trkpt lat="39.168961" lon="-77.589821">
        <ele>181.3</ele>
      </trkpt>
      <trkpt lat="39.169002" lon="-77.589821">
        <ele>181.4</ele>
      </trkpt>
      <trkpt lat="39.169044" lon="-77.589828">
        <ele>181.4</ele>
      </trkpt>
      <trkpt lat="39.169083" lon="-77.589844">
        <ele>181.4</ele>
      </trkpt>
      <trkpt lat="39.169113" lon="-77.589867">
        <ele>181.3</ele>
      </trkpt>
      <trkpt lat="39.169144" lon="-77.58989">
        <ele>181.2</ele>
      </trkpt>
      <trkpt lat="39.16917" lon="-77.589928">
        <ele>181.1</ele>
      </trkpt>
      <trkpt lat="39.169201" lon="-77.589958">
        <ele>181.0</ele>
      </trkpt>
      <trkpt lat="39.169235" lon="-77.589996">
        <ele>181.0</ele>
      </trkpt>
      <trkpt lat="39.169272" lon="-77.590034">
        <ele>180.9</ele>
      </trkpt>
      <trkpt lat="39.169308" lon="-77.590065">
        <ele>180.9</ele>
      </trkpt>
      <trkpt lat="39.169346" lon="-77.590103">
        <ele>180.8</ele>
      </trkpt>
      <trkpt lat="39.169379" lon="-77.590134">
        <ele>180.7</ele>
      </trkpt>
      <trkpt lat="39.169418" lon="-77.590172">
        <ele>180.7</ele>
      </trkpt>
      <trkpt lat="39.16946" lon="-77.590195">
        <ele>180.7</ele>
      </trkpt>
      <trkpt lat="39.169498" lon="-77.590225">
        <ele>180.7</ele>
      </trkpt>
      <trkpt lat="39.169525" lon="-77.590248">
        <ele>180.7</ele>
      </trkpt>
      <trkpt lat="39.169552" lon="-77.590262">
        <ele>180.7</ele>
      </trkpt>
      <trkpt lat="39.169582" lon="-77.590286">
        <ele>180.6</ele>
      </trkpt>
      <trkpt lat="39.169613" lon="-77.590309">
        <ele>180.6</ele>
      </trkpt>
      <trkpt lat="39.169643" lon="-77.590332">
        <ele>180.5</ele>
      </trkpt>
      <trkpt lat="39.169674" lon="-77.590355">
        <ele>180.4</ele>
      </trkpt>
      <trkpt lat="39.169704" lon="-77.590378">
        <ele>180.3</ele>
      </trkpt>
      <trkpt lat="39.169735" lon="-77.590401">
        <ele>180.2</ele>
      </trkpt>
      <trkpt lat="39.169762" lon="-77.590424">
        <ele>180.1</ele>
      </trkpt>
      <trkpt lat="39.169792" lon="-77.590446">
        <ele>179.9</ele>
      </trkpt>
      <trkpt lat="39.169823" lon="-77.590469">
        <ele>179.7</ele>
      </trkpt>
      <trkpt lat="39.169853" lon="-77.590485">
        <ele>179.6</ele>
      </trkpt>
      <trkpt lat="39.16988" lon="-77.590508">
        <ele>179.5</ele>
      </trkpt>
      <trkpt lat="39.169907" lon="-77.590523">
        <ele>179.4</ele>
      </trkpt>
      <trkpt lat="39.169933" lon="-77.590546">
        <ele>179.3</ele>
      </trkpt>
      <trkpt lat="39.169956" lon="-77.590569">
        <ele>179.2</ele>
      </trkpt>
      <trkpt lat="39.169979" lon="-77.590584">
        <ele>179.2</ele>
      </trkpt>
      <trkpt lat="39.170001" lon="-77.590607">
        <ele>179.1</ele>
      </trkpt>
      <trkpt lat="39.170029" lon="-77.590622">
        <ele>179.0</ele>
      </trkpt>
      <trkpt lat="39.170052" lon="-77.590645">
        <ele>178.9</ele>
      </trkpt>
      <trkpt lat="39.170074" lon="-77.590667">
        <ele>178.8</ele>
      </trkpt>
      <trkpt lat="39.170097" lon="-77.590691">
        <ele>178.7</ele>
      </trkpt>
      <trkpt lat="39.170124" lon="-77.590706">
        <ele>178.6</ele>
      </trkpt>
      <trkpt lat="39.170151" lon="-77.590729">
        <ele>178.5</ele>
      </trkpt>
      <trkpt lat="39.170177" lon="-77.590744">
        <ele>178.5</ele>
      </trkpt>
      <trkpt lat="39.170208" lon="-77.590767">
        <ele>178.4</ele>
      </trkpt>
      <trkpt lat="39.170231" lon="-77.590782">
        <ele>178.3</ele>
      </trkpt>
      <trkpt lat="39.170257" lon="-77.590805">
        <ele>178.2</ele>
      </trkpt>
      <trkpt lat="39.17028" lon="-77.590819">
        <ele>178.2</ele>
      </trkpt>
      <trkpt lat="39.170302" lon="-77.590836">
        <ele>178.1</ele>
      </trkpt>
      <trkpt lat="39.17033" lon="-77.590851">
        <ele>178.1</ele>
      </trkpt>
      <trkpt lat="39.170409" lon="-77.590965">
        <ele>177.6</ele>
      </trkpt>
      <trkpt lat="39.170418" lon="-77.590973">
        <ele>177.5</ele>
      </trkpt>
      <trkpt lat="39.170429" lon="-77.590981">
        <ele>177.5</ele>
      </trkpt>
      <trkpt lat="39.170444" lon="-77.590988">
        <ele>177.5</ele>
      </trkpt>
      <trkpt lat="39.170464" lon="-77.590996">
        <ele>177.5</ele>
      </trkpt>
      <trkpt lat="39.170479" lon="-77.591003">
        <ele>177.5</ele>
      </trkpt>
      <trkpt lat="39.170502" lon="-77.591019">
        <ele>177.5</ele>
      </trkpt>
      <trkpt lat="39.170521" lon="-77.591026">
        <ele>177.5</ele>
      </trkpt>
      <trkpt lat="39.170547" lon="-77.591033">
        <ele>177.6</ele>
      </trkpt>
      <trkpt lat="39.17057" lon="-77.591049">
        <ele>177.6</ele>
      </trkpt>
      <trkpt lat="39.170597" lon="-77.591064">
        <ele>177.7</ele>
      </trkpt>
      <trkpt lat="39.170628" lon="-77.591087">
        <ele>177.7</ele>
      </trkpt>
      <trkpt lat="39.170658" lon="-77.591103">
        <ele>177.7</ele>
      </trkpt>
      <trkpt lat="39.170696" lon="-77.591125">
        <ele>177.7</ele>
      </trkpt>
      <trkpt lat="39.170734" lon="-77.591148">
        <ele>177.7</ele>
      </trkpt>
      <trkpt lat="39.170775" lon="-77.591156">
        <ele>177.7</ele>
      </trkpt>
      <trkpt lat="39.170818" lon="-77.591171">
        <ele>177.7</ele>
      </trkpt>
      <trkpt lat="39.17086" lon="-77.591171">
        <ele>177.6</ele>
      </trkpt>
      <trkpt lat="39.170902" lon="-77.591171">
        <ele>177.6</ele>
      </trkpt>
      <trkpt lat="39.170948" lon="-77.591164">
        <ele>177.5</ele>
      </trkpt>
      <trkpt lat="39.170986" lon="-77.591156">
        <ele>177.4</ele>
      </trkpt>
      <trkpt lat="39.171024" lon="-77.591148">
        <ele>177.4</ele>
      </trkpt>
      <trkpt lat="39.171066" lon="-77.591133">
        <ele>177.1</ele>
      </trkpt>
      <trkpt lat="39.171097" lon="-77.591125">
        <ele>177.0</ele>
      </trkpt>
      <trkpt lat="39.171131" lon="-77.591118">
        <ele>176.7</ele>
      </trkpt>
      <trkpt lat="39.171158" lon="-77.59111">
        <ele>176.4</ele>
      </trkpt>
      <trkpt lat="39.171188" lon="-77.591095">
        <ele>176.1</ele>
      </trkpt>
      <trkpt lat="39.171223" lon="-77.59108">
        <ele>175.8</ele>
      </trkpt>
      <trkpt lat="39.171257" lon="-77.591064">
        <ele>175.5</ele>
      </trkpt>
      <trkpt lat="39.17129" lon="-77.591057">
        <ele>175.3</ele>
      </trkpt>
      <trkpt lat="39.171322" lon="-77.591042">
        <ele>175.0</ele>
      </trkpt>
      <trkpt lat="39.17136" lon="-77.591033">
        <ele>174.7</ele>
      </trkpt>
      <trkpt lat="39.171398" lon="-77.591019">
        <ele>174.4</ele>
      </trkpt>
      <trkpt lat="39.171436" lon="-77.591003">
        <ele>173.9</ele>
      </trkpt>
      <trkpt lat="39.17147" lon="-77.590988">
        <ele>173.5</ele>
      </trkpt>
      <trkpt lat="39.171501" lon="-77.590981">
        <ele>173.2</ele>
      </trkpt>
      <trkpt lat="39.171532" lon="-77.590973">
        <ele>173.0</ele>
      </trkpt>
      <trkpt lat="39.171562" lon="-77.590965">
        <ele>172.7</ele>
      </trkpt>
      <trkpt lat="39.171597" lon="-77.590958">
        <ele>172.5</ele>
      </trkpt>
      <trkpt lat="39.171627" lon="-77.59095">
        <ele>172.3</ele>
      </trkpt>
      <trkpt lat="39.171665" lon="-77.590942">
        <ele>172.0</ele>
      </trkpt>
      <trkpt lat="39.171692" lon="-77.590935">
        <ele>171.9</ele>
      </trkpt>
      <trkpt lat="39.171726" lon="-77.590926">
        <ele>171.7</ele>
      </trkpt>
      <trkpt lat="39.171757" lon="-77.590912">
        <ele>171.5</ele>
      </trkpt>
      <trkpt lat="39.171787" lon="-77.590897">
        <ele>171.3</ele>
      </trkpt>
      <trkpt lat="39.171814" lon="-77.590889">
        <ele>171.1</ele>
      </trkpt>
      <trkpt lat="39.171848" lon="-77.590881">
        <ele>170.8</ele>
      </trkpt>
      <trkpt lat="39.171886" lon="-77.590874">
        <ele>170.3</ele>
      </trkpt>
      <trkpt lat="39.171917" lon="-77.590858">
        <ele>170.0</ele>
      </trkpt>
      <trkpt lat="39.171947" lon="-77.590851">
        <ele>169.7</ele>
      </trkpt>
      <trkpt lat="39.171982" lon="-77.590843">
        <ele>169.3</ele>
      </trkpt>
      <trkpt lat="39.172016" lon="-77.590828">
        <ele>168.9</ele>
      </trkpt>
      <trkpt lat="39.172054" lon="-77.590813">
        <ele>168.5</ele>
      </trkpt>
      <trkpt lat="39.172092" lon="-77.590797">
        <ele>168.2</ele>
      </trkpt>
      <trkpt lat="39.172134" lon="-77.590774">
        <ele>167.7</ele>
      </trkpt>
      <trkpt lat="39.172173" lon="-77.590752">
        <ele>167.3</ele>
      </trkpt>
      <trkpt lat="39.172207" lon="-77.590736">
        <ele>167.0</ele>
      </trkpt>
      <trkpt lat="39.172237" lon="-77.590729">
        <ele>166.7</ele>
      </trkpt>
      <trkpt lat="39.172272" lon="-77.590721">
        <ele>166.4</ele>
      </trkpt>
      <trkpt lat="39.172306" lon="-77.590714">
        <ele>166.1</ele>
      </trkpt>
      <trkpt lat="39.172348" lon="-77.590706">
        <ele>165.8</ele>
      </trkpt>
      <trkpt lat="39.172394" lon="-77.590691">
        <ele>165.5</ele>
      </trkpt>
      <trkpt lat="39.172443" lon="-77.590683">
        <ele>165.1</ele>
      </trkpt>
      <trkpt lat="39.172497" lon="-77.590683">
        <ele>164.6</ele>
      </trkpt>
      <trkpt lat="39.17255" lon="-77.590683">
        <ele>164.3</ele>
      </trkpt>
      <trkpt lat="39.172596" lon="-77.590683">
        <ele>164.0</ele>
      </trkpt>
      <trkpt lat="39.172646" lon="-77.590698">
        <ele>163.9</ele>
      </trkpt>
      <trkpt lat="39.172695" lon="-77.590706">
        <ele>163.8</ele>
      </trkpt>
      <trkpt lat="39.172745" lon="-77.590721">
        <ele>163.7</ele>
      </trkpt>
      <trkpt lat="39.172794" lon="-77.590729">
        <ele>163.7</ele>
      </trkpt>
      <trkpt lat="39.172848" lon="-77.590744">
        <ele>163.7</ele>
      </trkpt>
      <trkpt lat="39.172897" lon="-77.590767">
        <ele>163.6</ele>
      </trkpt>
      <trkpt lat="39.172951" lon="-77.590782">
        <ele>163.6</ele>
      </trkpt>
      <trkpt lat="39.173" lon="-77.590797">
        <ele>163.6</ele>
      </trkpt>
      <trkpt lat="39.17305" lon="-77.590813">
        <ele>163.6</ele>
      </trkpt>
      <trkpt lat="39.173091" lon="-77.590828">
        <ele>163.5</ele>
      </trkpt>
      <trkpt lat="39.173134" lon="-77.590843">
        <ele>163.5</ele>
      </trkpt>
      <trkpt lat="39.173172" lon="-77.590866">
        <ele>163.4</ele>
      </trkpt>
      <trkpt lat="39.173214" lon="-77.590889">
        <ele>163.3</ele>
      </trkpt>
      <trkpt lat="39.173248" lon="-77.590912">
        <ele>163.2</ele>
      </trkpt>
      <trkpt lat="39.173286" lon="-77.590926">
        <ele>163.1</ele>
      </trkpt>
      <trkpt lat="39.173321" lon="-77.590942">
        <ele>163.0</ele>
      </trkpt>
      <trkpt lat="39.173359" lon="-77.590958">
        <ele>162.9</ele>
      </trkpt>
      <trkpt lat="39.173389" lon="-77.590981">
        <ele>162.8</ele>
      </trkpt>
      <trkpt lat="39.173428" lon="-77.591003">
        <ele>162.6</ele>
      </trkpt>
      <trkpt lat="39.173473" lon="-77.591026">
        <ele>162.4</ele>
      </trkpt>
      <trkpt lat="39.173519" lon="-77.591049">
        <ele>162.2</ele>
      </trkpt>
      <trkpt lat="39.173569" lon="-77.591064">
        <ele>161.7</ele>
      </trkpt>
      <trkpt lat="39.17363" lon="-77.591064">
        <ele>161.1</ele>
      </trkpt>
      <trkpt lat="39.173687" lon="-77.591064">
        <ele>160.5</ele>
      </trkpt>
      <trkpt lat="39.173744" lon="-77.591057">
        <ele>160.1</ele>
      </trkpt>
      <trkpt lat="39.173805" lon="-77.591042">
        <ele>159.8</ele>
      </trkpt>
      <trkpt lat="39.173865" lon="-77.591019">
        <ele>159.7</ele>
      </trkpt>
      <trkpt lat="39.173927" lon="-77.590988">
        <ele>159.7</ele>
      </trkpt>
      <trkpt lat="39.173988" lon="-77.590958">
        <ele>159.7</ele>
      </trkpt>
      <trkpt lat="39.174042" lon="-77.590935">
        <ele>159.7</ele>
      </trkpt>
      <trkpt lat="39.174095" lon="-77.590904">
        <ele>159.8</ele>
      </trkpt>
      <trkpt lat="39.174152" lon="-77.590881">
        <ele>159.7</ele>
      </trkpt>
      <trkpt lat="39.174206" lon="-77.590874">
        <ele>159.5</ele>
      </trkpt>
      <trkpt lat="39.174259" lon="-77.590851">
        <ele>159.4</ele>
      </trkpt>
      <trkpt lat="39.174313" lon="-77.590828">
        <ele>159.4</ele>
      </trkpt>
      <trkpt lat="39.174358" lon="-77.590813">
        <ele>159.2</ele>
      </trkpt>
      <trkpt lat="39.174411" lon="-77.590805">
        <ele>158.7</ele>
      </trkpt>
      <trkpt lat="39.174461" lon="-77.590782">
        <ele>158.1</ele>
      </trkpt>
      <trkpt lat="39.174503" lon="-77.590759">
        <ele>157.5</ele>
      </trkpt>
      <trkpt lat="39.174541" lon="-77.590736">
        <ele>157.1</ele>
      </trkpt>
      <trkpt lat="39.174587" lon="-77.590714">
        <ele>156.9</ele>
      </trkpt>
      <trkpt lat="39.174641" lon="-77.590683">
        <ele>156.7</ele>
      </trkpt>
      <trkpt lat="39.17469" lon="-77.59066">
        <ele>156.7</ele>
      </trkpt>
      <trkpt lat="39.174747" lon="-77.59063">
        <ele>156.6</ele>
      </trkpt>
      <trkpt lat="39.174812" lon="-77.590607">
        <ele>156.4</ele>
      </trkpt>
      <trkpt lat="39.17487" lon="-77.590576">
        <ele>156.4</ele>
      </trkpt>
      <trkpt lat="39.174931" lon="-77.590553">
        <ele>156.2</ele>
      </trkpt>
      <trkpt lat="39.174992" lon="-77.590538">
        <ele>156.0</ele>
      </trkpt>
      <trkpt lat="39.175053" lon="-77.590523">
        <ele>155.8</ele>
      </trkpt>
      <trkpt lat="39.175114" lon="-77.590508">
        <ele>155.3</ele>
      </trkpt>
      <trkpt lat="39.175182" lon="-77.590492">
        <ele>154.6</ele>
      </trkpt>
      <trkpt lat="39.175251" lon="-77.590485">
        <ele>154.0</ele>
      </trkpt>
      <trkpt lat="39.17532" lon="-77.590477">
        <ele>153.8</ele>
      </trkpt>
      <trkpt lat="39.175388" lon="-77.590477">
        <ele>153.7</ele>
      </trkpt>
      <trkpt lat="39.175461" lon="-77.590477">
        <ele>153.6</ele>
      </trkpt>
      <trkpt lat="39.175529" lon="-77.590477">
        <ele>153.5</ele>
      </trkpt>
      <trkpt lat="39.175598" lon="-77.590477">
        <ele>153.5</ele>
      </trkpt>
      <trkpt lat="39.175671" lon="-77.590477">
        <ele>153.4</ele>
      </trkpt>
      <trkpt lat="39.175743" lon="-77.590477">
        <ele>153.4</ele>
      </trkpt>
      <trkpt lat="39.175816" lon="-77.590477">
        <ele>153.3</ele>
      </trkpt>
      <trkpt lat="39.175884" lon="-77.590485">
        <ele>153.3</ele>
      </trkpt>
      <trkpt lat="39.175953" lon="-77.590492">
        <ele>153.3</ele>
      </trkpt>
      <trkpt lat="39.176022" lon="-77.590492">
        <ele>153.4</ele>
      </trkpt>
      <trkpt lat="39.176086" lon="-77.590492">
        <ele>153.6</ele>
      </trkpt>
      <trkpt lat="39.176151" lon="-77.5905">
        <ele>153.8</ele>
      </trkpt>
      <trkpt lat="39.176215" lon="-77.590508">
        <ele>154.2</ele>
      </trkpt>
      <trkpt lat="39.176281" lon="-77.590508">
        <ele>154.8</ele>
      </trkpt>
      <trkpt lat="39.176338" lon="-77.590515">
        <ele>155.2</ele>
      </trkpt>
      <trkpt lat="39.176399" lon="-77.590523">
        <ele>155.4</ele>
      </trkpt>
      <trkpt lat="39.17646" lon="-77.59053">
        <ele>155.5</ele>
      </trkpt>
      <trkpt lat="39.176516" lon="-77.590538">
        <ele>155.7</ele>
      </trkpt>
      <trkpt lat="39.176578" lon="-77.590546">
        <ele>155.8</ele>
      </trkpt>
      <trkpt lat="39.176632" lon="-77.590553">
        <ele>155.9</ele>
      </trkpt>
      <trkpt lat="39.176693" lon="-77.59056">
        <ele>156.0</ele>
      </trkpt>
      <trkpt lat="39.17675" lon="-77.590569">
        <ele>156.0</ele>
      </trkpt>
      <trkpt lat="39.176804" lon="-77.590576">
        <ele>156.1</ele>
      </trkpt>
      <trkpt lat="39.176861" lon="-77.590584">
        <ele>156.1</ele>
      </trkpt>
      <trkpt lat="39.176913" lon="-77.590584">
        <ele>156.2</ele>
      </trkpt>
      <trkpt lat="39.176968" lon="-77.590584">
        <ele>156.2</ele>
      </trkpt>
      <trkpt lat="39.177021" lon="-77.590591">
        <ele>156.2</ele>
      </trkpt>
      <trkpt lat="39.177062" lon="-77.590591">
        <ele>156.2</ele>
      </trkpt>
      <trkpt lat="39.177109" lon="-77.590591">
        <ele>156.2</ele>
      </trkpt>
      <trkpt lat="39.177155" lon="-77.590599">
        <ele>156.1</ele>
      </trkpt>
      <trkpt lat="39.177197" lon="-77.590599">
        <ele>156.1</ele>
      </trkpt>
      <trkpt lat="39.177242" lon="-77.590607">
        <ele>156.0</ele>
      </trkpt>
      <trkpt lat="39.177284" lon="-77.590607">
        <ele>155.9</ele>
      </trkpt>
      <trkpt lat="39.17733" lon="-77.590614">
        <ele>155.7</ele>
      </trkpt>
      <trkpt lat="39.177372" lon="-77.590614">
        <ele>155.3</ele>
      </trkpt>
      <trkpt lat="39.177422" lon="-77.590614">
        <ele>154.9</ele>
      </trkpt>
      <trkpt lat="39.177467" lon="-77.590622">
        <ele>154.5</ele>
      </trkpt>
      <trkpt lat="39.177521" lon="-77.590622">
        <ele>154.1</ele>
      </trkpt>
      <trkpt lat="39.17757" lon="-77.590622">
        <ele>153.8</ele>
      </trkpt>
      <trkpt lat="39.177628" lon="-77.59063">
        <ele>153.6</ele>
      </trkpt>
      <trkpt lat="39.177684" lon="-77.59063">
        <ele>153.5</ele>
      </trkpt>
      <trkpt lat="39.17775" lon="-77.590637">
        <ele>153.4</ele>
      </trkpt>
      <trkpt lat="39.177814" lon="-77.590637">
        <ele>153.3</ele>
      </trkpt>
      <trkpt lat="39.177876" lon="-77.590637">
        <ele>153.3</ele>
      </trkpt>
      <trkpt lat="39.17794" lon="-77.590645">
        <ele>153.2</ele>
      </trkpt>
      <trkpt lat="39.178005" lon="-77.590645">
        <ele>153.2</ele>
      </trkpt>
      <trkpt lat="39.17807" lon="-77.590652">
        <ele>153.1</ele>
      </trkpt>
      <trkpt lat="39.178127" lon="-77.590652">
        <ele>153.0</ele>
      </trkpt>
      <trkpt lat="39.178185" lon="-77.59066">
        <ele>152.6</ele>
      </trkpt>
      <trkpt lat="39.178234" lon="-77.59066">
        <ele>152.2</ele>
      </trkpt>
      <trkpt lat="39.17828" lon="-77.59066">
        <ele>151.8</ele>
      </trkpt>
      <trkpt lat="39.178322" lon="-77.59066">
        <ele>151.4</ele>
      </trkpt>
      <trkpt lat="39.178364" lon="-77.590667">
        <ele>151.2</ele>
      </trkpt>
      <trkpt lat="39.17841" lon="-77.590675">
        <ele>150.9</ele>
      </trkpt>
      <trkpt lat="39.178452" lon="-77.590675">
        <ele>150.8</ele>
      </trkpt>
      <trkpt lat="39.178493" lon="-77.590683">
        <ele>150.6</ele>
      </trkpt>
      <trkpt lat="39.178534" lon="-77.590683">
        <ele>150.4</ele>
      </trkpt>
      <trkpt lat="39.178577" lon="-77.590683">
        <ele>150.2</ele>
      </trkpt>
      <trkpt lat="39.178623" lon="-77.590683">
        <ele>150.0</ele>
      </trkpt>
      <trkpt lat="39.178669" lon="-77.590683">
        <ele>149.7</ele>
      </trkpt>
      <trkpt lat="39.178714" lon="-77.590691">
        <ele>149.3</ele>
      </trkpt>
      <trkpt lat="39.178757" lon="-77.590691">
        <ele>148.9</ele>
      </trkpt>
      <trkpt lat="39.178802" lon="-77.590698">
        <ele>148.4</ele>
      </trkpt>
      <trkpt lat="39.178844" lon="-77.590698">
        <ele>147.9</ele>
      </trkpt>
      <trkpt lat="39.178883" lon="-77.590698">
        <ele>147.5</ele>
      </trkpt>
      <trkpt lat="39.178928" lon="-77.590698">
        <ele>147.2</ele>
      </trkpt>
      <trkpt lat="39.17897" lon="-77.590698">
        <ele>147.0</ele>
      </trkpt>
      <trkpt lat="39.179016" lon="-77.590698">
        <ele>146.7</ele>
      </trkpt>
      <trkpt lat="39.179062" lon="-77.590698">
        <ele>146.4</ele>
      </trkpt>
      <trkpt lat="39.179111" lon="-77.590706">
        <ele>145.9</ele>
      </trkpt>
      <trkpt lat="39.179165" lon="-77.590714">
        <ele>145.3</ele>
      </trkpt>
      <trkpt lat="39.179218" lon="-77.590714">
        <ele>144.5</ele>
      </trkpt>
      <trkpt lat="39.179279" lon="-77.590721">
        <ele>143.7</ele>
      </trkpt>
      <trkpt lat="39.17934" lon="-77.590729">
        <ele>143.5</ele>
      </trkpt>
      <trkpt lat="39.179409" lon="-77.590736">
        <ele>143.6</ele>
      </trkpt>
      <trkpt lat="39.179482" lon="-77.590736">
        <ele>143.7</ele>
      </trkpt>
      <trkpt lat="39.179558" lon="-77.590744">
        <ele>143.8</ele>
      </trkpt>
      <trkpt lat="39.17963" lon="-77.590752">
        <ele>143.9</ele>
      </trkpt>
      <trkpt lat="39.179707" lon="-77.590759">
        <ele>144.1</ele>
      </trkpt>
      <trkpt lat="39.179783" lon="-77.590759">
        <ele>144.3</ele>
      </trkpt>
      <trkpt lat="39.179855" lon="-77.590767">
        <ele>144.5</ele>
      </trkpt>
      <trkpt lat="39.179927" lon="-77.590767">
        <ele>144.6</ele>
      </trkpt>
      <trkpt lat="39.179993" lon="-77.590774">
        <ele>144.7</ele>
      </trkpt>
      <trkpt lat="39.180054" lon="-77.590782">
        <ele>144.8</ele>
      </trkpt>
      <trkpt lat="39.18011" lon="-77.590797">
        <ele>144.8</ele>
      </trkpt>
      <trkpt lat="39.180164" lon="-77.590813">
        <ele>144.9</ele>
      </trkpt>
      <trkpt lat="39.18021" lon="-77.590828">
        <ele>144.9</ele>
      </trkpt>
      <trkpt lat="39.180256" lon="-77.590843">
        <ele>144.8</ele>
      </trkpt>
      <trkpt lat="39.180302" lon="-77.590866">
        <ele>144.8</ele>
      </trkpt>
      <trkpt lat="39.180344" lon="-77.590889">
        <ele>144.8</ele>
      </trkpt>
      <trkpt lat="39.180389" lon="-77.590912">
        <ele>144.8</ele>
      </trkpt>
      <trkpt lat="39.180435" lon="-77.590935">
        <ele>144.8</ele>
      </trkpt>
      <trkpt lat="39.180477" lon="-77.590965">
        <ele>144.7</ele>
      </trkpt>
      <trkpt lat="39.180527" lon="-77.590996">
        <ele>144.6</ele>
      </trkpt>
      <trkpt lat="39.180573" lon="-77.591026">
        <ele>144.5</ele>
      </trkpt>
      <trkpt lat="39.180622" lon="-77.591057">
        <ele>144.4</ele>
      </trkpt>
      <trkpt lat="39.180668" lon="-77.591095">
        <ele>144.2</ele>
      </trkpt>
      <trkpt lat="39.180714" lon="-77.591125">
        <ele>144.0</ele>
      </trkpt>
      <trkpt lat="39.180763" lon="-77.591156">
        <ele>143.8</ele>
      </trkpt>
      <trkpt lat="39.180805" lon="-77.591187">
        <ele>143.5</ele>
      </trkpt>
      <trkpt lat="39.18085" lon="-77.591217">
        <ele>143.1</ele>
      </trkpt>
      <trkpt lat="39.180893" lon="-77.591247">
        <ele>142.7</ele>
      </trkpt>
      <trkpt lat="39.180935" lon="-77.59127">
        <ele>142.3</ele>
      </trkpt>
      <trkpt lat="39.180984" lon="-77.591301">
        <ele>142.1</ele>
      </trkpt>
      <trkpt lat="39.181026" lon="-77.591331">
        <ele>141.8</ele>
      </trkpt>
      <trkpt lat="39.181076" lon="-77.591362">
        <ele>141.7</ele>
      </trkpt>
      <trkpt lat="39.181122" lon="-77.591393">
        <ele>141.6</ele>
      </trkpt>
      <trkpt lat="39.181168" lon="-77.591423">
        <ele>141.5</ele>
      </trkpt>
      <trkpt lat="39.181216" lon="-77.591454">
        <ele>141.4</ele>
      </trkpt>
      <trkpt lat="39.181263" lon="-77.591492">
        <ele>141.2</ele>
      </trkpt>
      <trkpt lat="39.181309" lon="-77.59153">
        <ele>141.1</ele>
      </trkpt>
      <trkpt lat="39.181358" lon="-77.59156">
        <ele>141.0</ele>
      </trkpt>
      <trkpt lat="39.181404" lon="-77.591599">
        <ele>140.8</ele>
      </trkpt>
      <trkpt lat="39.18145" lon="-77.591629">
        <ele>140.6</ele>
      </trkpt>
      <trkpt lat="39.181499" lon="-77.59166">
        <ele>140.2</ele>
      </trkpt>
      <trkpt lat="39.181541" lon="-77.591697">
        <ele>139.6</ele>
      </trkpt>
      <trkpt lat="39.181591" lon="-77.591728">
        <ele>139.0</ele>
      </trkpt>
      <trkpt lat="39.181637" lon="-77.591759">
        <ele>138.6</ele>
      </trkpt>
      <trkpt lat="39.181679" lon="-77.591789">
        <ele>138.4</ele>
      </trkpt>
      <trkpt lat="39.181725" lon="-77.59182">
        <ele>138.2</ele>
      </trkpt>
      <trkpt lat="39.181767" lon="-77.591843">
        <ele>138.1</ele>
      </trkpt>
      <trkpt lat="39.181812" lon="-77.591866">
        <ele>138.1</ele>
      </trkpt>
      <trkpt lat="39.18185" lon="-77.591896">
        <ele>137.9</ele>
      </trkpt>
      <trkpt lat="39.181892" lon="-77.591927">
        <ele>137.8</ele>
      </trkpt>
      <trkpt lat="39.181938" lon="-77.591949">
        <ele>137.9</ele>
      </trkpt>
      <trkpt lat="39.18198" lon="-77.59198">
        <ele>137.8</ele>
      </trkpt>
      <trkpt lat="39.182022" lon="-77.592003">
        <ele>137.7</ele>
      </trkpt>
      <trkpt lat="39.182068" lon="-77.592033">
        <ele>137.6</ele>
      </trkpt>
      <trkpt lat="39.18211" lon="-77.592056">
        <ele>137.4</ele>
      </trkpt>
      <trkpt lat="39.182152" lon="-77.592087">
        <ele>137.1</ele>
      </trkpt>
      <trkpt lat="39.182198" lon="-77.592117">
        <ele>136.7</ele>
      </trkpt>
      <trkpt lat="39.182243" lon="-77.59214">
        <ele>136.3</ele>
      </trkpt>
      <trkpt lat="39.182289" lon="-77.59217">
        <ele>136.0</ele>
      </trkpt>
      <trkpt lat="39.182339" lon="-77.592201">
        <ele>135.7</ele>
      </trkpt>
      <trkpt lat="39.182392" lon="-77.592239">
        <ele>135.5</ele>
      </trkpt>
      <trkpt lat="39.182449" lon="-77.59227">
        <ele>135.3</ele>
      </trkpt>
      <trkpt lat="39.182507" lon="-77.5923">
        <ele>135.1</ele>
      </trkpt>
      <trkpt lat="39.182564" lon="-77.592331">
        <ele>134.5</ele>
      </trkpt>
      <trkpt lat="39.182617" lon="-77.592361">
        <ele>134.1</ele>
      </trkpt>
      <trkpt lat="39.182667" lon="-77.5924">
        <ele>133.8</ele>
      </trkpt>
      <trkpt lat="39.18272" lon="-77.592438">
        <ele>133.7</ele>
      </trkpt>
      <trkpt lat="39.182777" lon="-77.592484">
        <ele>133.7</ele>
      </trkpt>
      <trkpt lat="39.182823" lon="-77.592536">
        <ele>133.7</ele>
      </trkpt>
      <trkpt lat="39.182865" lon="-77.592606">
        <ele>133.8</ele>
      </trkpt>
      <trkpt lat="39.182903" lon="-77.59269">
        <ele>134.3</ele>
      </trkpt>
      <trkpt lat="39.182926" lon="-77.592772">
        <ele>134.6</ele>
      </trkpt>
      <trkpt lat="39.182941" lon="-77.592865">
        <ele>134.8</ele>
      </trkpt>
      <trkpt lat="39.182944" lon="-77.592957">
        <ele>134.9</ele>
      </trkpt>
      <trkpt lat="39.182949" lon="-77.593048">
        <ele>134.9</ele>
      </trkpt>
      <trkpt lat="39.182953" lon="-77.59314">
        <ele>134.9</ele>
      </trkpt>
      <trkpt lat="39.182961" lon="-77.593224">
        <ele>134.9</ele>
      </trkpt>
      <trkpt lat="39.182972" lon="-77.593307">
        <ele>135.0</ele>
      </trkpt>
      <trkpt lat="39.182987" lon="-77.593391">
        <ele>135.0</ele>
      </trkpt>
      <trkpt lat="39.183006" lon="-77.593468">
        <ele>135.1</ele>
      </trkpt>
      <trkpt lat="39.183025" lon="-77.593544">
        <ele>135.2</ele>
      </trkpt>
      <trkpt lat="39.183044" lon="-77.59362">
        <ele>135.3</ele>
      </trkpt>
      <trkpt lat="39.183064" lon="-77.593689">
        <ele>135.3</ele>
      </trkpt>
      <trkpt lat="39.183075" lon="-77.593757">
        <ele>135.3</ele>
      </trkpt>
      <trkpt lat="39.18309" lon="-77.593826">
        <ele>135.4</ele>
      </trkpt>
      <trkpt lat="39.183102" lon="-77.593895">
        <ele>135.4</ele>
      </trkpt>
      <trkpt lat="39.183113" lon="-77.593971">
        <ele>135.3</ele>
      </trkpt>
      <trkpt lat="39.183124" lon="-77.594048">
        <ele>135.3</ele>
      </trkpt>
      <trkpt lat="39.183132" lon="-77.594123">
        <ele>135.2</ele>
      </trkpt>
      <trkpt lat="39.183144" lon="-77.5942">
        <ele>135.2</ele>
      </trkpt>
      <trkpt lat="39.183155" lon="-77.594284">
        <ele>135.1</ele>
      </trkpt>
      <trkpt lat="39.183169" lon="-77.594368">
        <ele>135.1</ele>
      </trkpt>
      <trkpt lat="39.183182" lon="-77.594444">
        <ele>135.1</ele>
      </trkpt>
      <trkpt lat="39.1832" lon="-77.594513">
        <ele>135.2</ele>
      </trkpt>
      <trkpt lat="39.183224" lon="-77.594582">
        <ele>135.2</ele>
      </trkpt>
      <trkpt lat="39.183235" lon="-77.59465">
        <ele>135.2</ele>
      </trkpt>
      <trkpt lat="39.183247" lon="-77.594719">
        <ele>135.2</ele>
      </trkpt>
      <trkpt lat="39.183254" lon="-77.594788">
        <ele>135.2</ele>
      </trkpt>
      <trkpt lat="39.183262" lon="-77.594864">
        <ele>135.2</ele>
      </trkpt>
      <trkpt lat="39.18327" lon="-77.594939">
        <ele>135.1</ele>
      </trkpt>
      <trkpt lat="39.183285" lon="-77.595016">
        <ele>135.1</ele>
      </trkpt>
      <trkpt lat="39.183304" lon="-77.595093">
        <ele>135.1</ele>
      </trkpt>
      <trkpt lat="39.183319" lon="-77.595177">
        <ele>135.1</ele>
      </trkpt>
      <trkpt lat="39.183334" lon="-77.595253">
        <ele>135.0</ele>
      </trkpt>
      <trkpt lat="39.183346" lon="-77.595337">
        <ele>134.9</ele>
      </trkpt>
      <trkpt lat="39.183361" lon="-77.595421">
        <ele>134.9</ele>
      </trkpt>
      <trkpt lat="39.183372" lon="-77.595505">
        <ele>134.8</ele>
      </trkpt>
      <trkpt lat="39.183383" lon="-77.595589">
        <ele>134.8</ele>
      </trkpt>
      <trkpt lat="39.183392" lon="-77.59568">
        <ele>134.6</ele>
      </trkpt>
      <trkpt lat="39.183395" lon="-77.595764">
        <ele>134.3</ele>
      </trkpt>
      <trkpt lat="39.183399" lon="-77.595856">
        <ele>133.7</ele>
      </trkpt>
      <trkpt lat="39.183399" lon="-77.59594">
        <ele>133.1</ele>
      </trkpt>
      <trkpt lat="39.183399" lon="-77.596031">
        <ele>132.6</ele>
      </trkpt>
      <trkpt lat="39.183395" lon="-77.596115">
        <ele>132.5</ele>
      </trkpt>
      <trkpt lat="39.183392" lon="-77.596207">
        <ele>132.2</ele>
      </trkpt>
      <trkpt lat="39.183388" lon="-77.59629">
        <ele>131.9</ele>
      </trkpt>
      <trkpt lat="39.183376" lon="-77.596375">
        <ele>131.1</ele>
      </trkpt>
      <trkpt lat="39.183357" lon="-77.596458">
        <ele>130.4</ele>
      </trkpt>
      <trkpt lat="39.183334" lon="-77.596535">
        <ele>130.1</ele>
      </trkpt>
      <trkpt lat="39.183307" lon="-77.596611">
        <ele>129.8</ele>
      </trkpt>
      <trkpt lat="39.183273" lon="-77.596687">
        <ele>129.5</ele>
      </trkpt>
      <trkpt lat="39.183239" lon="-77.596763">
        <ele>129.2</ele>
      </trkpt>
      <trkpt lat="39.1832" lon="-77.596832">
        <ele>128.9</ele>
      </trkpt>
      <trkpt lat="39.183159" lon="-77.596909">
        <ele>128.7</ele>
      </trkpt>
      <trkpt lat="39.183117" lon="-77.596985">
        <ele>128.6</ele>
      </trkpt>
      <trkpt lat="39.183075" lon="-77.597061">
        <ele>128.5</ele>
      </trkpt>
      <trkpt lat="39.183037" lon="-77.597137">
        <ele>128.4</ele>
      </trkpt>
      <trkpt lat="39.182995" lon="-77.597213">
        <ele>128.4</ele>
      </trkpt>
      <trkpt lat="39.182953" lon="-77.59729">
        <ele>128.4</ele>
      </trkpt>
      <trkpt lat="39.182911" lon="-77.597374">
        <ele>128.4</ele>
      </trkpt>
      <trkpt lat="39.182873" lon="-77.59745">
        <ele>128.4</ele>
      </trkpt>
      <trkpt lat="39.182835" lon="-77.597527">
        <ele>128.4</ele>
      </trkpt>
      <trkpt lat="39.182796" lon="-77.597603">
        <ele>128.4</ele>
      </trkpt>
      <trkpt lat="39.182761" lon="-77.597686">
        <ele>128.5</ele>
      </trkpt>
      <trkpt lat="39.182728" lon="-77.597763">
        <ele>128.5</ele>
      </trkpt>
      <trkpt lat="39.182693" lon="-77.597847">
        <ele>128.5</ele>
      </trkpt>
      <trkpt lat="39.182654" lon="-77.597923">
        <ele>128.5</ele>
      </trkpt>
      <trkpt lat="39.182621" lon="-77.598">
        <ele>128.6</ele>
      </trkpt>
      <trkpt lat="39.182583" lon="-77.598076">
        <ele>128.6</ele>
      </trkpt>
      <trkpt lat="39.182545" lon="-77.598152">
        <ele>128.7</ele>
      </trkpt>
      <trkpt lat="39.182502" lon="-77.598221">
        <ele>128.6</ele>
      </trkpt>
      <trkpt lat="39.182457" lon="-77.598289">
        <ele>128.4</ele>
      </trkpt>
      <trkpt lat="39.182411" lon="-77.598358">
        <ele>127.9</ele>
      </trkpt>
      <trkpt lat="39.182365" lon="-77.598419">
        <ele>127.5</ele>
      </trkpt>
      <trkpt lat="39.18232" lon="-77.59848">
        <ele>127.3</ele>
      </trkpt>
      <trkpt lat="39.182274" lon="-77.598541">
        <ele>127.1</ele>
      </trkpt>
      <trkpt lat="39.182232" lon="-77.598602">
        <ele>127.0</ele>
      </trkpt>
      <trkpt lat="39.182194" lon="-77.598663">
        <ele>126.8</ele>
      </trkpt>
      <trkpt lat="39.182167" lon="-77.598732">
        <ele>126.6</ele>
      </trkpt>
      <trkpt lat="39.182144" lon="-77.598808">
        <ele>126.5</ele>
      </trkpt>
      <trkpt lat="39.182133" lon="-77.598885">
        <ele>126.4</ele>
      </trkpt>
      <trkpt lat="39.182137" lon="-77.598961">
        <ele>126.3</ele>
      </trkpt>
      <trkpt lat="39.182152" lon="-77.599045">
        <ele>126.3</ele>
      </trkpt>
      <trkpt lat="39.182178" lon="-77.599129">
        <ele>126.3</ele>
      </trkpt>
      <trkpt lat="39.182217" lon="-77.599197">
        <ele>126.5</ele>
      </trkpt>
      <trkpt lat="39.182255" lon="-77.599274">
        <ele>126.6</ele>
      </trkpt>
      <trkpt lat="39.182289" lon="-77.599341">
        <ele>126.6</ele>
      </trkpt>
      <trkpt lat="39.18232" lon="-77.599419">
        <ele>126.5</ele>
      </trkpt>
      <trkpt lat="39.182343" lon="-77.599503">
        <ele>126.4</ele>
      </trkpt>
      <trkpt lat="39.182362" lon="-77.599586">
        <ele>126.3</ele>
      </trkpt>
      <trkpt lat="39.182377" lon="-77.59967">
        <ele>126.3</ele>
      </trkpt>
      <trkpt lat="39.182384" lon="-77.599746">
        <ele>126.4</ele>
      </trkpt>
      <trkpt lat="39.182388" lon="-77.599838">
        <ele>126.4</ele>
      </trkpt>
      <trkpt lat="39.182392" lon="-77.59993">
        <ele>126.5</ele>
      </trkpt>
      <trkpt lat="39.1824" lon="-77.600014">
        <ele>126.7</ele>
      </trkpt>
      <trkpt lat="39.182404" lon="-77.600112">
        <ele>126.8</ele>
      </trkpt>
      <trkpt lat="39.182404" lon="-77.600212">
        <ele>126.9</ele>
      </trkpt>
      <trkpt lat="39.182404" lon="-77.600311">
        <ele>126.9</ele>
      </trkpt>
      <trkpt lat="39.182404" lon="-77.600418">
        <ele>127.0</ele>
      </trkpt>
      <trkpt lat="39.1824" lon="-77.600525">
        <ele>127.0</ele>
      </trkpt>
      <trkpt lat="39.1824" lon="-77.600632">
        <ele>127.0</ele>
      </trkpt>
      <trkpt lat="39.182396" lon="-77.600739">
        <ele>127.0</ele>
      </trkpt>
      <trkpt lat="39.182388" lon="-77.600853">
        <ele>127.0</ele>
      </trkpt>
      <trkpt lat="39.182381" lon="-77.60096">
        <ele>127.0</ele>
      </trkpt>
      <trkpt lat="39.182377" lon="-77.601074">
        <ele>127.0</ele>
      </trkpt>
      <trkpt lat="39.182377" lon="-77.601173">
        <ele>127.0</ele>
      </trkpt>
      <trkpt lat="39.182373" lon="-77.60128">
        <ele>127.0</ele>
      </trkpt>
      <trkpt lat="39.182369" lon="-77.601379">
        <ele>126.9</ele>
      </trkpt>
      <trkpt lat="39.182384" lon="-77.601479">
        <ele>126.8</ele>
      </trkpt>
      <trkpt lat="39.182411" lon="-77.60157">
        <ele>126.8</ele>
      </trkpt>
      <trkpt lat="39.182449" lon="-77.601654">
        <ele>126.8</ele>
      </trkpt>
      <trkpt lat="39.182507" lon="-77.60173">
        <ele>127.0</ele>
      </trkpt>
      <trkpt lat="39.182578" lon="-77.601791">
        <ele>127.1</ele>
      </trkpt>
      <trkpt lat="39.182648" lon="-77.601845">
        <ele>127.2</ele>
      </trkpt>
      <trkpt lat="39.182735" lon="-77.601883">
        <ele>127.3</ele>
      </trkpt>
      <trkpt lat="39.182835" lon="-77.601913">
        <ele>127.7</ele>
      </trkpt>
      <trkpt lat="39.18293" lon="-77.601944">
        <ele>128.3</ele>
      </trkpt>
      <trkpt lat="39.183033" lon="-77.601982">
        <ele>129.0</ele>
      </trkpt>
      <trkpt lat="39.183136" lon="-77.602013">
        <ele>129.6</ele>
      </trkpt>
      <trkpt lat="39.183243" lon="-77.602036">
        <ele>130.2</ele>
      </trkpt>
      <trkpt lat="39.183346" lon="-77.602065">
        <ele>131.1</ele>
      </trkpt>
      <trkpt lat="39.183464" lon="-77.602097">
        <ele>132.6</ele>
      </trkpt>
      <trkpt lat="39.183575" lon="-77.602127">
        <ele>134.1</ele>
      </trkpt>
      <trkpt lat="39.183662" lon="-77.60215">
        <ele>135.3</ele>
      </trkpt>
      <trkpt lat="39.183758" lon="-77.602172">
        <ele>136.5</ele>
      </trkpt>
      <trkpt lat="39.183842" lon="-77.602203">
        <ele>137.3</ele>
      </trkpt>
      <trkpt lat="39.183918" lon="-77.602219">
        <ele>137.9</ele>
      </trkpt>
      <trkpt lat="39.183983" lon="-77.602242">
        <ele>138.4</ele>
      </trkpt>
      <trkpt lat="39.18404" lon="-77.602257">
        <ele>138.9</ele>
      </trkpt>
      <trkpt lat="39.184074" lon="-77.602295">
        <ele>139.2</ele>
      </trkpt>
      <trkpt lat="39.184105" lon="-77.602348">
        <ele>139.3</ele>
      </trkpt>
      <trkpt lat="39.184132" lon="-77.602409">
        <ele>139.4</ele>
      </trkpt>
      <trkpt lat="39.184157" lon="-77.602478">
        <ele>139.3</ele>
      </trkpt>
      <trkpt lat="39.184177" lon="-77.602547">
        <ele>139.2</ele>
      </trkpt>
      <trkpt lat="39.184193" lon="-77.602623">
        <ele>139.1</ele>
      </trkpt>
      <trkpt lat="39.184212" lon="-77.602707">
        <ele>138.9</ele>
      </trkpt>
      <trkpt lat="39.184227" lon="-77.602791">
        <ele>138.7</ele>
      </trkpt>
      <trkpt lat="39.184246" lon="-77.602881">
        <ele>138.6</ele>
      </trkpt>
      <trkpt lat="39.184265" lon="-77.602974">
        <ele>138.5</ele>
      </trkpt>
      <trkpt lat="39.184288" lon="-77.603073">
        <ele>138.4</ele>
      </trkpt>
      <trkpt lat="39.184311" lon="-77.603172">
        <ele>138.3</ele>
      </trkpt>
      <trkpt lat="39.184337" lon="-77.603271">
        <ele>138.0</ele>
      </trkpt>
      <trkpt lat="39.184361" lon="-77.603378">
        <ele>137.6</ele>
      </trkpt>
      <trkpt lat="39.184382" lon="-77.603477">
        <ele>137.1</ele>
      </trkpt>
      <trkpt lat="39.184406" lon="-77.603577">
        <ele>136.8</ele>
      </trkpt>
      <trkpt lat="39.184433" lon="-77.603691">
        <ele>136.6</ele>
      </trkpt>
      <trkpt lat="39.184456" lon="-77.60379">
        <ele>136.5</ele>
      </trkpt>
      <trkpt lat="39.184475" lon="-77.603897">
        <ele>136.5</ele>
      </trkpt>
      <trkpt lat="39.184494" lon="-77.603996">
        <ele>136.4</ele>
      </trkpt>
      <trkpt lat="39.18452" lon="-77.604103">
        <ele>135.9</ele>
      </trkpt>
      <trkpt lat="39.184547" lon="-77.604195">
        <ele>135.3</ele>
      </trkpt>
      <trkpt lat="39.18457" lon="-77.604301">
        <ele>134.5</ele>
      </trkpt>
      <trkpt lat="39.184593" lon="-77.604401">
        <ele>133.9</ele>
      </trkpt>
      <trkpt lat="39.18462" lon="-77.6045">
        <ele>133.5</ele>
      </trkpt>
      <trkpt lat="39.184639" lon="-77.604598">
        <ele>133.1</ele>
      </trkpt>
      <trkpt lat="39.184662" lon="-77.604705">
        <ele>132.7</ele>
      </trkpt>
      <trkpt lat="39.184681" lon="-77.60482">
        <ele>131.9</ele>
      </trkpt>
      <trkpt lat="39.184708" lon="-77.604919">
        <ele>131.1</ele>
      </trkpt>
      <trkpt lat="39.184727" lon="-77.605019">
        <ele>130.4</ele>
      </trkpt>
      <trkpt lat="39.18475" lon="-77.605125">
        <ele>129.9</ele>
      </trkpt>
      <trkpt lat="39.184769" lon="-77.605225">
        <ele>129.4</ele>
      </trkpt>
      <trkpt lat="39.184788" lon="-77.605331">
        <ele>128.7</ele>
      </trkpt>
      <trkpt lat="39.184811" lon="-77.605438">
        <ele>127.8</ele>
      </trkpt>
      <trkpt lat="39.184834" lon="-77.605537">
        <ele>127.2</ele>
      </trkpt>
      <trkpt lat="39.18486" lon="-77.605637">
        <ele>126.6</ele>
      </trkpt>
      <trkpt lat="39.184895" lon="-77.605735">
        <ele>126.0</ele>
      </trkpt>
      <trkpt lat="39.184933" lon="-77.605827">
        <ele>126.0</ele>
      </trkpt>
      <trkpt lat="39.184978" lon="-77.605911">
        <ele>126.3</ele>
      </trkpt>
      <trkpt lat="39.185032" lon="-77.605994">
        <ele>126.6</ele>
      </trkpt>
      <trkpt lat="39.185085" lon="-77.606078">
        <ele>127.0</ele>
      </trkpt>
      <trkpt lat="39.18515" lon="-77.606155">
        <ele>127.2</ele>
      </trkpt>
      <trkpt lat="39.185218" lon="-77.606224">
        <ele>127.4</ele>
      </trkpt>
      <trkpt lat="39.185287" lon="-77.606285">
        <ele>127.7</ele>
      </trkpt>
      <trkpt lat="39.18536" lon="-77.606346">
        <ele>128.4</ele>
      </trkpt>
      <trkpt lat="39.185432" lon="-77.606399">
        <ele>129.1</ele>
      </trkpt>
      <trkpt lat="39.185505" lon="-77.606444">
        <ele>129.6</ele>
      </trkpt>
      <trkpt lat="39.185581" lon="-77.606483">
        <ele>129.9</ele>
      </trkpt>
      <trkpt lat="39.185661" lon="-77.606506">
        <ele>130.3</ele>
      </trkpt>
      <trkpt lat="39.185745" lon="-77.606514">
        <ele>130.9</ele>
      </trkpt>
      <trkpt lat="39.185814" lon="-77.606514">
        <ele>131.8</ele>
      </trkpt>
      <trkpt lat="39.185886" lon="-77.606514">
        <ele>132.7</ele>
      </trkpt>
      <trkpt lat="39.185955" lon="-77.606522">
        <ele>133.3</ele>
      </trkpt>
      <trkpt lat="39.186028" lon="-77.606522">
        <ele>133.7</ele>
      </trkpt>
      <trkpt lat="39.186089" lon="-77.606522">
        <ele>134.1</ele>
      </trkpt>
      <trkpt lat="39.186141" lon="-77.606522">
        <ele>134.5</ele>
      </trkpt>
      <trkpt lat="39.186192" lon="-77.606514">
        <ele>134.8</ele>
      </trkpt>
      <trkpt lat="39.18623" lon="-77.606514">
        <ele>135.1</ele>
      </trkpt>
      <trkpt lat="39.18626" lon="-77.606506">
        <ele>135.3</ele>
      </trkpt>
      <trkpt lat="39.186283" lon="-77.606514">
        <ele>135.4</ele>
      </trkpt>
      <trkpt lat="39.186306" lon="-77.606522">
        <ele>135.5</ele>
      </trkpt>
      <trkpt lat="39.186324" lon="-77.606529">
        <ele>135.5</ele>
      </trkpt>
      <trkpt lat="39.18634" lon="-77.606537">
        <ele>135.5</ele>
      </trkpt>
      <trkpt lat="39.186348" lon="-77.606551">
        <ele>135.5</ele>
      </trkpt>
      <trkpt lat="39.186352" lon="-77.606567">
        <ele>135.4</ele>
      </trkpt>
      <trkpt lat="39.186356" lon="-77.606575">
        <ele>135.4</ele>
      </trkpt>
      <trkpt lat="39.186405" lon="-77.606697">
        <ele>135.3</ele>
      </trkpt>
      <trkpt lat="39.186405" lon="-77.606712">
        <ele>135.2</ele>
      </trkpt>
      <trkpt lat="39.186405" lon="-77.606728">
        <ele>135.2</ele>
      </trkpt>
      <trkpt lat="39.186417" lon="-77.606743">
        <ele>135.2</ele>
      </trkpt>
      <trkpt lat="39.186424" lon="-77.606765">
        <ele>135.1</ele>
      </trkpt>
      <trkpt lat="39.186432" lon="-77.606789">
        <ele>135.1</ele>
      </trkpt>
      <trkpt lat="39.18644" lon="-77.606812">
        <ele>135.1</ele>
      </trkpt>
      <trkpt lat="39.186447" lon="-77.606834">
        <ele>135.0</ele>
      </trkpt>
      <trkpt lat="39.186455" lon="-77.606865">
        <ele>135.0</ele>
      </trkpt>
      <trkpt lat="39.186462" lon="-77.606895">
        <ele>134.9</ele>
      </trkpt>
      <trkpt lat="39.186473" lon="-77.606917">
        <ele>134.9</ele>
      </trkpt>
      <trkpt lat="39.186485" lon="-77.606949">
        <ele>134.8</ele>
      </trkpt>
      <trkpt lat="39.186497" lon="-77.606979">
        <ele>134.7</ele>
      </trkpt>
      <trkpt lat="39.186504" lon="-77.607018">
        <ele>134.6</ele>
      </trkpt>
      <trkpt lat="39.186516" lon="-77.607056">
        <ele>134.5</ele>
      </trkpt>
      <trkpt lat="39.186523" lon="-77.607094">
        <ele>134.3</ele>
      </trkpt>
      <trkpt lat="39.186535" lon="-77.607131">
        <ele>134.2</ele>
      </trkpt>
      <trkpt lat="39.186549" lon="-77.607178">
        <ele>134.0</ele>
      </trkpt>
      <trkpt lat="39.186558" lon="-77.607215">
        <ele>133.8</ele>
      </trkpt>
      <trkpt lat="39.186569" lon="-77.607262">
        <ele>133.7</ele>
      </trkpt>
      <trkpt lat="39.18658" lon="-77.6073">
        <ele>133.5</ele>
      </trkpt>
      <trkpt lat="39.186592" lon="-77.607346">
        <ele>133.4</ele>
      </trkpt>
      <trkpt lat="39.186607" lon="-77.607391">
        <ele>133.3</ele>
      </trkpt>
      <trkpt lat="39.186623" lon="-77.607437">
        <ele>133.1</ele>
      </trkpt>
      <trkpt lat="39.186638" lon="-77.607474">
        <ele>133.0</ele>
      </trkpt>
      <trkpt lat="39.186653" lon="-77.607529">
        <ele>132.8</ele>
      </trkpt>
      <trkpt lat="39.186668" lon="-77.607574">
        <ele>132.5</ele>
      </trkpt>
      <trkpt lat="39.186684" lon="-77.607628">
        <ele>132.3</ele>
      </trkpt>
      <trkpt lat="39.186699" lon="-77.607681">
        <ele>132.0</ele>
      </trkpt>
      <trkpt lat="39.186714" lon="-77.607727">
        <ele>131.7</ele>
      </trkpt>
      <trkpt lat="39.186729" lon="-77.60778">
        <ele>131.3</ele>
      </trkpt>
      <trkpt lat="39.186745" lon="-77.607819">
        <ele>131.0</ele>
      </trkpt>
      <trkpt lat="39.18676" lon="-77.607864">
        <ele>130.7</ele>
      </trkpt>
      <trkpt lat="39.186771" lon="-77.607902">
        <ele>130.5</ele>
      </trkpt>
      <trkpt lat="39.186783" lon="-77.607947">
        <ele>130.3</ele>
      </trkpt>
      <trkpt lat="39.18679" lon="-77.607986">
        <ele>130.2</ele>
      </trkpt>
      <trkpt lat="39.186798" lon="-77.608032">
        <ele>130.1</ele>
      </trkpt>
      <trkpt lat="39.18681" lon="-77.60807">
        <ele>130.1</ele>
      </trkpt>
      <trkpt lat="39.186821" lon="-77.608109">
        <ele>130.0</ele>
      </trkpt>
      <trkpt lat="39.186836" lon="-77.608147">
        <ele>130.0</ele>
      </trkpt>
      <trkpt lat="39.186852" lon="-77.608185">
        <ele>130.0</ele>
      </trkpt>
      <trkpt lat="39.186867" lon="-77.608215">
        <ele>130.0</ele>
      </trkpt>
      <trkpt lat="39.186882" lon="-77.608253">
        <ele>130.1</ele>
      </trkpt>
      <trkpt lat="39.186893" lon="-77.608276">
        <ele>130.1</ele>
      </trkpt>
      <trkpt lat="39.186909" lon="-77.608307">
        <ele>130.2</ele>
      </trkpt>
      <trkpt lat="39.18692" lon="-77.608337">
        <ele>130.3</ele>
      </trkpt>
      <trkpt lat="39.186932" lon="-77.608368">
        <ele>130.4</ele>
      </trkpt>
      <trkpt lat="39.186947" lon="-77.608391">
        <ele>130.4</ele>
      </trkpt>
      <trkpt lat="39.186958" lon="-77.608421">
        <ele>130.4</ele>
      </trkpt>
      <trkpt lat="39.18697" lon="-77.608444">
        <ele>130.3</ele>
      </trkpt>
      <trkpt lat="39.186981" lon="-77.608475">
        <ele>130.2</ele>
      </trkpt>
      <trkpt lat="39.186993" lon="-77.608498">
        <ele>130.0</ele>
      </trkpt>
      <trkpt lat="39.187004" lon="-77.608528">
        <ele>129.8</ele>
      </trkpt>
      <trkpt lat="39.187016" lon="-77.608559">
        <ele>129.6</ele>
      </trkpt>
      <trkpt lat="39.187031" lon="-77.608582">
        <ele>129.3</ele>
      </trkpt>
      <trkpt lat="39.187046" lon="-77.608611">
        <ele>129.0</ele>
      </trkpt>
      <trkpt lat="39.187057" lon="-77.60865">
        <ele>128.7</ele>
      </trkpt>
      <trkpt lat="39.187073" lon="-77.608681">
        <ele>128.4</ele>
      </trkpt>
      <trkpt lat="39.187088" lon="-77.608718">
        <ele>128.1</ele>
      </trkpt>
      <trkpt lat="39.187103" lon="-77.608749">
        <ele>127.8</ele>
      </trkpt>
      <trkpt lat="39.187119" lon="-77.60878">
        <ele>127.5</ele>
      </trkpt>
      <trkpt lat="39.187134" lon="-77.608818">
        <ele>127.4</ele>
      </trkpt>
      <trkpt lat="39.187149" lon="-77.608856">
        <ele>127.2</ele>
      </trkpt>
      <trkpt lat="39.18716" lon="-77.608887">
        <ele>127.1</ele>
      </trkpt>
      <trkpt lat="39.187176" lon="-77.608917">
        <ele>127.1</ele>
      </trkpt>
      <trkpt lat="39.187191" lon="-77.608955">
        <ele>127.1</ele>
      </trkpt>
      <trkpt lat="39.187206" lon="-77.608986">
        <ele>127.0</ele>
      </trkpt>
      <trkpt lat="39.187222" lon="-77.609016">
        <ele>127.0</ele>
      </trkpt>
      <trkpt lat="39.187244" lon="-77.609055">
        <ele>127.0</ele>
      </trkpt>
      <trkpt lat="39.187263" lon="-77.609093">
        <ele>126.9</ele>
      </trkpt>
      <trkpt lat="39.187278" lon="-77.609131">
        <ele>126.8</ele>
      </trkpt>
      <trkpt lat="39.187298" lon="-77.609161">
        <ele>126.7</ele>
      </trkpt>
      <trkpt lat="39.187317" lon="-77.6092">
        <ele>126.5</ele>
      </trkpt>
      <trkpt lat="39.187328" lon="-77.609238">
        <ele>126.4</ele>
      </trkpt>
      <trkpt lat="39.18734" lon="-77.609268">
        <ele>126.3</ele>
      </trkpt>
      <trkpt lat="39.187354" lon="-77.609306">
        <ele>126.1</ele>
      </trkpt>
      <trkpt lat="39.18737" lon="-77.609337">
        <ele>125.9</ele>
      </trkpt>
      <trkpt lat="39.187389" lon="-77.609375">
        <ele>125.6</ele>
      </trkpt>
      <trkpt lat="39.187408" lon="-77.609406">
        <ele>125.3</ele>
      </trkpt>
      <trkpt lat="39.187428" lon="-77.609444">
        <ele>125.1</ele>
      </trkpt>
      <trkpt lat="39.187443" lon="-77.609482">
        <ele>124.9</ele>
      </trkpt>
      <trkpt lat="39.187458" lon="-77.60952">
        <ele>124.6</ele>
      </trkpt>
      <trkpt lat="39.187473" lon="-77.609558">
        <ele>124.4</ele>
      </trkpt>
      <trkpt lat="39.187485" lon="-77.609589">
        <ele>124.2</ele>
      </trkpt>
      <trkpt lat="39.187496" lon="-77.609627">
        <ele>124.0</ele>
      </trkpt>
      <trkpt lat="39.187508" lon="-77.60965">
        <ele>123.9</ele>
      </trkpt>
      <trkpt lat="39.187515" lon="-77.60968">
        <ele>123.9</ele>
      </trkpt>
      <trkpt lat="39.187531" lon="-77.609695">
        <ele>123.9</ele>
      </trkpt>
      <trkpt lat="39.187538" lon="-77.609718">
        <ele>123.8</ele>
      </trkpt>
      <trkpt lat="39.187553" lon="-77.609734">
        <ele>123.8</ele>
      </trkpt>
      <trkpt lat="39.187561" lon="-77.609756">
        <ele>123.7</ele>
      </trkpt>
      <trkpt lat="39.187569" lon="-77.609787">
        <ele>123.7</ele>
      </trkpt>
      <trkpt lat="39.187588" lon="-77.609818">
        <ele>123.6</ele>
      </trkpt>
      <trkpt lat="39.187607" lon="-77.609848">
        <ele>123.6</ele>
      </trkpt>
      <trkpt lat="39.187626" lon="-77.609894">
        <ele>123.6</ele>
      </trkpt>
      <trkpt lat="39.187641" lon="-77.609932">
        <ele>123.6</ele>
      </trkpt>
      <trkpt lat="39.18766" lon="-77.609978">
        <ele>123.4</ele>
      </trkpt>
      <trkpt lat="39.187683" lon="-77.610023">
        <ele>123.1</ele>
      </trkpt>
      <trkpt lat="39.187702" lon="-77.610077">
        <ele>122.8</ele>
      </trkpt>
      <trkpt lat="39.187725" lon="-77.610123">
        <ele>122.5</ele>
      </trkpt>
      <trkpt lat="39.187744" lon="-77.610168">
        <ele>122.2</ele>
      </trkpt>
      <trkpt lat="39.187767" lon="-77.610214">
        <ele>121.8</ele>
      </trkpt>
      <trkpt lat="39.18779" lon="-77.61026">
        <ele>121.5</ele>
      </trkpt>
      <trkpt lat="39.187809" lon="-77.610306">
        <ele>121.3</ele>
      </trkpt>
      <trkpt lat="39.187832" lon="-77.610352">
        <ele>121.1</ele>
      </trkpt>
      <trkpt lat="39.187851" lon="-77.61039">
        <ele>121.0</ele>
      </trkpt>
      <trkpt lat="39.187869" lon="-77.610428">
        <ele>120.9</ele>
      </trkpt>
      <trkpt lat="39.187889" lon="-77.610466">
        <ele>120.9</ele>
      </trkpt>
      <trkpt lat="39.187912" lon="-77.610512">
        <ele>120.9</ele>
      </trkpt>
      <trkpt lat="39.187931" lon="-77.610542">
        <ele>120.8</ele>
      </trkpt>
      <trkpt lat="39.18795" lon="-77.61058">
        <ele>120.6</ele>
      </trkpt>
      <trkpt lat="39.187965" lon="-77.610619">
        <ele>120.3</ele>
      </trkpt>
      <trkpt lat="39.187976" lon="-77.610657">
        <ele>120.1</ele>
      </trkpt>
      <trkpt lat="39.187992" lon="-77.610687">
        <ele>119.8</ele>
      </trkpt>
      <trkpt lat="39.188004" lon="-77.610725">
        <ele>119.4</ele>
      </trkpt>
      <trkpt lat="39.188015" lon="-77.610756">
        <ele>119.1</ele>
      </trkpt>
      <trkpt lat="39.188023" lon="-77.610786">
        <ele>118.8</ele>
      </trkpt>
      <trkpt lat="39.188034" lon="-77.610817">
        <ele>118.4</ele>
      </trkpt>
      <trkpt lat="39.188042" lon="-77.610847">
        <ele>118.1</ele>
      </trkpt>
      <trkpt lat="39.188049" lon="-77.61087">
        <ele>117.9</ele>
      </trkpt>
      <trkpt lat="39.188057" lon="-77.610901">
        <ele>117.8</ele>
      </trkpt>
      <trkpt lat="39.188068" lon="-77.610939">
        <ele>117.8</ele>
      </trkpt>
      <trkpt lat="39.18808" lon="-77.61097">
        <ele>117.8</ele>
      </trkpt>
      <trkpt lat="39.188087" lon="-77.611">
        <ele>117.8</ele>
      </trkpt>
      <trkpt lat="39.188094" lon="-77.611031">
        <ele>117.7</ele>
      </trkpt>
      <trkpt lat="39.188103" lon="-77.611053">
        <ele>117.7</ele>
      </trkpt>
      <trkpt lat="39.188107" lon="-77.611069">
        <ele>117.6</ele>
      </trkpt>
      <trkpt lat="39.18811" lon="-77.611092">
        <ele>117.6</ele>
      </trkpt>
      <trkpt lat="39.188114" lon="-77.611107">
        <ele>117.6</ele>
      </trkpt>
      <trkpt lat="39.188122" lon="-77.611122">
        <ele>117.5</ele>
      </trkpt>
      <trkpt lat="39.188125" lon="-77.611137">
        <ele>117.4</ele>
      </trkpt>
      <trkpt lat="39.188129" lon="-77.611153">
        <ele>117.3</ele>
      </trkpt>
      <trkpt lat="39.188133" lon="-77.611168">
        <ele>117.2</ele>
      </trkpt>
      <trkpt lat="39.188133" lon="-77.611183">
        <ele>117.1</ele>
      </trkpt>
      <trkpt lat="39.188141" lon="-77.611198">
        <ele>117.0</ele>
      </trkpt>
      <trkpt lat="39.188145" lon="-77.611214">
        <ele>116.9</ele>
      </trkpt>
      <trkpt lat="39.188148" lon="-77.611237">
        <ele>116.8</ele>
      </trkpt>
      <trkpt lat="39.188152" lon="-77.611251">
        <ele>116.7</ele>
      </trkpt>
      <trkpt lat="39.18816" lon="-77.611267">
        <ele>116.6</ele>
      </trkpt>
      <trkpt lat="39.188164" lon="-77.611282">
        <ele>116.5</ele>
      </trkpt>
      <trkpt lat="39.188168" lon="-77.611305">
        <ele>116.4</ele>
      </trkpt>
      <trkpt lat="39.18817" lon="-77.611313">
        <ele>116.3</ele>
      </trkpt>
      <trkpt lat="39.188175" lon="-77.611328">
        <ele>116.2</ele>
      </trkpt>
      <trkpt lat="39.188179" lon="-77.611343">
        <ele>116.1</ele>
      </trkpt>
      <trkpt lat="39.188187" lon="-77.611358">
        <ele>115.9</ele>
      </trkpt>
      <trkpt lat="39.18819" lon="-77.611374">
        <ele>115.8</ele>
      </trkpt>
      <trkpt lat="39.188198" lon="-77.611389">
        <ele>115.7</ele>
      </trkpt>
      <trkpt lat="39.188201" lon="-77.611403">
        <ele>115.6</ele>
      </trkpt>
      <trkpt lat="39.188213" lon="-77.611412">
        <ele>115.5</ele>
      </trkpt>
      <trkpt lat="39.188217" lon="-77.611427">
        <ele>115.4</ele>
      </trkpt>
      <trkpt lat="39.188225" lon="-77.611435">
        <ele>115.3</ele>
      </trkpt>
      <trkpt lat="39.188232" lon="-77.61145">
        <ele>115.2</ele>
      </trkpt>
      <trkpt lat="39.18824" lon="-77.611465">
        <ele>115.1</ele>
      </trkpt>
      <trkpt lat="39.188244" lon="-77.611473">
        <ele>115.0</ele>
      </trkpt>
      <trkpt lat="39.188248" lon="-77.611488">
        <ele>115.0</ele>
      </trkpt>
      <trkpt lat="39.188255" lon="-77.611504">
        <ele>114.9</ele>
      </trkpt>
      <trkpt lat="39.188259" lon="-77.61151">
        <ele>114.9</ele>
      </trkpt>
      <trkpt lat="39.188267" lon="-77.611519">
        <ele>114.8</ele>
      </trkpt>
      <trkpt lat="39.188271" lon="-77.611534">
        <ele>114.8</ele>
      </trkpt>
      <trkpt lat="39.188277" lon="-77.611542">
        <ele>114.7</ele>
      </trkpt>
      <trkpt lat="39.188282" lon="-77.611557">
        <ele>114.7</ele>
      </trkpt>
      <trkpt lat="39.18829" lon="-77.611565">
        <ele>114.6</ele>
      </trkpt>
      <trkpt lat="39.188297" lon="-77.611572">
        <ele>114.6</ele>
      </trkpt>
      <trkpt lat="39.188305" lon="-77.61158">
        <ele>114.6</ele>
      </trkpt>
      <trkpt lat="39.188313" lon="-77.611588">
        <ele>114.6</ele>
      </trkpt>
      <trkpt lat="39.18832" lon="-77.611595">
        <ele>114.5</ele>
      </trkpt>
      <trkpt lat="39.188332" lon="-77.61161">
        <ele>114.5</ele>
      </trkpt>
      <trkpt lat="39.188343" lon="-77.611618">
        <ele>114.5</ele>
      </trkpt>
      <trkpt lat="39.188351" lon="-77.611633">
        <ele>114.5</ele>
      </trkpt>
      <trkpt lat="39.188362" lon="-77.611641">
        <ele>114.5</ele>
      </trkpt>
      <trkpt lat="39.188374" lon="-77.611656">
        <ele>114.4</ele>
      </trkpt>
      <trkpt lat="39.188381" lon="-77.611671">
        <ele>114.4</ele>
      </trkpt>
      <trkpt lat="39.188389" lon="-77.611679">
        <ele>114.4</ele>
      </trkpt>
      <trkpt lat="39.1884" lon="-77.611694">
        <ele>114.3</ele>
      </trkpt>
      <trkpt lat="39.188412" lon="-77.611701">
        <ele>114.3</ele>
      </trkpt>
      <trkpt lat="39.188423" lon="-77.61171">
        <ele>114.3</ele>
      </trkpt>
      <trkpt lat="39.188431" lon="-77.611725">
        <ele>114.3</ele>
      </trkpt>
      <trkpt lat="39.188442" lon="-77.611732">
        <ele>114.3</ele>
      </trkpt>
      <trkpt lat="39.188454" lon="-77.611748">
        <ele>114.3</ele>
      </trkpt>
      <trkpt lat="39.188465" lon="-77.611763">
        <ele>114.2</ele>
      </trkpt>
      <trkpt lat="39.188473" lon="-77.611771">
        <ele>114.2</ele>
      </trkpt>
      <trkpt lat="39.188484" lon="-77.611786">
        <ele>114.2</ele>
      </trkpt>
      <trkpt lat="39.188496" lon="-77.611794">
        <ele>114.2</ele>
      </trkpt>
      <trkpt lat="39.188503" lon="-77.611808">
        <ele>114.1</ele>
      </trkpt>
      <trkpt lat="39.188515" lon="-77.611816">
        <ele>114.2</ele>
      </trkpt>
      <trkpt lat="39.188526" lon="-77.611824">
        <ele>114.2</ele>
      </trkpt>
      <trkpt lat="39.188534" lon="-77.611839">
        <ele>114.1</ele>
      </trkpt>
      <trkpt lat="39.188545" lon="-77.611855">
        <ele>114.1</ele>
      </trkpt>
      <trkpt lat="39.188557" lon="-77.61187">
        <ele>114.0</ele>
      </trkpt>
      <trkpt lat="39.188564" lon="-77.611877">
        <ele>114.0</ele>
      </trkpt>
      <trkpt lat="39.188576" lon="-77.611885">
        <ele>114.1</ele>
      </trkpt>
      <trkpt lat="39.188591" lon="-77.6119">
        <ele>114.1</ele>
      </trkpt>
      <trkpt lat="39.188602" lon="-77.611908">
        <ele>114.1</ele>
      </trkpt>
      <trkpt lat="39.188614" lon="-77.611915">
        <ele>114.1</ele>
      </trkpt>
      <trkpt lat="39.188625" lon="-77.611931">
        <ele>114.1</ele>
      </trkpt>
      <trkpt lat="39.188637" lon="-77.611938">
        <ele>114.1</ele>
      </trkpt>
      <trkpt lat="39.188648" lon="-77.611954">
        <ele>114.1</ele>
      </trkpt>
      <trkpt lat="39.18866" lon="-77.61196">
        <ele>114.1</ele>
      </trkpt>
      <trkpt lat="39.188671" lon="-77.611969">
        <ele>114.1</ele>
      </trkpt>
      <trkpt lat="39.188683" lon="-77.611977">
        <ele>114.1</ele>
      </trkpt>
      <trkpt lat="39.188694" lon="-77.611992">
        <ele>114.1</ele>
      </trkpt>
      <trkpt lat="39.188705" lon="-77.612">
        <ele>114.1</ele>
      </trkpt>
      <trkpt lat="39.188716" lon="-77.612015">
        <ele>114.1</ele>
      </trkpt>
      <trkpt lat="39.188728" lon="-77.612022">
        <ele>114.2</ele>
      </trkpt>
      <trkpt lat="39.18874" lon="-77.612038">
        <ele>114.1</ele>
      </trkpt>
      <trkpt lat="39.188751" lon="-77.612045">
        <ele>114.1</ele>
      </trkpt>
      <trkpt lat="39.188763" lon="-77.612061">
        <ele>114.1</ele>
      </trkpt>
      <trkpt lat="39.188774" lon="-77.612076">
        <ele>114.0</ele>
      </trkpt>
      <trkpt lat="39.188789" lon="-77.612083">
        <ele>114.1</ele>
      </trkpt>
      <trkpt lat="39.188801" lon="-77.612099">
        <ele>114.1</ele>
      </trkpt>
      <trkpt lat="39.188808" lon="-77.612106">
        <ele>114.1</ele>
      </trkpt>
      <trkpt lat="39.18882" lon="-77.612122">
        <ele>114.0</ele>
      </trkpt>
      <trkpt lat="39.188835" lon="-77.612129">
        <ele>114.1</ele>
      </trkpt>
      <trkpt lat="39.188847" lon="-77.612144">
        <ele>114.1</ele>
      </trkpt>
      <trkpt lat="39.188862" lon="-77.61216">
        <ele>114.0</ele>
      </trkpt>
      <trkpt lat="39.188868" lon="-77.612167">
        <ele>114.0</ele>
      </trkpt>
      <trkpt lat="39.188881" lon="-77.612183">
        <ele>114.0</ele>
      </trkpt>
      <trkpt lat="39.188889" lon="-77.612198">
        <ele>113.9</ele>
      </trkpt>
      <trkpt lat="39.188899" lon="-77.612206">
        <ele>113.9</ele>
      </trkpt>
      <trkpt lat="39.188911" lon="-77.612221">
        <ele>113.8</ele>
      </trkpt>
      <trkpt lat="39.188919" lon="-77.612236">
        <ele>113.8</ele>
      </trkpt>
      <trkpt lat="39.188927" lon="-77.612244">
        <ele>113.8</ele>
      </trkpt>
      <trkpt lat="39.188938" lon="-77.612259">
        <ele>113.7</ele>
      </trkpt>
      <trkpt lat="39.18895" lon="-77.612267">
        <ele>113.7</ele>
      </trkpt>
      <trkpt lat="39.188957" lon="-77.612281">
        <ele>113.6</ele>
      </trkpt>
      <trkpt lat="39.188969" lon="-77.612297">
        <ele>113.5</ele>
      </trkpt>
      <trkpt lat="39.18898" lon="-77.612305">
        <ele>113.5</ele>
      </trkpt>
      <trkpt lat="39.188988" lon="-77.61232">
        <ele>113.4</ele>
      </trkpt>
      <trkpt lat="39.188999" lon="-77.612328">
        <ele>113.3</ele>
      </trkpt>
      <trkpt lat="39.189006" lon="-77.612343">
        <ele>113.2</ele>
      </trkpt>
      <trkpt lat="39.189018" lon="-77.61235">
        <ele>113.1</ele>
      </trkpt>
      <trkpt lat="39.189026" lon="-77.612358">
        <ele>113.0</ele>
      </trkpt>
      <trkpt lat="39.189037" lon="-77.612366">
        <ele>112.9</ele>
      </trkpt>
      <trkpt lat="39.189049" lon="-77.612373">
        <ele>112.8</ele>
      </trkpt>
      <trkpt lat="39.18906" lon="-77.612381">
        <ele>112.7</ele>
      </trkpt>
      <trkpt lat="39.189072" lon="-77.612388">
        <ele>112.6</ele>
      </trkpt>
      <trkpt lat="39.189079" lon="-77.612396">
        <ele>112.5</ele>
      </trkpt>
      <trkpt lat="39.189091" lon="-77.612404">
        <ele>112.3</ele>
      </trkpt>
      <trkpt lat="39.189102" lon="-77.612419">
        <ele>112.2</ele>
      </trkpt>
      <trkpt lat="39.189113" lon="-77.612427">
        <ele>112.2</ele>
      </trkpt>
      <trkpt lat="39.189125" lon="-77.612442">
        <ele>112.1</ele>
      </trkpt>
      <trkpt lat="39.189137" lon="-77.612457">
        <ele>112.0</ele>
      </trkpt>
      <trkpt lat="39.189144" lon="-77.612465">
        <ele>112.0</ele>
      </trkpt>
      <trkpt lat="39.189152" lon="-77.61248">
        <ele>111.9</ele>
      </trkpt>
      <trkpt lat="39.189158" lon="-77.612495">
        <ele>111.9</ele>
      </trkpt>
      <trkpt lat="39.189167" lon="-77.612511">
        <ele>111.8</ele>
      </trkpt>
      <trkpt lat="39.189175" lon="-77.612526">
        <ele>111.8</ele>
      </trkpt>
      <trkpt lat="39.189178" lon="-77.612534">
        <ele>111.8</ele>
      </trkpt>
      <trkpt lat="39.18919" lon="-77.61254">
        <ele>111.8</ele>
      </trkpt>
      <trkpt lat="39.189198" lon="-77.612549">
        <ele>111.8</ele>
      </trkpt>
      <trkpt lat="39.189205" lon="-77.612564">
        <ele>111.7</ele>
      </trkpt>
      <trkpt lat="39.189213" lon="-77.612572">
        <ele>111.7</ele>
      </trkpt>
      <trkpt lat="39.189224" lon="-77.612579">
        <ele>111.7</ele>
      </trkpt>
      <trkpt lat="39.189231" lon="-77.612595">
        <ele>111.7</ele>
      </trkpt>
      <trkpt lat="39.189243" lon="-77.612602">
        <ele>111.7</ele>
      </trkpt>
      <trkpt lat="39.189251" lon="-77.612617">
        <ele>111.6</ele>
      </trkpt>
      <trkpt lat="39.189262" lon="-77.612625">
        <ele>111.6</ele>
      </trkpt>
      <trkpt lat="39.189274" lon="-77.61264">
        <ele>111.6</ele>
      </trkpt>
      <trkpt lat="39.189281" lon="-77.612656">
        <ele>111.5</ele>
      </trkpt>
      <trkpt lat="39.189297" lon="-77.612671">
        <ele>111.5</ele>
      </trkpt>
      <trkpt lat="39.189304" lon="-77.612679">
        <ele>111.5</ele>
      </trkpt>
      <trkpt lat="39.189316" lon="-77.612694">
        <ele>111.5</ele>
      </trkpt>
      <trkpt lat="39.189327" lon="-77.612701">
        <ele>111.5</ele>
      </trkpt>
      <trkpt lat="39.189338" lon="-77.612717">
        <ele>111.5</ele>
      </trkpt>
      <trkpt lat="39.18935" lon="-77.612732">
        <ele>111.5</ele>
      </trkpt>
      <trkpt lat="39.189362" lon="-77.61274">
        <ele>111.5</ele>
      </trkpt>
      <trkpt lat="39.189377" lon="-77.612755">
        <ele>111.5</ele>
      </trkpt>
      <trkpt lat="39.189388" lon="-77.612762">
        <ele>111.5</ele>
      </trkpt>
      <trkpt lat="39.1894" lon="-77.612778">
        <ele>111.5</ele>
      </trkpt>
      <trkpt lat="39.189411" lon="-77.612785">
        <ele>111.5</ele>
      </trkpt>
      <trkpt lat="39.189419" lon="-77.612801">
        <ele>111.4</ele>
      </trkpt>
      <trkpt lat="39.18943" lon="-77.612808">
        <ele>111.4</ele>
      </trkpt>
      <trkpt lat="39.189442" lon="-77.612823">
        <ele>111.4</ele>
      </trkpt>
      <trkpt lat="39.189453" lon="-77.612831">
        <ele>111.4</ele>
      </trkpt>
      <trkpt lat="39.189465" lon="-77.612846">
        <ele>111.4</ele>
      </trkpt>
      <trkpt lat="39.189476" lon="-77.612854">
        <ele>111.4</ele>
      </trkpt>
      <trkpt lat="39.189487" lon="-77.612862">
        <ele>111.4</ele>
      </trkpt>
      <trkpt lat="39.189499" lon="-77.612877">
        <ele>111.3</ele>
      </trkpt>
      <trkpt lat="39.18951" lon="-77.612885">
        <ele>111.3</ele>
      </trkpt>
      <trkpt lat="39.189521" lon="-77.6129">
        <ele>111.3</ele>
      </trkpt>
      <trkpt lat="39.189533" lon="-77.612915">
        <ele>111.2</ele>
      </trkpt>
      <trkpt lat="39.189545" lon="-77.612923">
        <ele>111.2</ele>
      </trkpt>
      <trkpt lat="39.189556" lon="-77.612938">
        <ele>111.2</ele>
      </trkpt>
      <trkpt lat="39.189568" lon="-77.612945">
        <ele>111.2</ele>
      </trkpt>
      <trkpt lat="39.189579" lon="-77.612961">
        <ele>111.1</ele>
      </trkpt>
      <trkpt lat="39.189587" lon="-77.612968">
        <ele>111.1</ele>
      </trkpt>
      <trkpt lat="39.189602" lon="-77.612984">
        <ele>111.1</ele>
      </trkpt>
      <trkpt lat="39.18961" lon="-77.612999">
        <ele>111.0</ele>
      </trkpt>
      <trkpt lat="39.189621" lon="-77.613014">
        <ele>111.0</ele>
      </trkpt>
      <trkpt lat="39.189628" lon="-77.613022">
        <ele>110.9</ele>
      </trkpt>
      <trkpt lat="39.18964" lon="-77.613037">
        <ele>110.9</ele>
      </trkpt>
      <trkpt lat="39.189651" lon="-77.613045">
        <ele>110.8</ele>
      </trkpt>
      <trkpt lat="39.189659" lon="-77.61306">
        <ele>110.7</ele>
      </trkpt>
      <trkpt lat="39.189671" lon="-77.613068">
        <ele>110.7</ele>
      </trkpt>
      <trkpt lat="39.189682" lon="-77.613083">
        <ele>110.6</ele>
      </trkpt>
      <trkpt lat="39.189693" lon="-77.613091">
        <ele>110.5</ele>
      </trkpt>
      <trkpt lat="39.189704" lon="-77.613097">
        <ele>110.5</ele>
      </trkpt>
      <trkpt lat="39.189716" lon="-77.613106">
        <ele>110.4</ele>
      </trkpt>
      <trkpt lat="39.189728" lon="-77.613121">
        <ele>110.3</ele>
      </trkpt>
      <trkpt lat="39.189735" lon="-77.613136">
        <ele>110.1</ele>
      </trkpt>
      <trkpt lat="39.189746" lon="-77.613144">
        <ele>110.0</ele>
      </trkpt>
      <trkpt lat="39.189751" lon="-77.613152">
        <ele>109.9</ele>
      </trkpt>
      <trkpt lat="39.189754" lon="-77.613167">
        <ele>109.8</ele>
      </trkpt>
      <trkpt lat="39.189762" lon="-77.613174">
        <ele>109.8</ele>
      </trkpt>
      <trkpt lat="39.189774" lon="-77.613182">
        <ele>109.7</ele>
      </trkpt>
      <trkpt lat="39.189781" lon="-77.61319">
        <ele>109.6</ele>
      </trkpt>
      <trkpt lat="39.189793" lon="-77.613197">
        <ele>109.5</ele>
      </trkpt>
      <trkpt lat="39.1898" lon="-77.613204">
        <ele>109.4</ele>
      </trkpt>
      <trkpt lat="39.189812" lon="-77.61322">
        <ele>109.3</ele>
      </trkpt>
      <trkpt lat="39.189822" lon="-77.613228">
        <ele>109.2</ele>
      </trkpt>
      <trkpt lat="39.189838" lon="-77.613235">
        <ele>109.1</ele>
      </trkpt>
      <trkpt lat="39.18985" lon="-77.613235">
        <ele>109.1</ele>
      </trkpt>
      <trkpt lat="39.189861" lon="-77.613251">
        <ele>109.0</ele>
      </trkpt>
      <trkpt lat="39.189873" lon="-77.613258">
        <ele>108.9</ele>
      </trkpt>
      <trkpt lat="39.189884" lon="-77.613266">
        <ele>108.8</ele>
      </trkpt>
      <trkpt lat="39.189896" lon="-77.613274">
        <ele>108.8</ele>
      </trkpt>
      <trkpt lat="39.189911" lon="-77.613281">
        <ele>108.7</ele>
      </trkpt>
      <trkpt lat="39.189922" lon="-77.613289">
        <ele>108.7</ele>
      </trkpt>
      <trkpt lat="39.189934" lon="-77.613297">
        <ele>108.6</ele>
      </trkpt>
      <trkpt lat="39.189945" lon="-77.613304">
        <ele>108.6</ele>
      </trkpt>
      <trkpt lat="39.189957" lon="-77.613311">
        <ele>108.5</ele>
      </trkpt>
      <trkpt lat="39.189968" lon="-77.613319">
        <ele>108.5</ele>
      </trkpt>
      <trkpt lat="39.18998" lon="-77.613327">
        <ele>108.4</ele>
      </trkpt>
      <trkpt lat="39.189991" lon="-77.613335">
        <ele>108.4</ele>
      </trkpt>
      <trkpt lat="39.190002" lon="-77.61335">
        <ele>108.3</ele>
      </trkpt>
      <trkpt lat="39.190014" lon="-77.613358">
        <ele>108.3</ele>
      </trkpt>
      <trkpt lat="39.190025" lon="-77.613365">
        <ele>108.2</ele>
      </trkpt>
      <trkpt lat="39.190036" lon="-77.613373">
        <ele>108.2</ele>
      </trkpt>
      <trkpt lat="39.190048" lon="-77.613388">
        <ele>108.1</ele>
      </trkpt>
      <trkpt lat="39.190063" lon="-77.613396">
        <ele>108.1</ele>
      </trkpt>
      <trkpt lat="39.190075" lon="-77.613403">
        <ele>108.1</ele>
      </trkpt>
      <trkpt lat="39.190086" lon="-77.613418">
        <ele>108.0</ele>
      </trkpt>
      <trkpt lat="39.190098" lon="-77.613426">
        <ele>108.0</ele>
      </trkpt>
      <trkpt lat="39.190109" lon="-77.613441">
        <ele>107.9</ele>
      </trkpt>
      <trkpt lat="39.190121" lon="-77.613457">
        <ele>107.9</ele>
      </trkpt>
      <trkpt lat="39.190128" lon="-77.613463">
        <ele>107.9</ele>
      </trkpt>
      <trkpt lat="39.19014" lon="-77.61348">
        <ele>107.8</ele>
      </trkpt>
      <trkpt lat="39.190151" lon="-77.613487">
        <ele>107.8</ele>
      </trkpt>
      <trkpt lat="39.190166" lon="-77.613495">
        <ele>107.8</ele>
      </trkpt>
      <trkpt lat="39.190174" lon="-77.61351">
        <ele>107.8</ele>
      </trkpt>
      <trkpt lat="39.190186" lon="-77.613518">
        <ele>107.8</ele>
      </trkpt>
      <trkpt lat="39.190197" lon="-77.613525">
        <ele>107.8</ele>
      </trkpt>
      <trkpt lat="39.190208" lon="-77.613541">
        <ele>107.8</ele>
      </trkpt>
      <trkpt lat="39.190219" lon="-77.613556">
        <ele>107.8</ele>
      </trkpt>
      <trkpt lat="39.190235" lon="-77.61357">
        <ele>107.8</ele>
      </trkpt>
      <trkpt lat="39.190243" lon="-77.613579">
        <ele>107.8</ele>
      </trkpt>
      <trkpt lat="39.190258" lon="-77.613594">
        <ele>107.8</ele>
      </trkpt>
      <trkpt lat="39.190269" lon="-77.613602">
        <ele>107.8</ele>
      </trkpt>
      <trkpt lat="39.190281" lon="-77.613617">
        <ele>107.8</ele>
      </trkpt>
      <trkpt lat="39.190292" lon="-77.613625">
        <ele>107.8</ele>
      </trkpt>
      <trkpt lat="39.190308" lon="-77.613632">
        <ele>107.9</ele>
      </trkpt>
      <trkpt lat="39.190319" lon="-77.613647">
        <ele>107.9</ele>
      </trkpt>
      <trkpt lat="39.190327" lon="-77.613655">
        <ele>107.9</ele>
      </trkpt>
      <trkpt lat="39.190337" lon="-77.61367">
        <ele>107.9</ele>
      </trkpt>
      <trkpt lat="39.19035" lon="-77.613677">
        <ele>107.9</ele>
      </trkpt>
      <trkpt lat="39.190361" lon="-77.613686">
        <ele>107.9</ele>
      </trkpt>
      <trkpt lat="39.190376" lon="-77.613693">
        <ele>108.0</ele>
      </trkpt>
      <trkpt lat="39.190388" lon="-77.613701">
        <ele>108.0</ele>
      </trkpt>
      <trkpt lat="39.190399" lon="-77.613708">
        <ele>108.0</ele>
      </trkpt>
      <trkpt lat="39.190411" lon="-77.613716">
        <ele>108.1</ele>
      </trkpt>
      <trkpt lat="39.190422" lon="-77.613724">
        <ele>108.1</ele>
      </trkpt>
      <trkpt lat="39.190437" lon="-77.613731">
        <ele>108.1</ele>
      </trkpt>
      <trkpt lat="39.190514" lon="-77.613838">
        <ele>108.1</ele>
      </trkpt>
      <trkpt lat="39.190514" lon="-77.613838">
        <ele>108.1</ele>
      </trkpt>
      <trkpt lat="39.190514" lon="-77.613838">
        <ele>108.1</ele>
      </trkpt>
      <trkpt lat="39.190517" lon="-77.613846">
        <ele>108.1</ele>
      </trkpt>
      <trkpt lat="39.190525" lon="-77.613853">
        <ele>108.1</ele>
      </trkpt>
      <trkpt lat="39.190533" lon="-77.613868">
        <ele>108.1</ele>
      </trkpt>
      <trkpt lat="39.19054" lon="-77.613876">
        <ele>108.1</ele>
      </trkpt>
      <trkpt lat="39.190548" lon="-77.613892">
        <ele>108.1</ele>
      </trkpt>
      <trkpt lat="39.190551" lon="-77.613899">
        <ele>108.1</ele>
      </trkpt>
      <trkpt lat="39.190559" lon="-77.613922">
        <ele>108.1</ele>
      </trkpt>
      <trkpt lat="39.190563" lon="-77.613937">
        <ele>108.1</ele>
      </trkpt>
      <trkpt lat="39.190563" lon="-77.613953">
        <ele>108.0</ele>
      </trkpt>
      <trkpt lat="39.190575" lon="-77.613983">
        <ele>108.0</ele>
      </trkpt>
      <trkpt lat="39.190575" lon="-77.613983">
        <ele>108.0</ele>
      </trkpt>
      <trkpt lat="39.190578" lon="-77.613991">
        <ele>108.0</ele>
      </trkpt>
      <trkpt lat="39.190578" lon="-77.614006">
        <ele>108.0</ele>
      </trkpt>
      <trkpt lat="39.190582" lon="-77.614014">
        <ele>108.0</ele>
      </trkpt>
      <trkpt lat="39.190582" lon="-77.614029">
        <ele>108.0</ele>
      </trkpt>
      <trkpt lat="39.190578" lon="-77.614052">
        <ele>107.9</ele>
      </trkpt>
      <trkpt lat="39.190578" lon="-77.614067">
        <ele>107.9</ele>
      </trkpt>
      <trkpt lat="39.190578" lon="-77.614075">
        <ele>107.9</ele>
      </trkpt>
      <trkpt lat="39.190578" lon="-77.61409">
        <ele>107.8</ele>
      </trkpt>
      <trkpt lat="39.190578" lon="-77.614105">
        <ele>107.8</ele>
      </trkpt>
      <trkpt lat="39.190582" lon="-77.61412">
        <ele>107.8</ele>
      </trkpt>
      <trkpt lat="39.190582" lon="-77.614136">
        <ele>107.7</ele>
      </trkpt>
      <trkpt lat="39.190582" lon="-77.614151">
        <ele>107.7</ele>
      </trkpt>
      <trkpt lat="39.190578" lon="-77.614166">
        <ele>107.6</ele>
      </trkpt>
      <trkpt lat="39.190578" lon="-77.614182">
        <ele>107.6</ele>
      </trkpt>
      <trkpt lat="39.190578" lon="-77.614197">
        <ele>107.5</ele>
      </trkpt>
      <trkpt lat="39.190575" lon="-77.614212">
        <ele>107.5</ele>
      </trkpt>
      <trkpt lat="39.190575" lon="-77.614227">
        <ele>107.4</ele>
      </trkpt>
      <trkpt lat="39.190575" lon="-77.614243">
        <ele>107.4</ele>
      </trkpt>
      <trkpt lat="39.190575" lon="-77.614258">
        <ele>107.3</ele>
      </trkpt>
      <trkpt lat="39.190575" lon="-77.614273">
        <ele>107.3</ele>
      </trkpt>
      <trkpt lat="39.190578" lon="-77.614288">
        <ele>107.2</ele>
      </trkpt>
      <trkpt lat="39.190578" lon="-77.614304">
        <ele>107.2</ele>
      </trkpt>
      <trkpt lat="39.190582" lon="-77.614319">
        <ele>107.1</ele>
      </trkpt>
      <trkpt lat="39.190582" lon="-77.614334">
        <ele>107.1</ele>
      </trkpt>
      <trkpt lat="39.190582" lon="-77.614349">
        <ele>107.0</ele>
      </trkpt>
      <trkpt lat="39.190586" lon="-77.614365">
        <ele>107.0</ele>
      </trkpt>
      <trkpt lat="39.19059" lon="-77.61438">
        <ele>106.9</ele>
      </trkpt>
      <trkpt lat="39.19059" lon="-77.614395">
        <ele>106.9</ele>
      </trkpt>
      <trkpt lat="39.190594" lon="-77.61441">
        <ele>106.8</ele>
      </trkpt>
      <trkpt lat="39.190598" lon="-77.614426">
        <ele>106.8</ele>
      </trkpt>
      <trkpt lat="39.190605" lon="-77.614441">
        <ele>106.8</ele>
      </trkpt>
      <trkpt lat="39.190605" lon="-77.614456">
        <ele>106.7</ele>
      </trkpt>
      <trkpt lat="39.190613" lon="-77.614471">
        <ele>106.6</ele>
      </trkpt>
      <trkpt lat="39.190617" lon="-77.614479">
        <ele>106.6</ele>
      </trkpt>
      <trkpt lat="39.190624" lon="-77.614493">
        <ele>106.6</ele>
      </trkpt>
      <trkpt lat="39.190632" lon="-77.61451">
        <ele>106.5</ele>
      </trkpt>
      <trkpt lat="39.190636" lon="-77.614525">
        <ele>106.4</ele>
      </trkpt>
      <trkpt lat="39.190643" lon="-77.61454">
        <ele>106.4</ele>
      </trkpt>
      <trkpt lat="39.190651" lon="-77.614555">
        <ele>106.3</ele>
      </trkpt>
      <trkpt lat="39.190655" lon="-77.614563">
        <ele>106.3</ele>
      </trkpt>
      <trkpt lat="39.190662" lon="-77.614578">
        <ele>106.2</ele>
      </trkpt>
      <trkpt lat="39.19067" lon="-77.614594">
        <ele>106.2</ele>
      </trkpt>
      <trkpt lat="39.190674" lon="-77.614609">
        <ele>106.1</ele>
      </trkpt>
      <trkpt lat="39.190681" lon="-77.614616">
        <ele>106.1</ele>
      </trkpt>
      <trkpt lat="39.190689" lon="-77.614632">
        <ele>106.0</ele>
      </trkpt>
      <trkpt lat="39.190693" lon="-77.614647">
        <ele>106.0</ele>
      </trkpt>
      <trkpt lat="39.190701" lon="-77.614662">
        <ele>105.9</ele>
      </trkpt>
      <trkpt lat="39.190708" lon="-77.61467">
        <ele>105.9</ele>
      </trkpt>
      <trkpt lat="39.190712" lon="-77.614685">
        <ele>105.9</ele>
      </trkpt>
      <trkpt lat="39.190723" lon="-77.6147">
        <ele>105.8</ele>
      </trkpt>
      <trkpt lat="39.190731" lon="-77.614716">
        <ele>105.8</ele>
      </trkpt>
      <trkpt lat="39.190739" lon="-77.614723">
        <ele>105.8</ele>
      </trkpt>
      <trkpt lat="39.19075" lon="-77.614738">
        <ele>105.7</ele>
      </trkpt>
      <trkpt lat="39.190758" lon="-77.614754">
        <ele>105.7</ele>
      </trkpt>
      <trkpt lat="39.190765" lon="-77.614777">
        <ele>105.7</ele>
      </trkpt>
      <trkpt lat="39.190773" lon="-77.614792">
        <ele>105.6</ele>
      </trkpt>
      <trkpt lat="39.190781" lon="-77.614807">
        <ele>105.6</ele>
      </trkpt>
      <trkpt lat="39.190788" lon="-77.61483">
        <ele>105.6</ele>
      </trkpt>
      <trkpt lat="39.190792" lon="-77.614845">
        <ele>105.5</ele>
      </trkpt>
      <trkpt lat="39.190804" lon="-77.614861">
        <ele>105.5</ele>
      </trkpt>
      <trkpt lat="39.19081" lon="-77.614876">
        <ele>105.5</ele>
      </trkpt>
      <trkpt lat="39.190815" lon="-77.614891">
        <ele>105.4</ele>
      </trkpt>
      <trkpt lat="39.190823" lon="-77.614906">
        <ele>105.4</ele>
      </trkpt>
      <trkpt lat="39.19083" lon="-77.614922">
        <ele>105.4</ele>
      </trkpt>
      <trkpt lat="39.190838" lon="-77.614937">
        <ele>105.3</ele>
      </trkpt>
      <trkpt lat="39.190845" lon="-77.61496">
        <ele>105.3</ele>
      </trkpt>
      <trkpt lat="39.190853" lon="-77.614966">
        <ele>105.3</ele>
      </trkpt>
      <trkpt lat="39.190861" lon="-77.614983">
        <ele>105.2</ele>
      </trkpt>
      <trkpt lat="39.190868" lon="-77.614998">
        <ele>105.2</ele>
      </trkpt>
      <trkpt lat="39.19088" lon="-77.615013">
        <ele>105.2</ele>
      </trkpt>
      <trkpt lat="39.190895" lon="-77.615036">
        <ele>105.1</ele>
      </trkpt>
      <trkpt lat="39.19091" lon="-77.615082">
        <ele>105.0</ele>
      </trkpt>
      <trkpt lat="39.190928" lon="-77.615135">
        <ele>104.9</ele>
      </trkpt>
      <trkpt lat="39.190941" lon="-77.615196">
        <ele>104.8</ele>
      </trkpt>
      <trkpt lat="39.190948" lon="-77.615264">
        <ele>104.7</ele>
      </trkpt>
      <trkpt lat="39.190956" lon="-77.615334">
        <ele>104.5</ele>
      </trkpt>
      <trkpt lat="39.190959" lon="-77.615402">
        <ele>104.4</ele>
      </trkpt>
      <trkpt lat="39.190964" lon="-77.615478">
        <ele>104.2</ele>
      </trkpt>
      <trkpt lat="39.190964" lon="-77.615562">
        <ele>104.0</ele>
      </trkpt>
      <trkpt lat="39.190964" lon="-77.615646">
        <ele>104.1</ele>
      </trkpt>
      <trkpt lat="39.190959" lon="-77.61573">
        <ele>105.0</ele>
      </trkpt>
      <trkpt lat="39.190959" lon="-77.615829">
        <ele>106.2</ele>
      </trkpt>
      <trkpt lat="39.190952" lon="-77.615913">
        <ele>106.5</ele>
      </trkpt>
      <trkpt lat="39.190945" lon="-77.615996">
        <ele>106.6</ele>
      </trkpt>
      <trkpt lat="39.190928" lon="-77.616089">
        <ele>106.6</ele>
      </trkpt>
      <trkpt lat="39.190914" lon="-77.61618">
        <ele>106.7</ele>
      </trkpt>
      <trkpt lat="39.190895" lon="-77.616272">
        <ele>106.8</ele>
      </trkpt>
      <trkpt lat="39.190868" lon="-77.616356">
        <ele>106.8</ele>
      </trkpt>
      <trkpt lat="39.190842" lon="-77.61644">
        <ele>106.9</ele>
      </trkpt>
      <trkpt lat="39.19081" lon="-77.616516">
        <ele>107.0</ele>
      </trkpt>
      <trkpt lat="39.190777" lon="-77.6166">
        <ele>107.0</ele>
      </trkpt>
      <trkpt lat="39.19075" lon="-77.616676">
        <ele>107.0</ele>
      </trkpt>
      <trkpt lat="39.19072" lon="-77.61676">
        <ele>106.9</ele>
      </trkpt>
      <trkpt lat="39.190685" lon="-77.616844">
        <ele>107.0</ele>
      </trkpt>
      <trkpt lat="39.190647" lon="-77.616928">
        <ele>107.3</ele>
      </trkpt>
      <trkpt lat="39.190617" lon="-77.61702">
        <ele>107.5</ele>
      </trkpt>
      <trkpt lat="39.190582" lon="-77.617104">
        <ele>107.8</ele>
      </trkpt>
      <trkpt lat="39.190551" lon="-77.617188">
        <ele>108.1</ele>
      </trkpt>
      <trkpt lat="39.19052" lon="-77.617264">
        <ele>108.4</ele>
      </trkpt>
      <trkpt lat="39.190491" lon="-77.617348">
        <ele>108.7</ele>
      </trkpt>
      <trkpt lat="39.190464" lon="-77.617424">
        <ele>108.8</ele>
      </trkpt>
      <trkpt lat="39.190437" lon="-77.6175">
        <ele>108.9</ele>
      </trkpt>
      <trkpt lat="39.190418" lon="-77.617583">
        <ele>109.1</ele>
      </trkpt>
      <trkpt lat="39.190395" lon="-77.617653">
        <ele>109.2</ele>
      </trkpt>
      <trkpt lat="39.190376" lon="-77.617714">
        <ele>109.2</ele>
      </trkpt>
      <trkpt lat="39.190353" lon="-77.617775">
        <ele>109.4</ele>
      </trkpt>
      <trkpt lat="39.190323" lon="-77.617821">
        <ele>109.5</ele>
      </trkpt>
      <trkpt lat="39.190292" lon="-77.617867">
        <ele>109.6</ele>
      </trkpt>
      <trkpt lat="39.190266" lon="-77.617912">
        <ele>109.7</ele>
      </trkpt>
      <trkpt lat="39.190247" lon="-77.617949">
        <ele>109.8</ele>
      </trkpt>
      <trkpt lat="39.190231" lon="-77.617996">
        <ele>109.9</ele>
      </trkpt>
      <trkpt lat="39.190224" lon="-77.618042">
        <ele>110.0</ele>
      </trkpt>
      <trkpt lat="39.190219" lon="-77.618225">
        <ele>111.2</ele>
      </trkpt>
      <trkpt lat="39.190219" lon="-77.618225">
        <ele>111.2</ele>
      </trkpt>
      <trkpt lat="39.190219" lon="-77.618225">
        <ele>111.2</ele>
      </trkpt>
      <trkpt lat="39.190219" lon="-77.618217">
        <ele>111.1</ele>
      </trkpt>
      <trkpt lat="39.190219" lon="-77.618217">
        <ele>111.1</ele>
      </trkpt>
      <trkpt lat="39.190224" lon="-77.618233">
        <ele>111.2</ele>
      </trkpt>
      <trkpt lat="39.190235" lon="-77.61824">
        <ele>111.3</ele>
      </trkpt>
      <trkpt lat="39.190258" lon="-77.618248">
        <ele>111.3</ele>
      </trkpt>
      <trkpt lat="39.190281" lon="-77.618256">
        <ele>111.3</ele>
      </trkpt>
      <trkpt lat="39.1903" lon="-77.618263">
        <ele>111.3</ele>
      </trkpt>
      <trkpt lat="39.190319" lon="-77.61827">
        <ele>111.4</ele>
      </trkpt>
      <trkpt lat="39.190346" lon="-77.618279">
        <ele>111.5</ele>
      </trkpt>
      <trkpt lat="39.190357" lon="-77.618279">
        <ele>111.5</ele>
      </trkpt>
      <trkpt lat="39.19038" lon="-77.618286">
        <ele>111.5</ele>
      </trkpt>
      <trkpt lat="39.190411" lon="-77.618301">
        <ele>111.6</ele>
      </trkpt>
      <trkpt lat="39.190453" lon="-77.618317">
        <ele>111.7</ele>
      </trkpt>
      <trkpt lat="39.190498" lon="-77.618332">
        <ele>111.8</ele>
      </trkpt>
      <trkpt lat="39.190556" lon="-77.618354">
        <ele>111.9</ele>
      </trkpt>
      <trkpt lat="39.190613" lon="-77.618378">
        <ele>112.0</ele>
      </trkpt>
      <trkpt lat="39.190674" lon="-77.618393">
        <ele>111.9</ele>
      </trkpt>
      <trkpt lat="39.190739" lon="-77.618416">
        <ele>111.8</ele>
      </trkpt>
      <trkpt lat="39.190804" lon="-77.618439">
        <ele>111.7</ele>
      </trkpt>
      <trkpt lat="39.190865" lon="-77.618461">
        <ele>111.6</ele>
      </trkpt>
      <trkpt lat="39.190928" lon="-77.618492">
        <ele>111.6</ele>
      </trkpt>
      <trkpt lat="39.19099" lon="-77.618515">
        <ele>111.5</ele>
      </trkpt>
      <trkpt lat="39.191055" lon="-77.618538">
        <ele>111.4</ele>
      </trkpt>
      <trkpt lat="39.191124" lon="-77.618561">
        <ele>111.3</ele>
      </trkpt>
      <trkpt lat="39.191189" lon="-77.618584">
        <ele>111.2</ele>
      </trkpt>
      <trkpt lat="39.191257" lon="-77.618613">
        <ele>111.1</ele>
      </trkpt>
      <trkpt lat="39.191334" lon="-77.618637">
        <ele>110.9</ele>
      </trkpt>
      <trkpt lat="39.19141" lon="-77.618668">
        <ele>110.8</ele>
      </trkpt>
      <trkpt lat="39.191483" lon="-77.618698">
        <ele>110.3</ele>
      </trkpt>
      <trkpt lat="39.191563" lon="-77.618729">
        <ele>109.7</ele>
      </trkpt>
      <trkpt lat="39.191647" lon="-77.618759">
        <ele>109.5</ele>
      </trkpt>
      <trkpt lat="39.191733" lon="-77.61879">
        <ele>109.4</ele>
      </trkpt>
      <trkpt lat="39.191826" lon="-77.618827">
        <ele>109.4</ele>
      </trkpt>
      <trkpt lat="39.191925" lon="-77.618866">
        <ele>109.4</ele>
      </trkpt>
      <trkpt lat="39.19202" lon="-77.618896">
        <ele>109.4</ele>
      </trkpt>
      <trkpt lat="39.192123" lon="-77.618942">
        <ele>109.4</ele>
      </trkpt>
      <trkpt lat="39.19223" lon="-77.618979">
        <ele>109.4</ele>
      </trkpt>
      <trkpt lat="39.192337" lon="-77.619026">
        <ele>109.3</ele>
      </trkpt>
      <trkpt lat="39.192451" lon="-77.619064">
        <ele>109.2</ele>
      </trkpt>
      <trkpt lat="39.192566" lon="-77.619118">
        <ele>109.7</ele>
      </trkpt>
      <trkpt lat="39.19268" lon="-77.619164">
        <ele>110.6</ele>
      </trkpt>
      <trkpt lat="39.192806" lon="-77.619217">
        <ele>111.1</ele>
      </trkpt>
      <trkpt lat="39.192921" lon="-77.619278">
        <ele>111.2</ele>
      </trkpt>
      <trkpt lat="39.193039" lon="-77.619354">
        <ele>111.1</ele>
      </trkpt>
      <trkpt lat="39.193153" lon="-77.619431">
        <ele>110.5</ele>
      </trkpt>
      <trkpt lat="39.193264" lon="-77.619522">
        <ele>110.5</ele>
      </trkpt>
      <trkpt lat="39.193371" lon="-77.619614">
        <ele>111.9</ele>
      </trkpt>
      <trkpt lat="39.193478" lon="-77.619713">
        <ele>113.6</ele>
      </trkpt>
      <trkpt lat="39.193592" lon="-77.619797">
        <ele>115.5</ele>
      </trkpt>
      <trkpt lat="39.193695" lon="-77.619881">
        <ele>116.9</ele>
      </trkpt>
      <trkpt lat="39.193802" lon="-77.619964">
        <ele>118.3</ele>
      </trkpt>
      <trkpt lat="39.193909" lon="-77.620033">
        <ele>119.7</ele>
      </trkpt>
      <trkpt lat="39.194016" lon="-77.620094">
        <ele>121.0</ele>
      </trkpt>
      <trkpt lat="39.194122" lon="-77.620148">
        <ele>122.5</ele>
      </trkpt>
      <trkpt lat="39.194225" lon="-77.620193">
        <ele>124.0</ele>
      </trkpt>
      <trkpt lat="39.194332" lon="-77.620232">
        <ele>125.4</ele>
      </trkpt>
      <trkpt lat="39.194439" lon="-77.620255">
        <ele>126.7</ele>
      </trkpt>
      <trkpt lat="39.194542" lon="-77.62027">
        <ele>127.5</ele>
      </trkpt>
      <trkpt lat="39.194633" lon="-77.620277">
        <ele>128.4</ele>
      </trkpt>
      <trkpt lat="39.194733" lon="-77.620285">
        <ele>129.4</ele>
      </trkpt>
      <trkpt lat="39.194828" lon="-77.620285">
        <ele>130.0</ele>
      </trkpt>
      <trkpt lat="39.194923" lon="-77.620285">
        <ele>130.3</ele>
      </trkpt>
      <trkpt lat="39.195015" lon="-77.620285">
        <ele>130.7</ele>
      </trkpt>
      <trkpt lat="39.195103" lon="-77.620285">
        <ele>131.0</ele>
      </trkpt>
      <trkpt lat="39.195189" lon="-77.620285">
        <ele>131.3</ele>
      </trkpt>
      <trkpt lat="39.195278" lon="-77.620293">
        <ele>131.7</ele>
      </trkpt>
      <trkpt lat="39.195358" lon="-77.620308">
        <ele>132.0</ele>
      </trkpt>
      <trkpt lat="39.195442" lon="-77.62033">
        <ele>132.3</ele>
      </trkpt>
      <trkpt lat="39.195518" lon="-77.620354">
        <ele>132.6</ele>
      </trkpt>
      <trkpt lat="39.195595" lon="-77.620377">
        <ele>132.9</ele>
      </trkpt>
      <trkpt lat="39.195667" lon="-77.620407">
        <ele>133.2</ele>
      </trkpt>
      <trkpt lat="39.19574" lon="-77.620445">
        <ele>133.4</ele>
      </trkpt>
      <trkpt lat="39.195808" lon="-77.620482">
        <ele>133.8</ele>
      </trkpt>
      <trkpt lat="39.195877" lon="-77.620521">
        <ele>134.2</ele>
      </trkpt>
      <trkpt lat="39.19595" lon="-77.62056">
        <ele>134.7</ele>
      </trkpt>
      <trkpt lat="39.196011" lon="-77.620605">
        <ele>135.1</ele>
      </trkpt>
      <trkpt lat="39.196072" lon="-77.620644">
        <ele>135.4</ele>
      </trkpt>
      <trkpt lat="39.196129" lon="-77.620689">
        <ele>135.7</ele>
      </trkpt>
      <trkpt lat="39.19619" lon="-77.620728">
        <ele>135.8</ele>
      </trkpt>
      <trkpt lat="39.196247" lon="-77.620766">
        <ele>135.9</ele>
      </trkpt>
      <trkpt lat="39.196304" lon="-77.620811">
        <ele>136.0</ele>
      </trkpt>
      <trkpt lat="39.196362" lon="-77.62085">
        <ele>136.0</ele>
      </trkpt>
      <trkpt lat="39.196423" lon="-77.620895">
        <ele>136.0</ele>
      </trkpt>
      <trkpt lat="39.19648" lon="-77.620934">
        <ele>135.9</ele>
      </trkpt>
      <trkpt lat="39.196541" lon="-77.620979">
        <ele>135.9</ele>
      </trkpt>
      <trkpt lat="39.196602" lon="-77.621017">
        <ele>135.7</ele>
      </trkpt>
      <trkpt lat="39.196667" lon="-77.621056">
        <ele>135.6</ele>
      </trkpt>
      <trkpt lat="39.196724" lon="-77.621094">
        <ele>135.5</ele>
      </trkpt>
      <trkpt lat="39.196789" lon="-77.621132">
        <ele>135.3</ele>
      </trkpt>
      <trkpt lat="39.196846" lon="-77.62117">
        <ele>135.2</ele>
      </trkpt>
      <trkpt lat="39.196907" lon="-77.621216">
        <ele>135.2</ele>
      </trkpt>
      <trkpt lat="39.196968" lon="-77.621253">
        <ele>135.1</ele>
      </trkpt>
      <trkpt lat="39.197029" lon="-77.621292">
        <ele>135.2</ele>
      </trkpt>
      <trkpt lat="39.197086" lon="-77.62133">
        <ele>135.1</ele>
      </trkpt>
      <trkpt lat="39.197147" lon="-77.621368">
        <ele>135.1</ele>
      </trkpt>
      <trkpt lat="39.197208" lon="-77.621407">
        <ele>135.2</ele>
      </trkpt>
      <trkpt lat="39.197273" lon="-77.621437">
        <ele>135.2</ele>
      </trkpt>
      <trkpt lat="39.197327" lon="-77.621475">
        <ele>135.2</ele>
      </trkpt>
      <trkpt lat="39.197392" lon="-77.621506">
        <ele>135.2</ele>
      </trkpt>
      <trkpt lat="39.197453" lon="-77.621529">
        <ele>135.2</ele>
      </trkpt>
      <trkpt lat="39.197514" lon="-77.621552">
        <ele>135.1</ele>
      </trkpt>
      <trkpt lat="39.197578" lon="-77.621582">
        <ele>135.1</ele>
      </trkpt>
      <trkpt lat="39.197643" lon="-77.621605">
        <ele>135.0</ele>
      </trkpt>
      <trkpt lat="39.197708" lon="-77.621619">
        <ele>135.1</ele>
      </trkpt>
      <trkpt lat="39.197773" lon="-77.621643">
        <ele>135.1</ele>
      </trkpt>
      <trkpt lat="39.197842" lon="-77.621666">
        <ele>135.0</ele>
      </trkpt>
      <trkpt lat="39.19791" lon="-77.621681">
        <ele>135.0</ele>
      </trkpt>
      <trkpt lat="39.197983" lon="-77.621703">
        <ele>135.0</ele>
      </trkpt>
      <trkpt lat="39.198051" lon="-77.621727">
        <ele>135.0</ele>
      </trkpt>
      <trkpt lat="39.19812" lon="-77.621742">
        <ele>135.0</ele>
      </trkpt>
      <trkpt lat="39.198193" lon="-77.621765">
        <ele>135.0</ele>
      </trkpt>
      <trkpt lat="39.198261" lon="-77.62178">
        <ele>135.0</ele>
      </trkpt>
      <trkpt lat="39.19833" lon="-77.621796">
        <ele>135.0</ele>
      </trkpt>
      <trkpt lat="39.198395" lon="-77.62181">
        <ele>135.1</ele>
      </trkpt>
      <trkpt lat="39.198462" lon="-77.621834">
        <ele>135.1</ele>
      </trkpt>
      <trkpt lat="39.198528" lon="-77.621849">
        <ele>135.2</ele>
      </trkpt>
      <trkpt lat="39.198593" lon="-77.621872">
        <ele>135.2</ele>
      </trkpt>
      <trkpt lat="39.198662" lon="-77.621887">
        <ele>135.2</ele>
      </trkpt>
      <trkpt lat="39.198727" lon="-77.62191">
        <ele>135.2</ele>
      </trkpt>
      <trkpt lat="39.198794" lon="-77.621925">
        <ele>135.3</ele>
      </trkpt>
      <trkpt lat="39.19886" lon="-77.621941">
        <ele>135.3</ele>
      </trkpt>
      <trkpt lat="39.198932" lon="-77.621964">
        <ele>135.3</ele>
      </trkpt>
      <trkpt lat="39.198994" lon="-77.621979">
        <ele>135.3</ele>
      </trkpt>
      <trkpt lat="39.199059" lon="-77.621994">
        <ele>135.2</ele>
      </trkpt>
      <trkpt lat="39.199123" lon="-77.622017">
        <ele>135.2</ele>
      </trkpt>
      <trkpt lat="39.199188" lon="-77.622032">
        <ele>135.2</ele>
      </trkpt>
      <trkpt lat="39.199253" lon="-77.622047">
        <ele>135.1</ele>
      </trkpt>
      <trkpt lat="39.199314" lon="-77.622063">
        <ele>135.0</ele>
      </trkpt>
      <trkpt lat="39.199375" lon="-77.622078">
        <ele>134.9</ele>
      </trkpt>
      <trkpt lat="39.199436" lon="-77.622093">
        <ele>134.9</ele>
      </trkpt>
      <trkpt lat="39.199492" lon="-77.622101">
        <ele>134.8</ele>
      </trkpt>
      <trkpt lat="39.199554" lon="-77.622108">
        <ele>134.7</ele>
      </trkpt>
      <trkpt lat="39.199612" lon="-77.622116">
        <ele>134.7</ele>
      </trkpt>
      <trkpt lat="39.199669" lon="-77.622124">
        <ele>134.6</ele>
      </trkpt>
      <trkpt lat="39.199726" lon="-77.622131">
        <ele>134.5</ele>
      </trkpt>
      <trkpt lat="39.199787" lon="-77.622131">
        <ele>134.4</ele>
      </trkpt>
      <trkpt lat="39.199848" lon="-77.622139">
        <ele>134.2</ele>
      </trkpt>
      <trkpt lat="39.199909" lon="-77.622139">
        <ele>134.0</ele>
      </trkpt>
      <trkpt lat="39.199974" lon="-77.622139">
        <ele>133.7</ele>
      </trkpt>
      <trkpt lat="39.200031" lon="-77.622147">
        <ele>133.5</ele>
      </trkpt>
      <trkpt lat="39.200089" lon="-77.622147">
        <ele>133.2</ele>
      </trkpt>
      <trkpt lat="39.200142" lon="-77.622147">
        <ele>133.1</ele>
      </trkpt>
      <trkpt lat="39.200195" lon="-77.622147">
        <ele>133.0</ele>
      </trkpt>
      <trkpt lat="39.200245" lon="-77.622147">
        <ele>133.0</ele>
      </trkpt>
      <trkpt lat="39.200294" lon="-77.622147">
        <ele>132.8</ele>
      </trkpt>
      <trkpt lat="39.20034" lon="-77.622147">
        <ele>132.4</ele>
      </trkpt>
      <trkpt lat="39.20039" lon="-77.622147">
        <ele>131.9</ele>
      </trkpt>
      <trkpt lat="39.200439" lon="-77.622139">
        <ele>131.4</ele>
      </trkpt>
      <trkpt lat="39.200485" lon="-77.622147">
        <ele>131.0</ele>
      </trkpt>
      <trkpt lat="39.200535" lon="-77.622147">
        <ele>130.7</ele>
      </trkpt>
      <trkpt lat="39.200577" lon="-77.622147">
        <ele>130.5</ele>
      </trkpt>
      <trkpt lat="39.200626" lon="-77.622154">
        <ele>130.4</ele>
      </trkpt>
      <trkpt lat="39.200672" lon="-77.622154">
        <ele>130.2</ele>
      </trkpt>
      <trkpt lat="39.200722" lon="-77.622154">
        <ele>129.8</ele>
      </trkpt>
      <trkpt lat="39.200767" lon="-77.622169">
        <ele>129.3</ele>
      </trkpt>
      <trkpt lat="39.200812" lon="-77.622176">
        <ele>128.8</ele>
      </trkpt>
      <trkpt lat="39.200859" lon="-77.622192">
        <ele>128.3</ele>
      </trkpt>
      <trkpt lat="39.200905" lon="-77.6222">
        <ele>127.8</ele>
      </trkpt>
      <trkpt lat="39.200947" lon="-77.622215">
        <ele>127.5</ele>
      </trkpt>
      <trkpt lat="39.200989" lon="-77.622215">
        <ele>127.3</ele>
      </trkpt>
      <trkpt lat="39.201035" lon="-77.622223">
        <ele>127.0</ele>
      </trkpt>
      <trkpt lat="39.201084" lon="-77.622238">
        <ele>126.6</ele>
      </trkpt>
      <trkpt lat="39.20113" lon="-77.622246">
        <ele>126.2</ele>
      </trkpt>
      <trkpt lat="39.201172" lon="-77.622246">
        <ele>125.6</ele>
      </trkpt>
      <trkpt lat="39.20121" lon="-77.622246">
        <ele>125.1</ele>
      </trkpt>
      <trkpt lat="39.201248" lon="-77.622253">
        <ele>124.9</ele>
      </trkpt>
      <trkpt lat="39.20129" lon="-77.622261">
        <ele>124.5</ele>
      </trkpt>
      <trkpt lat="39.201327" lon="-77.622269">
        <ele>124.3</ele>
      </trkpt>
      <trkpt lat="39.201366" lon="-77.622269">
        <ele>124.2</ele>
      </trkpt>
      <trkpt lat="39.201412" lon="-77.622276">
        <ele>123.9</ele>
      </trkpt>
      <trkpt lat="39.201462" lon="-77.622276">
        <ele>123.5</ele>
      </trkpt>
      <trkpt lat="39.201511" lon="-77.622292">
        <ele>123.0</ele>
      </trkpt>
      <trkpt lat="39.201565" lon="-77.622299">
        <ele>122.4</ele>
      </trkpt>
      <trkpt lat="39.201618" lon="-77.622307">
        <ele>121.8</ele>
      </trkpt>
      <trkpt lat="39.201675" lon="-77.622307">
        <ele>121.2</ele>
      </trkpt>
      <trkpt lat="39.201735" lon="-77.622314">
        <ele>121.0</ele>
      </trkpt>
      <trkpt lat="39.201797" lon="-77.622322">
        <ele>120.7</ele>
      </trkpt>
      <trkpt lat="39.201859" lon="-77.62233">
        <ele>120.5</ele>
      </trkpt>
      <trkpt lat="39.201923" lon="-77.622345">
        <ele>119.9</ele>
      </trkpt>
      <trkpt lat="39.201988" lon="-77.62236">
        <ele>119.3</ele>
      </trkpt>
      <trkpt lat="39.202057" lon="-77.622368">
        <ele>118.5</ele>
      </trkpt>
      <trkpt lat="39.202126" lon="-77.622383">
        <ele>117.9</ele>
      </trkpt>
      <trkpt lat="39.202194" lon="-77.622398">
        <ele>117.7</ele>
      </trkpt>
      <trkpt lat="39.202263" lon="-77.622414">
        <ele>117.6</ele>
      </trkpt>
      <trkpt lat="39.202332" lon="-77.622429">
        <ele>117.5</ele>
      </trkpt>
      <trkpt lat="39.2024" lon="-77.622444">
        <ele>117.3</ele>
      </trkpt>
      <trkpt lat="39.202469" lon="-77.622459">
        <ele>117.1</ele>
      </trkpt>
      <trkpt lat="39.202534" lon="-77.622467">
        <ele>116.9</ele>
      </trkpt>
      <trkpt lat="39.202606" lon="-77.622482">
        <ele>116.6</ele>
      </trkpt>
      <trkpt lat="39.202667" lon="-77.62249">
        <ele>116.5</ele>
      </trkpt>
      <trkpt lat="39.202732" lon="-77.622505">
        <ele>116.4</ele>
      </trkpt>
      <trkpt lat="39.202796" lon="-77.622528">
        <ele>116.3</ele>
      </trkpt>
      <trkpt lat="39.202858" lon="-77.622542">
        <ele>116.4</ele>
      </trkpt>
      <trkpt lat="39.202919" lon="-77.622566">
        <ele>116.5</ele>
      </trkpt>
      <trkpt lat="39.202976" lon="-77.622589">
        <ele>116.6</ele>
      </trkpt>
      <trkpt lat="39.203037" lon="-77.62262">
        <ele>116.7</ele>
      </trkpt>
      <trkpt lat="39.203102" lon="-77.622643">
        <ele>116.7</ele>
      </trkpt>
      <trkpt lat="39.203156" lon="-77.622665">
        <ele>116.7</ele>
      </trkpt>
      <trkpt lat="39.203217" lon="-77.622688">
        <ele>116.5</ele>
      </trkpt>
      <trkpt lat="39.203266" lon="-77.622719">
        <ele>116.3</ele>
      </trkpt>
      <trkpt lat="39.203323" lon="-77.622749">
        <ele>116.0</ele>
      </trkpt>
      <trkpt lat="39.203373" lon="-77.62278">
        <ele>115.6</ele>
      </trkpt>
      <trkpt lat="39.203426" lon="-77.622818">
        <ele>115.3</ele>
      </trkpt>
      <trkpt lat="39.203476" lon="-77.622856">
        <ele>114.9</ele>
      </trkpt>
      <trkpt lat="39.203529" lon="-77.622887">
        <ele>114.5</ele>
      </trkpt>
      <trkpt lat="39.203587" lon="-77.622917">
        <ele>113.9</ele>
      </trkpt>
      <trkpt lat="39.20364" lon="-77.622955">
        <ele>113.3</ele>
      </trkpt>
      <trkpt lat="39.203701" lon="-77.622986">
        <ele>112.7</ele>
      </trkpt>
      <trkpt lat="39.20375" lon="-77.623024">
        <ele>112.2</ele>
      </trkpt>
      <trkpt lat="39.2038" lon="-77.623062">
        <ele>111.8</ele>
      </trkpt>
      <trkpt lat="39.203861" lon="-77.623108">
        <ele>111.2</ele>
      </trkpt>
      <trkpt lat="39.20393" lon="-77.623161">
        <ele>110.4</ele>
      </trkpt>
      <trkpt lat="39.203995" lon="-77.623215">
        <ele>109.5</ele>
      </trkpt>
      <trkpt lat="39.204063" lon="-77.623268">
        <ele>108.7</ele>
      </trkpt>
      <trkpt lat="39.20414" lon="-77.623322">
        <ele>107.8</ele>
      </trkpt>
      <trkpt lat="39.204216" lon="-77.623383">
        <ele>106.9</ele>
      </trkpt>
      <trkpt lat="39.2043" lon="-77.623451">
        <ele>105.9</ele>
      </trkpt>
      <trkpt lat="39.20438" lon="-77.62352">
        <ele>104.8</ele>
      </trkpt>
      <trkpt lat="39.204468" lon="-77.623589">
        <ele>103.9</ele>
      </trkpt>
      <trkpt lat="39.204552" lon="-77.623665">
        <ele>103.1</ele>
      </trkpt>
      <trkpt lat="39.204643" lon="-77.623734">
        <ele>102.3</ele>
      </trkpt>
      <trkpt lat="39.204738" lon="-77.623802">
        <ele>101.8</ele>
      </trkpt>
      <trkpt lat="39.204842" lon="-77.623878">
        <ele>101.6</ele>
      </trkpt>
      <trkpt lat="39.204948" lon="-77.623947">
        <ele>101.7</ele>
      </trkpt>
      <trkpt lat="39.205048" lon="-77.624016">
        <ele>102.7</ele>
      </trkpt>
      <trkpt lat="39.205154" lon="-77.624084">
        <ele>103.4</ele>
      </trkpt>
      <trkpt lat="39.205269" lon="-77.624146">
        <ele>103.3</ele>
      </trkpt>
      <trkpt lat="39.205387" lon="-77.624199">
        <ele>103.3</ele>
      </trkpt>
      <trkpt lat="39.205509" lon="-77.624236">
        <ele>103.6</ele>
      </trkpt>
      <trkpt lat="39.205635" lon="-77.624275">
        <ele>103.9</ele>
      </trkpt>
      <trkpt lat="39.205765" lon="-77.62429">
        <ele>104.1</ele>
      </trkpt>
      <trkpt lat="39.205894" lon="-77.624313">
        <ele>104.4</ele>
      </trkpt>
      <trkpt lat="39.206024" lon="-77.624329">
        <ele>105.0</ele>
      </trkpt>
      <trkpt lat="39.206161" lon="-77.624343">
        <ele>106.1</ele>
      </trkpt>
      <trkpt lat="39.206287" lon="-77.624352">
        <ele>107.0</ele>
      </trkpt>
      <trkpt lat="39.206421" lon="-77.624359">
        <ele>107.4</ele>
      </trkpt>
      <trkpt lat="39.206553" lon="-77.624367">
        <ele>108.5</ele>
      </trkpt>
      <trkpt lat="39.206684" lon="-77.62439">
        <ele>109.6</ele>
      </trkpt>
      <trkpt lat="39.206814" lon="-77.624413">
        <ele>110.1</ele>
      </trkpt>
      <trkpt lat="39.206944" lon="-77.624443">
        <ele>111.2</ele>
      </trkpt>
      <trkpt lat="39.207062" lon="-77.624474">
        <ele>112.6</ele>
      </trkpt>
      <trkpt lat="39.20718" lon="-77.624527">
        <ele>113.2</ele>
      </trkpt>
      <trkpt lat="39.207287" lon="-77.62458">
        <ele>114.3</ele>
      </trkpt>
      <trkpt lat="39.207389" lon="-77.624657">
        <ele>115.7</ele>
      </trkpt>
      <trkpt lat="39.207496" lon="-77.624733">
        <ele>116.9</ele>
      </trkpt>
      <trkpt lat="39.207607" lon="-77.624802">
        <ele>118.3</ele>
      </trkpt>
      <trkpt lat="39.207718" lon="-77.624878">
        <ele>119.3</ele>
      </trkpt>
      <trkpt lat="39.207828" lon="-77.624954">
        <ele>120.4</ele>
      </trkpt>
      <trkpt lat="39.207928" lon="-77.625038">
        <ele>121.8</ele>
      </trkpt>
      <trkpt lat="39.208023" lon="-77.625137">
        <ele>123.2</ele>
      </trkpt>
      <trkpt lat="39.208107" lon="-77.625237">
        <ele>124.1</ele>
      </trkpt>
      <trkpt lat="39.208191" lon="-77.625343">
        <ele>125.4</ele>
      </trkpt>
      <trkpt lat="39.208263" lon="-77.62545">
        <ele>126.0</ele>
      </trkpt>
      <trkpt lat="39.208336" lon="-77.625557">
        <ele>126.4</ele>
      </trkpt>
      <trkpt lat="39.208397" lon="-77.625679">
        <ele>127.0</ele>
      </trkpt>
      <trkpt lat="39.208454" lon="-77.625793">
        <ele>128.0</ele>
      </trkpt>
      <trkpt lat="39.208504" lon="-77.625908">
        <ele>128.7</ele>
      </trkpt>
      <trkpt lat="39.208553" lon="-77.62603">
        <ele>129.1</ele>
      </trkpt>
      <trkpt lat="39.208602" lon="-77.626144">
        <ele>128.9</ele>
      </trkpt>
      <trkpt lat="39.208649" lon="-77.626259">
        <ele>128.6</ele>
      </trkpt>
      <trkpt lat="39.208694" lon="-77.626366">
        <ele>128.6</ele>
      </trkpt>
      <trkpt lat="39.208736" lon="-77.62648">
        <ele>128.7</ele>
      </trkpt>
      <trkpt lat="39.208778" lon="-77.626587">
        <ele>129.2</ele>
      </trkpt>
      <trkpt lat="39.208824" lon="-77.626701">
        <ele>129.8</ele>
      </trkpt>
      <trkpt lat="39.20887" lon="-77.626808">
        <ele>130.4</ele>
      </trkpt>
      <trkpt lat="39.208908" lon="-77.62693">
        <ele>131.0</ele>
      </trkpt>
      <trkpt lat="39.208946" lon="-77.627028">
        <ele>131.8</ele>
      </trkpt>
      <trkpt lat="39.208984" lon="-77.627135">
        <ele>132.6</ele>
      </trkpt>
      <trkpt lat="39.209026" lon="-77.627235">
        <ele>133.0</ele>
      </trkpt>
      <trkpt lat="39.209064" lon="-77.627335">
        <ele>133.2</ele>
      </trkpt>
      <trkpt lat="39.209099" lon="-77.627433">
        <ele>133.4</ele>
      </trkpt>
      <trkpt lat="39.209141" lon="-77.627533">
        <ele>133.6</ele>
      </trkpt>
      <trkpt lat="39.209183" lon="-77.627632">
        <ele>133.6</ele>
      </trkpt>
      <trkpt lat="39.209225" lon="-77.627716">
        <ele>133.6</ele>
      </trkpt>
      <trkpt lat="39.209263" lon="-77.627815">
        <ele>133.6</ele>
      </trkpt>
      <trkpt lat="39.209301" lon="-77.627906">
        <ele>133.4</ele>
      </trkpt>
      <trkpt lat="39.209342" lon="-77.627998">
        <ele>133.2</ele>
      </trkpt>
      <trkpt lat="39.209381" lon="-77.62809">
        <ele>132.8</ele>
      </trkpt>
      <trkpt lat="39.209427" lon="-77.628189">
        <ele>131.9</ele>
      </trkpt>
      <trkpt lat="39.209469" lon="-77.628272">
        <ele>131.2</ele>
      </trkpt>
      <trkpt lat="39.209511" lon="-77.628365">
        <ele>130.6</ele>
      </trkpt>
      <trkpt lat="39.209564" lon="-77.628448">
        <ele>130.2</ele>
      </trkpt>
      <trkpt lat="39.209614" lon="-77.628532">
        <ele>129.9</ele>
      </trkpt>
      <trkpt lat="39.209671" lon="-77.628609">
        <ele>129.5</ele>
      </trkpt>
      <trkpt lat="39.209728" lon="-77.628685">
        <ele>129.0</ele>
      </trkpt>
      <trkpt lat="39.209789" lon="-77.628761">
        <ele>128.4</ele>
      </trkpt>
      <trkpt lat="39.209854" lon="-77.628838">
        <ele>127.8</ele>
      </trkpt>
      <trkpt lat="39.209915" lon="-77.628914">
        <ele>127.4</ele>
      </trkpt>
      <trkpt lat="39.20998" lon="-77.628983">
        <ele>127.3</ele>
      </trkpt>
      <trkpt lat="39.210045" lon="-77.629059">
        <ele>127.5</ele>
      </trkpt>
      <trkpt lat="39.21011" lon="-77.629135">
        <ele>127.8</ele>
      </trkpt>
      <trkpt lat="39.210175" lon="-77.629204">
        <ele>128.2</ele>
      </trkpt>
      <trkpt lat="39.210239" lon="-77.62928">
        <ele>128.5</ele>
      </trkpt>
      <trkpt lat="39.210304" lon="-77.629349">
        <ele>128.8</ele>
      </trkpt>
      <trkpt lat="39.210361" lon="-77.629417">
        <ele>129.1</ele>
      </trkpt>
      <trkpt lat="39.210423" lon="-77.629493">
        <ele>129.4</ele>
      </trkpt>
      <trkpt lat="39.210484" lon="-77.629562">
        <ele>129.7</ele>
      </trkpt>
      <trkpt lat="39.210545" lon="-77.629631">
        <ele>129.9</ele>
      </trkpt>
      <trkpt lat="39.210602" lon="-77.629692">
        <ele>130.1</ele>
      </trkpt>
      <trkpt lat="39.210659" lon="-77.629761">
        <ele>130.3</ele>
      </trkpt>
      <trkpt lat="39.210712" lon="-77.629822">
        <ele>130.5</ele>
      </trkpt>
      <trkpt lat="39.210766" lon="-77.629883">
        <ele>130.6</ele>
      </trkpt>
      <trkpt lat="39.210819" lon="-77.629944">
        <ele>130.8</ele>
      </trkpt>
      <trkpt lat="39.210865" lon="-77.629997">
        <ele>130.9</ele>
      </trkpt>
      <trkpt lat="39.210911" lon="-77.630051">
        <ele>131.0</ele>
      </trkpt>
      <trkpt lat="39.210953" lon="-77.630104">
        <ele>131.0</ele>
      </trkpt>
      <trkpt lat="39.210999" lon="-77.63015">
        <ele>130.9</ele>
      </trkpt>
      <trkpt lat="39.211037" lon="-77.630196">
        <ele>130.9</ele>
      </trkpt>
      <trkpt lat="39.211075" lon="-77.630241">
        <ele>130.8</ele>
      </trkpt>
      <trkpt lat="39.211113" lon="-77.630287">
        <ele>130.7</ele>
      </trkpt>
      <trkpt lat="39.211151" lon="-77.630325">
        <ele>130.6</ele>
      </trkpt>
      <trkpt lat="39.211189" lon="-77.630371">
        <ele>130.5</ele>
      </trkpt>
      <trkpt lat="39.211227" lon="-77.630417">
        <ele>130.5</ele>
      </trkpt>
      <trkpt lat="39.211262" lon="-77.630463">
        <ele>130.5</ele>
      </trkpt>
      <trkpt lat="39.2113" lon="-77.630501">
        <ele>130.4</ele>
      </trkpt>
      <trkpt lat="39.211338" lon="-77.630547">
        <ele>130.3</ele>
      </trkpt>
      <trkpt lat="39.211376" lon="-77.630591">
        <ele>130.3</ele>
      </trkpt>
      <trkpt lat="39.211411" lon="-77.63063">
        <ele>130.2</ele>
      </trkpt>
      <trkpt lat="39.211449" lon="-77.630669">
        <ele>130.1</ele>
      </trkpt>
      <trkpt lat="39.211487" lon="-77.630714">
        <ele>130.0</ele>
      </trkpt>
      <trkpt lat="39.211525" lon="-77.630753">
        <ele>130.0</ele>
      </trkpt>
      <trkpt lat="39.211563" lon="-77.630791">
        <ele>129.9</ele>
      </trkpt>
      <trkpt lat="39.211601" lon="-77.630829">
        <ele>129.7</ele>
      </trkpt>
      <trkpt lat="39.211639" lon="-77.630859">
        <ele>129.6</ele>
      </trkpt>
      <trkpt lat="39.211678" lon="-77.630898">
        <ele>129.5</ele>
      </trkpt>
      <trkpt lat="39.211712" lon="-77.630928">
        <ele>129.3</ele>
      </trkpt>
      <trkpt lat="39.211746" lon="-77.630959">
        <ele>129.2</ele>
      </trkpt>
      <trkpt lat="39.211777" lon="-77.630989">
        <ele>129.0</ele>
      </trkpt>
      <trkpt lat="39.211803" lon="-77.63102">
        <ele>128.9</ele>
      </trkpt>
      <trkpt lat="39.21183" lon="-77.631035">
        <ele>128.7</ele>
      </trkpt>
      <trkpt lat="39.211857" lon="-77.631065">
        <ele>128.6</ele>
      </trkpt>
      <trkpt lat="39.21188" lon="-77.631088">
        <ele>128.5</ele>
      </trkpt>
      <trkpt lat="39.211895" lon="-77.631111">
        <ele>128.4</ele>
      </trkpt>
      <trkpt lat="39.21191" lon="-77.631142">
        <ele>128.3</ele>
      </trkpt>
      <trkpt lat="39.21191" lon="-77.631165">
        <ele>128.3</ele>
      </trkpt>
      <trkpt lat="39.21191" lon="-77.63118">
        <ele>128.3</ele>
      </trkpt>
      <trkpt lat="39.21191" lon="-77.631203">
        <ele>128.3</ele>
      </trkpt>
      <trkpt lat="39.211906" lon="-77.631248">
        <ele>128.3</ele>
      </trkpt>
      <trkpt lat="39.211906" lon="-77.631302">
        <ele>128.4</ele>
      </trkpt>
      <trkpt lat="39.211899" lon="-77.631371">
        <ele>128.5</ele>
      </trkpt>
      <trkpt lat="39.211891" lon="-77.631447">
        <ele>128.8</ele>
      </trkpt>
      <trkpt lat="39.211884" lon="-77.631531">
        <ele>129.1</ele>
      </trkpt>
      <trkpt lat="39.211872" lon="-77.631607">
        <ele>129.6</ele>
      </trkpt>
      <trkpt lat="39.211857" lon="-77.631699">
        <ele>130.3</ele>
      </trkpt>
      <trkpt lat="39.211844" lon="-77.631783">
        <ele>130.7</ele>
      </trkpt>
      <trkpt lat="39.21183" lon="-77.631866">
        <ele>130.9</ele>
      </trkpt>
      <trkpt lat="39.211819" lon="-77.631943">
        <ele>130.9</ele>
      </trkpt>
      <trkpt lat="39.211803" lon="-77.632034">
        <ele>130.9</ele>
      </trkpt>
      <trkpt lat="39.211792" lon="-77.632126">
        <ele>130.7</ele>
      </trkpt>
      <trkpt lat="39.211784" lon="-77.63221">
        <ele>130.1</ele>
      </trkpt>
      <trkpt lat="39.211773" lon="-77.632301">
        <ele>129.3</ele>
      </trkpt>
      <trkpt lat="39.211758" lon="-77.632401">
        <ele>128.2</ele>
      </trkpt>
      <trkpt lat="39.211742" lon="-77.632499">
        <ele>127.4</ele>
      </trkpt>
      <trkpt lat="39.211731" lon="-77.632606">
        <ele>126.8</ele>
      </trkpt>
      <trkpt lat="39.211716" lon="-77.632713">
        <ele>126.9</ele>
      </trkpt>
      <trkpt lat="39.211712" lon="-77.632812">
        <ele>127.5</ele>
      </trkpt>
      <trkpt lat="39.211704" lon="-77.632912">
        <ele>128.1</ele>
      </trkpt>
      <trkpt lat="39.211697" lon="-77.633018">
        <ele>128.6</ele>
      </trkpt>
      <trkpt lat="39.211697" lon="-77.633118">
        <ele>128.7</ele>
      </trkpt>
      <trkpt lat="39.211697" lon="-77.633217">
        <ele>128.8</ele>
      </trkpt>
      <trkpt lat="39.2117" lon="-77.633308">
        <ele>128.8</ele>
      </trkpt>
      <trkpt lat="39.2117" lon="-77.6334">
        <ele>128.6</ele>
      </trkpt>
      <trkpt lat="39.211708" lon="-77.633476">
        <ele>128.3</ele>
      </trkpt>
      <trkpt lat="39.211712" lon="-77.633553">
        <ele>127.9</ele>
      </trkpt>
      <trkpt lat="39.21172" lon="-77.633629">
        <ele>127.5</ele>
      </trkpt>
      <trkpt lat="39.211727" lon="-77.633705">
        <ele>127.2</ele>
      </trkpt>
      <trkpt lat="39.211739" lon="-77.633774">
        <ele>127.0</ele>
      </trkpt>
      <trkpt lat="39.211746" lon="-77.633842">
        <ele>126.7</ele>
      </trkpt>
      <trkpt lat="39.211758" lon="-77.633911">
        <ele>126.4</ele>
      </trkpt>
      <trkpt lat="39.211765" lon="-77.633972">
        <ele>126.0</ele>
      </trkpt>
      <trkpt lat="39.211777" lon="-77.634041">
        <ele>125.5</ele>
      </trkpt>
      <trkpt lat="39.211788" lon="-77.634117">
        <ele>124.9</ele>
      </trkpt>
      <trkpt lat="39.211799" lon="-77.634186">
        <ele>124.5</ele>
      </trkpt>
      <trkpt lat="39.211815" lon="-77.634247">
        <ele>124.1</ele>
      </trkpt>
      <trkpt lat="39.211826" lon="-77.634315">
        <ele>123.7</ele>
      </trkpt>
      <trkpt lat="39.211842" lon="-77.634392">
        <ele>123.2</ele>
      </trkpt>
      <trkpt lat="39.211857" lon="-77.634468">
        <ele>122.5</ele>
      </trkpt>
      <trkpt lat="39.21188" lon="-77.634544">
        <ele>121.7</ele>
      </trkpt>
      <trkpt lat="39.211903" lon="-77.634621">
        <ele>121.0</ele>
      </trkpt>
      <trkpt lat="39.211929" lon="-77.634689">
        <ele>120.4</ele>
      </trkpt>
      <trkpt lat="39.21196" lon="-77.634758">
        <ele>119.8</ele>
      </trkpt>
      <trkpt lat="39.211994" lon="-77.634834">
        <ele>118.7</ele>
      </trkpt>
      <trkpt lat="39.212025" lon="-77.634903">
        <ele>117.5</ele>
      </trkpt>
      <trkpt lat="39.212055" lon="-77.634979">
        <ele>116.5</ele>
      </trkpt>
      <trkpt lat="39.21209" lon="-77.635056">
        <ele>115.8</ele>
      </trkpt>
      <trkpt lat="39.21212" lon="-77.635132">
        <ele>115.6</ele>
      </trkpt>
      <trkpt lat="39.212151" lon="-77.635216">
        <ele>115.7</ele>
      </trkpt>
      <trkpt lat="39.212181" lon="-77.635307">
        <ele>116.0</ele>
      </trkpt>
      <trkpt lat="39.212207" lon="-77.635399">
        <ele>116.1</ele>
      </trkpt>
      <trkpt lat="39.212234" lon="-77.635482">
        <ele>116.0</ele>
      </trkpt>
      <trkpt lat="39.212261" lon="-77.635574">
        <ele>115.9</ele>
      </trkpt>
      <trkpt lat="39.212292" lon="-77.635658">
        <ele>115.7</ele>
      </trkpt>
      <trkpt lat="39.212326" lon="-77.635741">
        <ele>115.5</ele>
      </trkpt>
      <trkpt lat="39.212353" lon="-77.635834">
        <ele>115.2</ele>
      </trkpt>
      <trkpt lat="39.212383" lon="-77.635918">
        <ele>115.0</ele>
      </trkpt>
      <trkpt lat="39.212414" lon="-77.636002">
        <ele>114.9</ele>
      </trkpt>
      <trkpt lat="39.212444" lon="-77.636086">
        <ele>114.9</ele>
      </trkpt>
      <trkpt lat="39.212475" lon="-77.636169">
        <ele>114.8</ele>
      </trkpt>
      <trkpt lat="39.212505" lon="-77.636261">
        <ele>114.9</ele>
      </trkpt>
      <trkpt lat="39.212532" lon="-77.636353">
        <ele>115.1</ele>
      </trkpt>
      <trkpt lat="39.212566" lon="-77.636436">
        <ele>115.5</ele>
      </trkpt>
      <trkpt lat="39.212597" lon="-77.63652">
        <ele>115.8</ele>
      </trkpt>
      <trkpt lat="39.212627" lon="-77.636597">
        <ele>115.9</ele>
      </trkpt>
      <trkpt lat="39.212658" lon="-77.636681">
        <ele>115.9</ele>
      </trkpt>
      <trkpt lat="39.212685" lon="-77.636765">
        <ele>116.0</ele>
      </trkpt>
      <trkpt lat="39.212719" lon="-77.636848">
        <ele>116.0</ele>
      </trkpt>
      <trkpt lat="39.212753" lon="-77.636925">
        <ele>116.0</ele>
      </trkpt>
      <trkpt lat="39.212788" lon="-77.637001">
        <ele>115.9</ele>
      </trkpt>
      <trkpt lat="39.212818" lon="-77.637085">
        <ele>115.8</ele>
      </trkpt>
      <trkpt lat="39.212849" lon="-77.637161">
        <ele>115.6</ele>
      </trkpt>
      <trkpt lat="39.212883" lon="-77.637238">
        <ele>115.2</ele>
      </trkpt>
      <trkpt lat="39.21291" lon="-77.637321">
        <ele>114.9</ele>
      </trkpt>
      <trkpt lat="39.21294" lon="-77.637405">
        <ele>114.7</ele>
      </trkpt>
      <trkpt lat="39.212967" lon="-77.637482">
        <ele>114.6</ele>
      </trkpt>
      <trkpt lat="39.21299" lon="-77.637566">
        <ele>114.6</ele>
      </trkpt>
      <trkpt lat="39.213012" lon="-77.637649">
        <ele>114.5</ele>
      </trkpt>
      <trkpt lat="39.213032" lon="-77.637733">
        <ele>114.5</ele>
      </trkpt>
      <trkpt lat="39.213047" lon="-77.637825">
        <ele>114.5</ele>
      </trkpt>
      <trkpt lat="39.213062" lon="-77.637908">
        <ele>114.4</ele>
      </trkpt>
      <trkpt lat="39.213074" lon="-77.637993">
        <ele>114.3</ele>
      </trkpt>
      <trkpt lat="39.213081" lon="-77.638084">
        <ele>114.3</ele>
      </trkpt>
      <trkpt lat="39.213081" lon="-77.638167">
        <ele>114.3</ele>
      </trkpt>
      <trkpt lat="39.213081" lon="-77.638252">
        <ele>114.2</ele>
      </trkpt>
      <trkpt lat="39.213081" lon="-77.638344">
        <ele>114.1</ele>
      </trkpt>
      <trkpt lat="39.213085" lon="-77.638428">
        <ele>113.8</ele>
      </trkpt>
      <trkpt lat="39.213085" lon="-77.638504">
        <ele>113.6</ele>
      </trkpt>
      <trkpt lat="39.213085" lon="-77.63858">
        <ele>113.3</ele>
      </trkpt>
      <trkpt lat="39.213085" lon="-77.638664">
        <ele>112.9</ele>
      </trkpt>
      <trkpt lat="39.213085" lon="-77.638756">
        <ele>112.6</ele>
      </trkpt>
      <trkpt lat="39.213085" lon="-77.63884">
        <ele>112.5</ele>
      </trkpt>
      <trkpt lat="39.213085" lon="-77.638916">
        <ele>112.5</ele>
      </trkpt>
      <trkpt lat="39.213085" lon="-77.638985">
        <ele>112.6</ele>
      </trkpt>
      <trkpt lat="39.213088" lon="-77.639061">
        <ele>112.8</ele>
      </trkpt>
      <trkpt lat="39.213088" lon="-77.63913">
        <ele>113.0</ele>
      </trkpt>
      <trkpt lat="39.213093" lon="-77.639197">
        <ele>113.2</ele>
      </trkpt>
      <trkpt lat="39.2131" lon="-77.639275">
        <ele>113.5</ele>
      </trkpt>
      <trkpt lat="39.213112" lon="-77.639351">
        <ele>113.7</ele>
      </trkpt>
      <trkpt lat="39.213123" lon="-77.639442">
        <ele>113.9</ele>
      </trkpt>
      <trkpt lat="39.213127" lon="-77.639526">
        <ele>114.1</ele>
      </trkpt>
      <trkpt lat="39.213135" lon="-77.639626">
        <ele>114.3</ele>
      </trkpt>
      <trkpt lat="39.213146" lon="-77.639717">
        <ele>114.4</ele>
      </trkpt>
      <trkpt lat="39.21315" lon="-77.639816">
        <ele>114.6</ele>
      </trkpt>
      <trkpt lat="39.213161" lon="-77.639915">
        <ele>114.7</ele>
      </trkpt>
      <trkpt lat="39.213173" lon="-77.640015">
        <ele>114.8</ele>
      </trkpt>
      <trkpt lat="39.213188" lon="-77.640114">
        <ele>114.9</ele>
      </trkpt>
      <trkpt lat="39.213207" lon="-77.640205">
        <ele>114.9</ele>
      </trkpt>
      <trkpt lat="39.213234" lon="-77.640297">
        <ele>114.9</ele>
      </trkpt>
      <trkpt lat="39.213261" lon="-77.640388">
        <ele>115.0</ele>
      </trkpt>
      <trkpt lat="39.213287" lon="-77.64048">
        <ele>115.0</ele>
      </trkpt>
      <trkpt lat="39.213318" lon="-77.640572">
        <ele>115.1</ele>
      </trkpt>
      <trkpt lat="39.213352" lon="-77.640663">
        <ele>115.3</ele>
      </trkpt>
      <trkpt lat="39.213383" lon="-77.640755">
        <ele>115.5</ele>
      </trkpt>
      <trkpt lat="39.213417" lon="-77.640846">
        <ele>115.8</ele>
      </trkpt>
      <trkpt lat="39.213448" lon="-77.640938">
        <ele>116.4</ele>
      </trkpt>
      <trkpt lat="39.213478" lon="-77.641029">
        <ele>116.6</ele>
      </trkpt>
      <trkpt lat="39.213512" lon="-77.641121">
        <ele>116.6</ele>
      </trkpt>
      <trkpt lat="39.213547" lon="-77.641212">
        <ele>116.6</ele>
      </trkpt>
      <trkpt lat="39.213585" lon="-77.641296">
        <ele>117.0</ele>
      </trkpt>
      <trkpt lat="39.213627" lon="-77.64138">
        <ele>117.1</ele>
      </trkpt>
      <trkpt lat="39.213669" lon="-77.641464">
        <ele>117.1</ele>
      </trkpt>
      <trkpt lat="39.213711" lon="-77.641541">
        <ele>117.2</ele>
      </trkpt>
      <trkpt lat="39.213768" lon="-77.641617">
        <ele>117.4</ele>
      </trkpt>
      <trkpt lat="39.213837" lon="-77.641685">
        <ele>117.9</ele>
      </trkpt>
      <trkpt lat="39.213917" lon="-77.641739">
        <ele>118.3</ele>
      </trkpt>
      <trkpt lat="39.213993" lon="-77.6418">
        <ele>118.6</ele>
      </trkpt>
      <trkpt lat="39.214069" lon="-77.641853">
        <ele>119.0</ele>
      </trkpt>
      <trkpt lat="39.214142" lon="-77.641899">
        <ele>119.8</ele>
      </trkpt>
      <trkpt lat="39.214211" lon="-77.641945">
        <ele>120.3</ele>
      </trkpt>
      <trkpt lat="39.214275" lon="-77.641991">
        <ele>120.6</ele>
      </trkpt>
      <trkpt lat="39.21434" lon="-77.642028">
        <ele>120.7</ele>
      </trkpt>
      <trkpt lat="39.214401" lon="-77.642067">
        <ele>120.7</ele>
      </trkpt>
      <trkpt lat="39.214462" lon="-77.642113">
        <ele>120.7</ele>
      </trkpt>
      <trkpt lat="39.214523" lon="-77.642151">
        <ele>120.7</ele>
      </trkpt>
      <trkpt lat="39.214577" lon="-77.642204">
        <ele>120.6</ele>
      </trkpt>
      <trkpt lat="39.214633" lon="-77.642242">
        <ele>120.7</ele>
      </trkpt>
      <trkpt lat="39.214695" lon="-77.642296">
        <ele>120.7</ele>
      </trkpt>
      <trkpt lat="39.214748" lon="-77.642342">
        <ele>120.7</ele>
      </trkpt>
      <trkpt lat="39.214802" lon="-77.642403">
        <ele>120.6</ele>
      </trkpt>
      <trkpt lat="39.214855" lon="-77.642456">
        <ele>120.6</ele>
      </trkpt>
      <trkpt lat="39.214901" lon="-77.642509">
        <ele>120.6</ele>
      </trkpt>
      <trkpt lat="39.214947" lon="-77.642555">
        <ele>120.6</ele>
      </trkpt>
      <trkpt lat="39.214993" lon="-77.642601">
        <ele>120.6</ele>
      </trkpt>
      <trkpt lat="39.215038" lon="-77.642653">
        <ele>120.5</ele>
      </trkpt>
      <trkpt lat="39.215088" lon="-77.642708">
        <ele>120.4</ele>
      </trkpt>
      <trkpt lat="39.215141" lon="-77.64276">
        <ele>120.3</ele>
      </trkpt>
      <trkpt lat="39.215191" lon="-77.642822">
        <ele>120.2</ele>
      </trkpt>
      <trkpt lat="39.21524" lon="-77.642891">
        <ele>120.1</ele>
      </trkpt>
      <trkpt lat="39.215279" lon="-77.64296">
        <ele>120.0</ele>
      </trkpt>
      <trkpt lat="39.215305" lon="-77.643028">
        <ele>119.9</ele>
      </trkpt>
      <trkpt lat="39.215331" lon="-77.643089">
        <ele>120.0</ele>
      </trkpt>
      <trkpt lat="39.215363" lon="-77.643158">
        <ele>120.0</ele>
      </trkpt>
      <trkpt lat="39.215393" lon="-77.643234">
        <ele>120.0</ele>
      </trkpt>
      <trkpt lat="39.215424" lon="-77.643311">
        <ele>120.1</ele>
      </trkpt>
      <trkpt lat="39.215458" lon="-77.643379">
        <ele>120.1</ele>
      </trkpt>
      <trkpt lat="39.215488" lon="-77.643456">
        <ele>120.0</ele>
      </trkpt>
      <trkpt lat="39.215523" lon="-77.643531">
        <ele>120.0</ele>
      </trkpt>
      <trkpt lat="39.215556" lon="-77.643608">
        <ele>119.9</ele>
      </trkpt>
      <trkpt lat="39.215591" lon="-77.643683">
        <ele>119.9</ele>
      </trkpt>
      <trkpt lat="39.215626" lon="-77.643761">
        <ele>119.9</ele>
      </trkpt>
      <trkpt lat="39.215656" lon="-77.643837">
        <ele>119.9</ele>
      </trkpt>
      <trkpt lat="39.215683" lon="-77.643913">
        <ele>119.9</ele>
      </trkpt>
      <trkpt lat="39.21571" lon="-77.64399">
        <ele>119.9</ele>
      </trkpt>
      <trkpt lat="39.215736" lon="-77.644073">
        <ele>119.9</ele>
      </trkpt>
      <trkpt lat="39.215767" lon="-77.64415">
        <ele>120.0</ele>
      </trkpt>
      <trkpt lat="39.215794" lon="-77.644234">
        <ele>119.9</ele>
      </trkpt>
      <trkpt lat="39.215828" lon="-77.644318">
        <ele>119.9</ele>
      </trkpt>
      <trkpt lat="39.215858" lon="-77.644394">
        <ele>119.9</ele>
      </trkpt>
      <trkpt lat="39.215893" lon="-77.644478">
        <ele>119.9</ele>
      </trkpt>
      <trkpt lat="39.215935" lon="-77.644561">
        <ele>119.9</ele>
      </trkpt>
      <trkpt lat="39.215977" lon="-77.644646">
        <ele>120.0</ele>
      </trkpt>
      <trkpt lat="39.21603" lon="-77.64473">
        <ele>120.1</ele>
      </trkpt>
      <trkpt lat="39.21608" lon="-77.644814">
        <ele>120.0</ele>
      </trkpt>
      <trkpt lat="39.216133" lon="-77.644897">
        <ele>119.2</ele>
      </trkpt>
      <trkpt lat="39.216194" lon="-77.644974">
        <ele>118.7</ele>
      </trkpt>
      <trkpt lat="39.216259" lon="-77.64505">
        <ele>118.6</ele>
      </trkpt>
      <trkpt lat="39.21632" lon="-77.645118">
        <ele>118.4</ele>
      </trkpt>
      <trkpt lat="39.216381" lon="-77.645187">
        <ele>118.3</ele>
      </trkpt>
      <trkpt lat="39.216431" lon="-77.645264">
        <ele>118.5</ele>
      </trkpt>
      <trkpt lat="39.216476" lon="-77.645348">
        <ele>118.7</ele>
      </trkpt>
      <trkpt lat="39.216503" lon="-77.645432">
        <ele>119.0</ele>
      </trkpt>
      <trkpt lat="39.216518" lon="-77.645531">
        <ele>119.1</ele>
      </trkpt>
      <trkpt lat="39.21653" lon="-77.64563">
        <ele>118.8</ele>
      </trkpt>
      <trkpt lat="39.216541" lon="-77.645743">
        <ele>118.4</ele>
      </trkpt>
      <trkpt lat="39.216564" lon="-77.645859">
        <ele>118.3</ele>
      </trkpt>
      <trkpt lat="39.216595" lon="-77.645973">
        <ele>118.1</ele>
      </trkpt>
      <trkpt lat="39.216621" lon="-77.646088">
        <ele>117.9</ele>
      </trkpt>
      <trkpt lat="39.216652" lon="-77.646202">
        <ele>117.8</ele>
      </trkpt>
      <trkpt lat="39.216682" lon="-77.646317">
        <ele>118.0</ele>
      </trkpt>
      <trkpt lat="39.216717" lon="-77.646431">
        <ele>118.3</ele>
      </trkpt>
      <trkpt lat="39.216747" lon="-77.646545">
        <ele>118.7</ele>
      </trkpt>
      <trkpt lat="39.216782" lon="-77.64666">
        <ele>119.5</ele>
      </trkpt>
      <trkpt lat="39.216816" lon="-77.646767">
        <ele>120.0</ele>
      </trkpt>
      <trkpt lat="39.216858" lon="-77.646873">
        <ele>120.5</ele>
      </trkpt>
      <trkpt lat="39.216892" lon="-77.646973">
        <ele>120.9</ele>
      </trkpt>
      <trkpt lat="39.21693" lon="-77.647072">
        <ele>121.1</ele>
      </trkpt>
      <trkpt lat="39.216965" lon="-77.647156">
        <ele>121.3</ele>
      </trkpt>
      <trkpt lat="39.216995" lon="-77.647246">
        <ele>121.3</ele>
      </trkpt>
      <trkpt lat="39.217022" lon="-77.647339">
        <ele>121.1</ele>
      </trkpt>
      <trkpt lat="39.217052" lon="-77.647423">
        <ele>121.2</ele>
      </trkpt>
      <trkpt lat="39.217079" lon="-77.647507">
        <ele>121.4</ele>
      </trkpt>
      <trkpt lat="39.217101" lon="-77.647591">
        <ele>121.2</ele>
      </trkpt>
      <trkpt lat="39.217121" lon="-77.647667">
        <ele>120.9</ele>
      </trkpt>
      <trkpt lat="39.217136" lon="-77.647751">
        <ele>120.9</ele>
      </trkpt>
      <trkpt lat="39.217148" lon="-77.647835">
        <ele>120.9</ele>
      </trkpt>
      <trkpt lat="39.217159" lon="-77.647934">
        <ele>120.7</ele>
      </trkpt>
      <trkpt lat="39.217167" lon="-77.648026">
        <ele>120.6</ele>
      </trkpt>
      <trkpt lat="39.217177" lon="-77.648124">
        <ele>120.5</ele>
      </trkpt>
      <trkpt lat="39.217186" lon="-77.648231">
        <ele>120.4</ele>
      </trkpt>
      <trkpt lat="39.21719" lon="-77.648331">
        <ele>120.3</ele>
      </trkpt>
      <trkpt lat="39.217194" lon="-77.648438">
        <ele>120.2</ele>
      </trkpt>
      <trkpt lat="39.217197" lon="-77.648544">
        <ele>120.1</ele>
      </trkpt>
      <trkpt lat="39.217194" lon="-77.648651">
        <ele>120.1</ele>
      </trkpt>
      <trkpt lat="39.217182" lon="-77.64875">
        <ele>120.0</ele>
      </trkpt>
      <trkpt lat="39.217167" lon="-77.648857">
        <ele>120.0</ele>
      </trkpt>
      <trkpt lat="39.217148" lon="-77.648964">
        <ele>120.0</ele>
      </trkpt>
      <trkpt lat="39.217132" lon="-77.649071">
        <ele>120.1</ele>
      </trkpt>
      <trkpt lat="39.217113" lon="-77.649178">
        <ele>120.1</ele>
      </trkpt>
      <trkpt lat="39.217091" lon="-77.649277">
        <ele>120.2</ele>
      </trkpt>
      <trkpt lat="39.217068" lon="-77.649391">
        <ele>120.2</ele>
      </trkpt>
      <trkpt lat="39.217045" lon="-77.64949">
        <ele>120.2</ele>
      </trkpt>
      <trkpt lat="39.217022" lon="-77.649597">
        <ele>120.2</ele>
      </trkpt>
      <trkpt lat="39.216991" lon="-77.649704">
        <ele>120.2</ele>
      </trkpt>
      <trkpt lat="39.216961" lon="-77.649803">
        <ele>120.3</ele>
      </trkpt>
      <trkpt lat="39.21693" lon="-77.64991">
        <ele>120.3</ele>
      </trkpt>
      <trkpt lat="39.216904" lon="-77.650009">
        <ele>120.4</ele>
      </trkpt>
      <trkpt lat="39.216873" lon="-77.650108">
        <ele>120.4</ele>
      </trkpt>
      <trkpt lat="39.216845" lon="-77.650215">
        <ele>120.4</ele>
      </trkpt>
      <trkpt lat="39.21682" lon="-77.650322">
        <ele>120.4</ele>
      </trkpt>
      <trkpt lat="39.216797" lon="-77.650429">
        <ele>120.5</ele>
      </trkpt>
      <trkpt lat="39.216774" lon="-77.650536">
        <ele>120.5</ele>
      </trkpt>
      <trkpt lat="39.216759" lon="-77.650642">
        <ele>120.6</ele>
      </trkpt>
      <trkpt lat="39.216743" lon="-77.650749">
        <ele>120.6</ele>
      </trkpt>
      <trkpt lat="39.216736" lon="-77.650864">
        <ele>120.7</ele>
      </trkpt>
      <trkpt lat="39.216732" lon="-77.650978">
        <ele>120.7</ele>
      </trkpt>
      <trkpt lat="39.216732" lon="-77.651085">
        <ele>120.7</ele>
      </trkpt>
      <trkpt lat="39.216736" lon="-77.651199">
        <ele>120.7</ele>
      </trkpt>
      <trkpt lat="39.216743" lon="-77.651314">
        <ele>120.7</ele>
      </trkpt>
      <trkpt lat="39.21674" lon="-77.651428">
        <ele>120.7</ele>
      </trkpt>
      <trkpt lat="39.216724" lon="-77.65155">
        <ele>120.7</ele>
      </trkpt>
      <trkpt lat="39.216698" lon="-77.651649">
        <ele>120.7</ele>
      </trkpt>
      <trkpt lat="39.216656" lon="-77.651756">
        <ele>120.6</ele>
      </trkpt>
      <trkpt lat="39.21661" lon="-77.651863">
        <ele>120.6</ele>
      </trkpt>
      <trkpt lat="39.216564" lon="-77.65197">
        <ele>120.9</ele>
      </trkpt>
      <trkpt lat="39.216522" lon="-77.652069">
        <ele>121.5</ele>
      </trkpt>
      <trkpt lat="39.216476" lon="-77.652176">
        <ele>122.0</ele>
      </trkpt>
      <trkpt lat="39.216437" lon="-77.652289">
        <ele>122.3</ele>
      </trkpt>
      <trkpt lat="39.216408" lon="-77.652405">
        <ele>122.6</ele>
      </trkpt>
      <trkpt lat="39.216381" lon="-77.652519">
        <ele>122.7</ele>
      </trkpt>
      <trkpt lat="39.216361" lon="-77.652626">
        <ele>122.8</ele>
      </trkpt>
      <trkpt lat="39.216343" lon="-77.65274">
        <ele>122.9</ele>
      </trkpt>
      <trkpt lat="39.216328" lon="-77.652855">
        <ele>122.9</ele>
      </trkpt>
      <trkpt lat="39.216312" lon="-77.652969">
        <ele>122.9</ele>
      </trkpt>
      <trkpt lat="39.216301" lon="-77.653084">
        <ele>122.8</ele>
      </trkpt>
      <trkpt lat="39.21629" lon="-77.653191">
        <ele>122.7</ele>
      </trkpt>
      <trkpt lat="39.216282" lon="-77.653282">
        <ele>122.7</ele>
      </trkpt>
      <trkpt lat="39.216278" lon="-77.653381">
        <ele>122.6</ele>
      </trkpt>
      <trkpt lat="39.216274" lon="-77.653465">
        <ele>122.6</ele>
      </trkpt>
      <trkpt lat="39.216282" lon="-77.653564">
        <ele>122.6</ele>
      </trkpt>
      <trkpt lat="39.216293" lon="-77.653656">
        <ele>122.5</ele>
      </trkpt>
      <trkpt lat="39.216305" lon="-77.653755">
        <ele>122.5</ele>
      </trkpt>
      <trkpt lat="39.216328" lon="-77.653862">
        <ele>122.2</ele>
      </trkpt>
      <trkpt lat="39.216354" lon="-77.653961">
        <ele>121.6</ele>
      </trkpt>
      <trkpt lat="39.216377" lon="-77.654045">
        <ele>120.8</ele>
      </trkpt>
      <trkpt lat="39.2164" lon="-77.654144">
        <ele>120.0</ele>
      </trkpt>
      <trkpt lat="39.216419" lon="-77.654242">
        <ele>120.4</ele>
      </trkpt>
      <trkpt lat="39.216437" lon="-77.654343">
        <ele>121.1</ele>
      </trkpt>
      <trkpt lat="39.216454" lon="-77.654456">
        <ele>121.6</ele>
      </trkpt>
      <trkpt lat="39.216465" lon="-77.654563">
        <ele>121.9</ele>
      </trkpt>
      <trkpt lat="39.216476" lon="-77.654678">
        <ele>122.1</ele>
      </trkpt>
      <trkpt lat="39.216484" lon="-77.654785">
        <ele>122.3</ele>
      </trkpt>
      <trkpt lat="39.216492" lon="-77.6549">
        <ele>122.5</ele>
      </trkpt>
      <trkpt lat="39.216499" lon="-77.655006">
        <ele>122.7</ele>
      </trkpt>
      <trkpt lat="39.216503" lon="-77.655121">
        <ele>123.0</ele>
      </trkpt>
      <trkpt lat="39.216507" lon="-77.655235">
        <ele>123.2</ele>
      </trkpt>
      <trkpt lat="39.21651" lon="-77.655342">
        <ele>123.4</ele>
      </trkpt>
      <trkpt lat="39.216515" lon="-77.655457">
        <ele>123.6</ele>
      </trkpt>
      <trkpt lat="39.216518" lon="-77.655571">
        <ele>123.8</ele>
      </trkpt>
      <trkpt lat="39.216518" lon="-77.655678">
        <ele>123.9</ele>
      </trkpt>
      <trkpt lat="39.216526" lon="-77.6558">
        <ele>124.0</ele>
      </trkpt>
      <trkpt lat="39.21653" lon="-77.655914">
        <ele>124.1</ele>
      </trkpt>
      <trkpt lat="39.21653" lon="-77.656029">
        <ele>124.2</ele>
      </trkpt>
      <trkpt lat="39.216537" lon="-77.656143">
        <ele>124.5</ele>
      </trkpt>
      <trkpt lat="39.216545" lon="-77.656257">
        <ele>125.0</ele>
      </trkpt>
      <trkpt lat="39.216553" lon="-77.65638">
        <ele>125.5</ele>
      </trkpt>
      <trkpt lat="39.216557" lon="-77.656502">
        <ele>125.6</ele>
      </trkpt>
      <trkpt lat="39.216564" lon="-77.656616">
        <ele>125.6</ele>
      </trkpt>
      <trkpt lat="39.216572" lon="-77.656738">
        <ele>125.7</ele>
      </trkpt>
      <trkpt lat="39.216576" lon="-77.65686">
        <ele>125.9</ele>
      </trkpt>
      <trkpt lat="39.216579" lon="-77.656975">
        <ele>126.5</ele>
      </trkpt>
      <trkpt lat="39.216586" lon="-77.657096">
        <ele>127.4</ele>
      </trkpt>
      <trkpt lat="39.216595" lon="-77.657219">
        <ele>127.9</ele>
      </trkpt>
      <trkpt lat="39.216599" lon="-77.657326">
        <ele>128.1</ele>
      </trkpt>
      <trkpt lat="39.216602" lon="-77.657439">
        <ele>128.3</ele>
      </trkpt>
      <trkpt lat="39.21661" lon="-77.657546">
        <ele>128.5</ele>
      </trkpt>
      <trkpt lat="39.216614" lon="-77.657646">
        <ele>128.6</ele>
      </trkpt>
      <trkpt lat="39.216617" lon="-77.657745">
        <ele>128.8</ele>
      </trkpt>
      <trkpt lat="39.216621" lon="-77.657837">
        <ele>129.0</ele>
      </trkpt>
      <trkpt lat="39.216625" lon="-77.657928">
        <ele>129.1</ele>
      </trkpt>
      <trkpt lat="39.216629" lon="-77.658005">
        <ele>129.3</ele>
      </trkpt>
      <trkpt lat="39.216633" lon="-77.658089">
        <ele>129.4</ele>
      </trkpt>
      <trkpt lat="39.216637" lon="-77.658165">
        <ele>129.5</ele>
      </trkpt>
      <trkpt lat="39.21664" lon="-77.658241">
        <ele>129.5</ele>
      </trkpt>
      <trkpt lat="39.216644" lon="-77.658318">
        <ele>129.5</ele>
      </trkpt>
      <trkpt lat="39.216644" lon="-77.658394">
        <ele>129.5</ele>
      </trkpt>
      <trkpt lat="39.216644" lon="-77.65847">
        <ele>129.5</ele>
      </trkpt>
      <trkpt lat="39.216648" lon="-77.658546">
        <ele>129.6</ele>
      </trkpt>
      <trkpt lat="39.216648" lon="-77.658623">
        <ele>129.6</ele>
      </trkpt>
      <trkpt lat="39.216652" lon="-77.658699">
        <ele>129.6</ele>
      </trkpt>
      <trkpt lat="39.21666" lon="-77.658768">
        <ele>129.6</ele>
      </trkpt>
      <trkpt lat="39.216662" lon="-77.658844">
        <ele>129.6</ele>
      </trkpt>
      <trkpt lat="39.216667" lon="-77.65892">
        <ele>129.6</ele>
      </trkpt>
      <trkpt lat="39.216675" lon="-77.658989">
        <ele>129.6</ele>
      </trkpt>
      <trkpt lat="39.216679" lon="-77.659065">
        <ele>129.5</ele>
      </trkpt>
      <trkpt lat="39.216686" lon="-77.659134">
        <ele>129.4</ele>
      </trkpt>
      <trkpt lat="39.21669" lon="-77.65921">
        <ele>129.2</ele>
      </trkpt>
      <trkpt lat="39.216698" lon="-77.659294">
        <ele>129.0</ele>
      </trkpt>
      <trkpt lat="39.216713" lon="-77.65937">
        <ele>128.8</ele>
      </trkpt>
      <trkpt lat="39.216728" lon="-77.659439">
        <ele>128.6</ele>
      </trkpt>
      <trkpt lat="39.216759" lon="-77.659515">
        <ele>128.0</ele>
      </trkpt>
      <trkpt lat="39.216797" lon="-77.659592">
        <ele>127.3</ele>
      </trkpt>
      <trkpt lat="39.216835" lon="-77.65966">
        <ele>126.8</ele>
      </trkpt>
      <trkpt lat="39.216869" lon="-77.659737">
        <ele>126.7</ele>
      </trkpt>
      <trkpt lat="39.216907" lon="-77.659805">
        <ele>126.7</ele>
      </trkpt>
      <trkpt lat="39.216946" lon="-77.659882">
        <ele>126.6</ele>
      </trkpt>
      <trkpt lat="39.216983" lon="-77.65995">
        <ele>126.6</ele>
      </trkpt>
      <trkpt lat="39.217018" lon="-77.660027">
        <ele>126.5</ele>
      </trkpt>
      <trkpt lat="39.217056" lon="-77.660103">
        <ele>126.6</ele>
      </trkpt>
      <trkpt lat="39.217094" lon="-77.660179">
        <ele>126.7</ele>
      </trkpt>
      <trkpt lat="39.217132" lon="-77.660255">
        <ele>126.7</ele>
      </trkpt>
      <trkpt lat="39.217171" lon="-77.660338">
        <ele>126.7</ele>
      </trkpt>
      <trkpt lat="39.217208" lon="-77.660416">
        <ele>126.8</ele>
      </trkpt>
      <trkpt lat="39.217247" lon="-77.660492">
        <ele>126.7</ele>
      </trkpt>
      <trkpt lat="39.217284" lon="-77.660576">
        <ele>126.7</ele>
      </trkpt>
      <trkpt lat="39.217323" lon="-77.660659">
        <ele>126.7</ele>
      </trkpt>
      <trkpt lat="39.21736" lon="-77.660743">
        <ele>127.0</ele>
      </trkpt>
      <trkpt lat="39.2174" lon="-77.66082">
        <ele>127.5</ele>
      </trkpt>
      <trkpt lat="39.217434" lon="-77.660895">
        <ele>127.9</ele>
      </trkpt>
      <trkpt lat="39.217467" lon="-77.660973">
        <ele>128.3</ele>
      </trkpt>
      <trkpt lat="39.217503" lon="-77.661041">
        <ele>128.6</ele>
      </trkpt>
      <trkpt lat="39.217537" lon="-77.661102">
        <ele>129.0</ele>
      </trkpt>
      <trkpt lat="39.217564" lon="-77.661156">
        <ele>129.3</ele>
      </trkpt>
      <trkpt lat="39.217583" lon="-77.661194">
        <ele>129.6</ele>
      </trkpt>
      <trkpt lat="39.217594" lon="-77.661232">
        <ele>129.7</ele>
      </trkpt>
      <trkpt lat="39.217602" lon="-77.661255">
        <ele>129.8</ele>
      </trkpt>
      <trkpt lat="39.217606" lon="-77.66127">
        <ele>129.8</ele>
      </trkpt>
      <trkpt lat="39.217609" lon="-77.661301">
        <ele>129.9</ele>
      </trkpt>
      <trkpt lat="39.217617" lon="-77.661331">
        <ele>129.8</ele>
      </trkpt>
      <trkpt lat="39.217632" lon="-77.661368">
        <ele>129.9</ele>
      </trkpt>
      <trkpt lat="39.217647" lon="-77.661407">
        <ele>129.9</ele>
      </trkpt>
      <trkpt lat="39.217663" lon="-77.661438">
        <ele>130.0</ele>
      </trkpt>
      <trkpt lat="39.217678" lon="-77.661469">
        <ele>130.0</ele>
      </trkpt>
      <trkpt lat="39.217693" lon="-77.661499">
        <ele>130.0</ele>
      </trkpt>
      <trkpt lat="39.217716" lon="-77.661537">
        <ele>129.9</ele>
      </trkpt>
      <trkpt lat="39.217735" lon="-77.661575">
        <ele>129.8</ele>
      </trkpt>
      <trkpt lat="39.217751" lon="-77.661621">
        <ele>129.8</ele>
      </trkpt>
      <trkpt lat="39.21777" lon="-77.661659">
        <ele>129.8</ele>
      </trkpt>
      <trkpt lat="39.217785" lon="-77.661705">
        <ele>129.9</ele>
      </trkpt>
      <trkpt lat="39.217804" lon="-77.661751">
        <ele>130.0</ele>
      </trkpt>
      <trkpt lat="39.21783" lon="-77.661797">
        <ele>130.2</ele>
      </trkpt>
      <trkpt lat="39.217857" lon="-77.661865">
        <ele>130.2</ele>
      </trkpt>
      <trkpt lat="39.217888" lon="-77.661934">
        <ele>130.4</ele>
      </trkpt>
      <trkpt lat="39.217922" lon="-77.66201">
        <ele>130.8</ele>
      </trkpt>
      <trkpt lat="39.217957" lon="-77.662086">
        <ele>131.3</ele>
      </trkpt>
      <trkpt lat="39.217995" lon="-77.662178">
        <ele>132.0</ele>
      </trkpt>
      <trkpt lat="39.218033" lon="-77.66227">
        <ele>132.5</ele>
      </trkpt>
      <trkpt lat="39.218071" lon="-77.662369">
        <ele>132.9</ele>
      </trkpt>
      <trkpt lat="39.218113" lon="-77.662468">
        <ele>133.6</ele>
      </trkpt>
      <trkpt lat="39.218155" lon="-77.662567">
        <ele>134.2</ele>
      </trkpt>
      <trkpt lat="39.218193" lon="-77.662666">
        <ele>134.9</ele>
      </trkpt>
      <trkpt lat="39.218238" lon="-77.662766">
        <ele>135.6</ele>
      </trkpt>
      <trkpt lat="39.218281" lon="-77.662857">
        <ele>136.1</ele>
      </trkpt>
      <trkpt lat="39.218319" lon="-77.662949">
        <ele>136.4</ele>
      </trkpt>
      <trkpt lat="39.218361" lon="-77.663033">
        <ele>136.6</ele>
      </trkpt>
      <trkpt lat="39.218414" lon="-77.663109">
        <ele>136.9</ele>
      </trkpt>
      <trkpt lat="39.218472" lon="-77.663169">
        <ele>137.2</ele>
      </trkpt>
      <trkpt lat="39.218533" lon="-77.663231">
        <ele>137.7</ele>
      </trkpt>
      <trkpt lat="39.218597" lon="-77.663276">
        <ele>138.0</ele>
      </trkpt>
      <trkpt lat="39.218662" lon="-77.663315">
        <ele>138.4</ele>
      </trkpt>
      <trkpt lat="39.218731" lon="-77.663353">
        <ele>138.7</ele>
      </trkpt>
      <trkpt lat="39.2188" lon="-77.663399">
        <ele>139.0</ele>
      </trkpt>
      <trkpt lat="39.218868" lon="-77.663445">
        <ele>139.2</ele>
      </trkpt>
      <trkpt lat="39.218936" lon="-77.66349">
        <ele>139.3</ele>
      </trkpt>
      <trkpt lat="39.219009" lon="-77.663535">
        <ele>139.5</ele>
      </trkpt>
      <trkpt lat="39.219078" lon="-77.663582">
        <ele>139.7</ele>
      </trkpt>
      <trkpt lat="39.219154" lon="-77.663628">
        <ele>139.9</ele>
      </trkpt>
      <trkpt lat="39.219231" lon="-77.663681">
        <ele>140.2</ele>
      </trkpt>
      <trkpt lat="39.219311" lon="-77.663734">
        <ele>140.4</ele>
      </trkpt>
      <trkpt lat="39.219387" lon="-77.663788">
        <ele>140.4</ele>
      </trkpt>
      <trkpt lat="39.219467" lon="-77.663841">
        <ele>140.5</ele>
      </trkpt>
      <trkpt lat="39.219547" lon="-77.663887">
        <ele>140.6</ele>
      </trkpt>
      <trkpt lat="39.219627" lon="-77.66394">
        <ele>140.8</ele>
      </trkpt>
      <trkpt lat="39.219704" lon="-77.663994">
        <ele>140.9</ele>
      </trkpt>
      <trkpt lat="39.219776" lon="-77.664047">
        <ele>141.1</ele>
      </trkpt>
      <trkpt lat="39.219845" lon="-77.664108">
        <ele>141.3</ele>
      </trkpt>
      <trkpt lat="39.219913" lon="-77.664177">
        <ele>141.5</ele>
      </trkpt>
      <trkpt lat="39.219975" lon="-77.664246">
        <ele>141.7</ele>
      </trkpt>
      <trkpt lat="39.220032" lon="-77.664322">
        <ele>141.8</ele>
      </trkpt>
      <trkpt lat="39.220089" lon="-77.664398">
        <ele>141.9</ele>
      </trkpt>
      <trkpt lat="39.220146" lon="-77.664474">
        <ele>142.0</ele>
      </trkpt>
      <trkpt lat="39.220203" lon="-77.664551">
        <ele>142.1</ele>
      </trkpt>
      <trkpt lat="39.220261" lon="-77.664619">
        <ele>142.3</ele>
      </trkpt>
      <trkpt lat="39.220314" lon="-77.664696">
        <ele>142.3</ele>
      </trkpt>
      <trkpt lat="39.220375" lon="-77.664779">
        <ele>142.2</ele>
      </trkpt>
      <trkpt lat="39.220432" lon="-77.664864">
        <ele>142.2</ele>
      </trkpt>
      <trkpt lat="39.220497" lon="-77.664948">
        <ele>142.1</ele>
      </trkpt>
      <trkpt lat="39.220562" lon="-77.665031">
        <ele>141.9</ele>
      </trkpt>
      <trkpt lat="39.220627" lon="-77.665131">
        <ele>141.8</ele>
      </trkpt>
      <trkpt lat="39.220695" lon="-77.665222">
        <ele>141.8</ele>
      </trkpt>
      <trkpt lat="39.220764" lon="-77.665321">
        <ele>141.9</ele>
      </trkpt>
      <trkpt lat="39.220833" lon="-77.665421">
        <ele>142.1</ele>
      </trkpt>
      <trkpt lat="39.220901" lon="-77.66552">
        <ele>142.1</ele>
      </trkpt>
      <trkpt lat="39.220974" lon="-77.665619">
        <ele>142.1</ele>
      </trkpt>
      <trkpt lat="39.221046" lon="-77.665718">
        <ele>142.0</ele>
      </trkpt>
      <trkpt lat="39.221127" lon="-77.665817">
        <ele>142.1</ele>
      </trkpt>
      <trkpt lat="39.221207" lon="-77.665916">
        <ele>142.2</ele>
      </trkpt>
      <trkpt lat="39.221286" lon="-77.666016">
        <ele>142.3</ele>
      </trkpt>
      <trkpt lat="39.221371" lon="-77.666115">
        <ele>142.8</ele>
      </trkpt>
      <trkpt lat="39.221451" lon="-77.666206">
        <ele>143.7</ele>
      </trkpt>
      <trkpt lat="39.221531" lon="-77.666298">
        <ele>144.6</ele>
      </trkpt>
      <trkpt lat="39.221603" lon="-77.666382">
        <ele>145.4</ele>
      </trkpt>
      <trkpt lat="39.22168" lon="-77.666458">
        <ele>146.2</ele>
      </trkpt>
      <trkpt lat="39.221752" lon="-77.666527">
        <ele>147.0</ele>
      </trkpt>
      <trkpt lat="39.221825" lon="-77.666603">
        <ele>147.8</ele>
      </trkpt>
      <trkpt lat="39.221889" lon="-77.666664">
        <ele>148.5</ele>
      </trkpt>
      <trkpt lat="39.221953" lon="-77.666732">
        <ele>149.2</ele>
      </trkpt>
      <trkpt lat="39.222015" lon="-77.666794">
        <ele>149.9</ele>
      </trkpt>
      <trkpt lat="39.222069" lon="-77.666855">
        <ele>150.5</ele>
      </trkpt>
      <trkpt lat="39.222122" lon="-77.666908">
        <ele>151.0</ele>
      </trkpt>
      <trkpt lat="39.222176" lon="-77.666962">
        <ele>151.5</ele>
      </trkpt>
      <trkpt lat="39.222229" lon="-77.667015">
        <ele>152.0</ele>
      </trkpt>
      <trkpt lat="39.222285" lon="-77.667068">
        <ele>152.3</ele>
      </trkpt>
      <trkpt lat="39.222336" lon="-77.667122">
        <ele>152.7</ele>
      </trkpt>
      <trkpt lat="39.222389" lon="-77.667168">
        <ele>153.0</ele>
      </trkpt>
      <trkpt lat="39.222439" lon="-77.667221">
        <ele>153.3</ele>
      </trkpt>
      <trkpt lat="39.222485" lon="-77.667267">
        <ele>153.6</ele>
      </trkpt>
      <trkpt lat="39.22253" lon="-77.667312">
        <ele>153.9</ele>
      </trkpt>
      <trkpt lat="39.222575" lon="-77.667366">
        <ele>154.2</ele>
      </trkpt>
      <trkpt lat="39.222626" lon="-77.667412">
        <ele>154.5</ele>
      </trkpt>
      <trkpt lat="39.222668" lon="-77.667458">
        <ele>154.7</ele>
      </trkpt>
      <trkpt lat="39.222713" lon="-77.667496">
        <ele>154.9</ele>
      </trkpt>
      <trkpt lat="39.222759" lon="-77.667542">
        <ele>155.0</ele>
      </trkpt>
      <trkpt lat="39.2228" lon="-77.667587">
        <ele>155.2</ele>
      </trkpt>
      <trkpt lat="39.222836" lon="-77.667625">
        <ele>155.3</ele>
      </trkpt>
      <trkpt lat="39.222874" lon="-77.667671">
        <ele>155.5</ele>
      </trkpt>
      <trkpt lat="39.222907" lon="-77.667709">
        <ele>155.5</ele>
      </trkpt>
      <trkpt lat="39.222946" lon="-77.667747">
        <ele>155.6</ele>
      </trkpt>
      <trkpt lat="39.222977" lon="-77.667786">
        <ele>155.6</ele>
      </trkpt>
      <trkpt lat="39.223011" lon="-77.667816">
        <ele>155.6</ele>
      </trkpt>
      <trkpt lat="39.223045" lon="-77.667854">
        <ele>155.6</ele>
      </trkpt>
      <trkpt lat="39.223076" lon="-77.667885">
        <ele>155.6</ele>
      </trkpt>
      <trkpt lat="39.223106" lon="-77.667914">
        <ele>155.5</ele>
      </trkpt>
      <trkpt lat="39.223133" lon="-77.667946">
        <ele>155.4</ele>
      </trkpt>
      <trkpt lat="39.223164" lon="-77.667976">
        <ele>155.3</ele>
      </trkpt>
      <trkpt lat="39.223309" lon="-77.668098">
        <ele>154.9</ele>
      </trkpt>
      <trkpt lat="39.223309" lon="-77.668098">
        <ele>154.9</ele>
      </trkpt>
      <trkpt lat="39.223309" lon="-77.668098">
        <ele>154.9</ele>
      </trkpt>
      <trkpt lat="39.223309" lon="-77.668098">
        <ele>154.9</ele>
      </trkpt>
      <trkpt lat="39.223309" lon="-77.668098">
        <ele>154.9</ele>
      </trkpt>
      <trkpt lat="39.223309" lon="-77.668098">
        <ele>154.9</ele>
      </trkpt>
      <trkpt lat="39.223309" lon="-77.668098">
        <ele>154.9</ele>
      </trkpt>
      <trkpt lat="39.223315" lon="-77.668106">
        <ele>154.9</ele>
      </trkpt>
      <trkpt lat="39.223324" lon="-77.668121">
        <ele>154.8</ele>
      </trkpt>
      <trkpt lat="39.223331" lon="-77.668144">
        <ele>154.8</ele>
      </trkpt>
      <trkpt lat="39.223339" lon="-77.668167">
        <ele>154.7</ele>
      </trkpt>
      <trkpt lat="39.223343" lon="-77.66819">
        <ele>154.5</ele>
      </trkpt>
      <trkpt lat="39.223343" lon="-77.668221">
        <ele>154.4</ele>
      </trkpt>
      <trkpt lat="39.223339" lon="-77.668251">
        <ele>154.2</ele>
      </trkpt>
      <trkpt lat="39.223331" lon="-77.668282">
        <ele>154.0</ele>
      </trkpt>
      <trkpt lat="39.22332" lon="-77.668304">
        <ele>153.8</ele>
      </trkpt>
      <trkpt lat="39.223309" lon="-77.668335">
        <ele>153.6</ele>
      </trkpt>
      <trkpt lat="39.223293" lon="-77.668358">
        <ele>153.4</ele>
      </trkpt>
      <trkpt lat="39.223274" lon="-77.668387">
        <ele>153.1</ele>
      </trkpt>
      <trkpt lat="39.223251" lon="-77.668427">
        <ele>152.7</ele>
      </trkpt>
      <trkpt lat="39.223225" lon="-77.668465">
        <ele>152.4</ele>
      </trkpt>
      <trkpt lat="39.223202" lon="-77.66851">
        <ele>152.1</ele>
      </trkpt>
      <trkpt lat="39.223171" lon="-77.668556">
        <ele>151.9</ele>
      </trkpt>
      <trkpt lat="39.223141" lon="-77.668602">
        <ele>151.8</ele>
      </trkpt>
      <trkpt lat="39.22311" lon="-77.668648">
        <ele>151.7</ele>
      </trkpt>
      <trkpt lat="39.223076" lon="-77.668694">
        <ele>151.6</ele>
      </trkpt>
      <trkpt lat="39.223042" lon="-77.668747">
        <ele>151.5</ele>
      </trkpt>
      <trkpt lat="39.223007" lon="-77.6688">
        <ele>151.4</ele>
      </trkpt>
      <trkpt lat="39.222969" lon="-77.668854">
        <ele>151.3</ele>
      </trkpt>
      <trkpt lat="39.222935" lon="-77.668915">
        <ele>151.1</ele>
      </trkpt>
      <trkpt lat="39.222897" lon="-77.668968">
        <ele>151.0</ele>
      </trkpt>
      <trkpt lat="39.222858" lon="-77.669022">
        <ele>150.9</ele>
      </trkpt>
      <trkpt lat="39.22282" lon="-77.669067">
        <ele>150.7</ele>
      </trkpt>
      <trkpt lat="39.222782" lon="-77.669121">
        <ele>150.5</ele>
      </trkpt>
      <trkpt lat="39.222744" lon="-77.669182">
        <ele>150.1</ele>
      </trkpt>
      <trkpt lat="39.22271" lon="-77.669235">
        <ele>149.8</ele>
      </trkpt>
      <trkpt lat="39.222675" lon="-77.669289">
        <ele>149.4</ele>
      </trkpt>
      <trkpt lat="39.222645" lon="-77.669342">
        <ele>149.1</ele>
      </trkpt>
      <trkpt lat="39.22261" lon="-77.669395">
        <ele>148.9</ele>
      </trkpt>
      <trkpt lat="39.22258" lon="-77.669441">
        <ele>148.8</ele>
      </trkpt>
      <trkpt lat="39.222546" lon="-77.669487">
        <ele>148.8</ele>
      </trkpt>
      <trkpt lat="39.222515" lon="-77.669533">
        <ele>148.8</ele>
      </trkpt>
      <trkpt lat="39.222485" lon="-77.669586">
        <ele>148.7</ele>
      </trkpt>
      <trkpt lat="39.222454" lon="-77.669631">
        <ele>148.7</ele>
      </trkpt>
      <trkpt lat="39.222427" lon="-77.669678">
        <ele>148.6</ele>
      </trkpt>
      <trkpt lat="39.222397" lon="-77.669724">
        <ele>148.6</ele>
      </trkpt>
      <trkpt lat="39.222366" lon="-77.669762">
        <ele>148.6</ele>
      </trkpt>
      <trkpt lat="39.222336" lon="-77.6698">
        <ele>148.5</ele>
      </trkpt>
      <trkpt lat="39.222309" lon="-77.669846">
        <ele>148.3</ele>
      </trkpt>
      <trkpt lat="39.222279" lon="-77.669891">
        <ele>148.0</ele>
      </trkpt>
      <trkpt lat="39.222252" lon="-77.669929">
        <ele>147.7</ele>
      </trkpt>
      <trkpt lat="39.222221" lon="-77.669974">
        <ele>147.2</ele>
      </trkpt>
      <trkpt lat="39.222195" lon="-77.670013">
        <ele>146.9</ele>
      </trkpt>
      <trkpt lat="39.222168" lon="-77.670052">
        <ele>146.5</ele>
      </trkpt>
      <trkpt lat="39.222141" lon="-77.670097">
        <ele>146.1</ele>
      </trkpt>
      <trkpt lat="39.222115" lon="-77.670143">
        <ele>145.8</ele>
      </trkpt>
      <trkpt lat="39.222088" lon="-77.670181">
        <ele>145.5</ele>
      </trkpt>
      <trkpt lat="39.222057" lon="-77.670219">
        <ele>145.2</ele>
      </trkpt>
      <trkpt lat="39.222031" lon="-77.670258">
        <ele>144.8</ele>
      </trkpt>
      <trkpt lat="39.222004" lon="-77.670303">
        <ele>144.2</ele>
      </trkpt>
      <trkpt lat="39.221984" lon="-77.670334">
        <ele>143.8</ele>
      </trkpt>
      <trkpt lat="39.221962" lon="-77.670364">
        <ele>143.4</ele>
      </trkpt>
      <trkpt lat="39.221939" lon="-77.670402">
        <ele>143.0</ele>
      </trkpt>
      <trkpt lat="39.221912" lon="-77.670441">
        <ele>142.8</ele>
      </trkpt>
      <trkpt lat="39.221882" lon="-77.670464">
        <ele>142.6</ele>
      </trkpt>
      <trkpt lat="39.221855" lon="-77.670494">
        <ele>142.4</ele>
      </trkpt>
      <trkpt lat="39.221828" lon="-77.670532">
        <ele>141.9</ele>
      </trkpt>
      <trkpt lat="39.221806" lon="-77.670578">
        <ele>141.4</ele>
      </trkpt>
      <trkpt lat="39.221779" lon="-77.670624">
        <ele>140.8</ele>
      </trkpt>
      <trkpt lat="39.221745" lon="-77.670677">
        <ele>140.3</ele>
      </trkpt>
      <trkpt lat="39.22171" lon="-77.670738">
        <ele>139.8</ele>
      </trkpt>
      <trkpt lat="39.221672" lon="-77.670815">
        <ele>139.1</ele>
      </trkpt>
      <trkpt lat="39.221645" lon="-77.670891">
        <ele>138.0</ele>
      </trkpt>
      <trkpt lat="39.221622" lon="-77.670975">
        <ele>137.0</ele>
      </trkpt>
      <trkpt lat="39.221607" lon="-77.671066">
        <ele>136.1</ele>
      </trkpt>
      <trkpt lat="39.221596" lon="-77.671158">
        <ele>135.3</ele>
      </trkpt>
      <trkpt lat="39.221592" lon="-77.671265">
        <ele>134.5</ele>
      </trkpt>
      <trkpt lat="39.221587" lon="-77.67137">
        <ele>133.8</ele>
      </trkpt>
      <trkpt lat="39.221587" lon="-77.671471">
        <ele>133.5</ele>
      </trkpt>
      <trkpt lat="39.221584" lon="-77.671577">
        <ele>133.6</ele>
      </trkpt>
      <trkpt lat="39.221584" lon="-77.671684">
        <ele>134.1</ele>
      </trkpt>
      <trkpt lat="39.221584" lon="-77.671791">
        <ele>134.3</ele>
      </trkpt>
      <trkpt lat="39.221584" lon="-77.671898">
        <ele>134.3</ele>
      </trkpt>
      <trkpt lat="39.221584" lon="-77.672005">
        <ele>134.3</ele>
      </trkpt>
      <trkpt lat="39.221581" lon="-77.672119">
        <ele>134.3</ele>
      </trkpt>
      <trkpt lat="39.221581" lon="-77.672234">
        <ele>134.1</ele>
      </trkpt>
      <trkpt lat="39.221581" lon="-77.672355">
        <ele>133.6</ele>
      </trkpt>
      <trkpt lat="39.221577" lon="-77.672478">
        <ele>133.4</ele>
      </trkpt>
      <trkpt lat="39.221569" lon="-77.6726">
        <ele>133.2</ele>
      </trkpt>
      <trkpt lat="39.221565" lon="-77.672714">
        <ele>133.0</ele>
      </trkpt>
      <trkpt lat="39.221565" lon="-77.672836">
        <ele>132.9</ele>
      </trkpt>
      <trkpt lat="39.221561" lon="-77.672958">
        <ele>132.7</ele>
      </trkpt>
      <trkpt lat="39.221561" lon="-77.673088">
        <ele>132.6</ele>
      </trkpt>
      <trkpt lat="39.221558" lon="-77.673218">
        <ele>132.7</ele>
      </trkpt>
      <trkpt lat="39.221554" lon="-77.67337">
        <ele>133.2</ele>
      </trkpt>
      <trkpt lat="39.221558" lon="-77.673515">
        <ele>133.9</ele>
      </trkpt>
      <trkpt lat="39.221561" lon="-77.673668">
        <ele>134.8</ele>
      </trkpt>
      <trkpt lat="39.221561" lon="-77.67382">
        <ele>135.6</ele>
      </trkpt>
      <trkpt lat="39.221569" lon="-77.673958">
        <ele>136.3</ele>
      </trkpt>
      <trkpt lat="39.221573" lon="-77.67411">
        <ele>137.2</ele>
      </trkpt>
      <trkpt lat="39.221577" lon="-77.674248">
        <ele>138.3</ele>
      </trkpt>
      <trkpt lat="39.221569" lon="-77.674393">
        <ele>139.0</ele>
      </trkpt>
      <trkpt lat="39.221577" lon="-77.674522">
        <ele>139.6</ele>
      </trkpt>
      <trkpt lat="39.221565" lon="-77.674637">
        <ele>140.3</ele>
      </trkpt>
      <trkpt lat="39.221561" lon="-77.674751">
        <ele>141.1</ele>
      </trkpt>
      <trkpt lat="39.221554" lon="-77.674873">
        <ele>141.9</ele>
      </trkpt>
      <trkpt lat="39.22155" lon="-77.674988">
        <ele>142.3</ele>
      </trkpt>
      <trkpt lat="39.22155" lon="-77.675102">
        <ele>142.5</ele>
      </trkpt>
      <trkpt lat="39.221554" lon="-77.675217">
        <ele>142.8</ele>
      </trkpt>
      <trkpt lat="39.22155" lon="-77.675331">
        <ele>143.0</ele>
      </trkpt>
      <trkpt lat="39.22155" lon="-77.675445">
        <ele>143.4</ele>
      </trkpt>
      <trkpt lat="39.221545" lon="-77.67556">
        <ele>143.7</ele>
      </trkpt>
      <trkpt lat="39.221542" lon="-77.675674">
        <ele>143.9</ele>
      </trkpt>
      <trkpt lat="39.221542" lon="-77.675789">
        <ele>144.0</ele>
      </trkpt>
      <trkpt lat="39.221539" lon="-77.675903">
        <ele>144.2</ele>
      </trkpt>
      <trkpt lat="39.221539" lon="-77.676018">
        <ele>144.3</ele>
      </trkpt>
      <trkpt lat="39.221535" lon="-77.676125">
        <ele>144.5</ele>
      </trkpt>
      <trkpt lat="39.221531" lon="-77.676247">
        <ele>144.8</ele>
      </trkpt>
      <trkpt lat="39.221523" lon="-77.676361">
        <ele>145.0</ele>
      </trkpt>
      <trkpt lat="39.221523" lon="-77.676475">
        <ele>145.3</ele>
      </trkpt>
      <trkpt lat="39.221519" lon="-77.67659">
        <ele>145.5</ele>
      </trkpt>
      <trkpt lat="39.221516" lon="-77.676704">
        <ele>145.9</ele>
      </trkpt>
      <trkpt lat="39.221516" lon="-77.676819">
        <ele>146.4</ele>
      </trkpt>
      <trkpt lat="39.221512" lon="-77.676933">
        <ele>146.9</ele>
      </trkpt>
      <trkpt lat="39.221512" lon="-77.67704">
        <ele>147.4</ele>
      </trkpt>
      <trkpt lat="39.221512" lon="-77.677147">
        <ele>147.9</ele>
      </trkpt>
      <trkpt lat="39.221512" lon="-77.677254">
        <ele>148.3</ele>
      </trkpt>
      <trkpt lat="39.221512" lon="-77.677353">
        <ele>148.6</ele>
      </trkpt>
      <trkpt lat="39.221508" lon="-77.677452">
        <ele>148.9</ele>
      </trkpt>
      <trkpt lat="39.221508" lon="-77.67755">
        <ele>149.2</ele>
      </trkpt>
      <trkpt lat="39.221504" lon="-77.67765">
        <ele>149.6</ele>
      </trkpt>
      <trkpt lat="39.221504" lon="-77.67775">
        <ele>149.9</ele>
      </trkpt>
      <trkpt lat="39.221497" lon="-77.677849">
        <ele>150.3</ele>
      </trkpt>
      <trkpt lat="39.221497" lon="-77.67794">
        <ele>150.5</ele>
      </trkpt>
      <trkpt lat="39.221497" lon="-77.67804">
        <ele>150.8</ele>
      </trkpt>
      <trkpt lat="39.221497" lon="-77.67813">
        <ele>151.1</ele>
      </trkpt>
      <trkpt lat="39.221489" lon="-77.678215">
        <ele>151.3</ele>
      </trkpt>
      <trkpt lat="39.221474" lon="-77.678299">
        <ele>151.5</ele>
      </trkpt>
      <trkpt lat="39.221438" lon="-77.678375">
        <ele>151.8</ele>
      </trkpt>
      <trkpt lat="39.221393" lon="-77.678421">
        <ele>152.1</ele>
      </trkpt>
      <trkpt lat="39.221333" lon="-77.678451">
        <ele>152.2</ele>
      </trkpt>
      <trkpt lat="39.221272" lon="-77.678467">
        <ele>152.3</ele>
      </trkpt>
      <trkpt lat="39.221214" lon="-77.678467">
        <ele>152.3</ele>
      </trkpt>
      <trkpt lat="39.221153" lon="-77.678467">
        <ele>152.3</ele>
      </trkpt>
      <trkpt lat="39.221096" lon="-77.678467">
        <ele>152.2</ele>
      </trkpt>
      <trkpt lat="39.221039" lon="-77.678467">
        <ele>152.0</ele>
      </trkpt>
      <trkpt lat="39.220978" lon="-77.678467">
        <ele>151.6</ele>
      </trkpt>
      <trkpt lat="39.220921" lon="-77.678459">
        <ele>151.3</ele>
      </trkpt>
      <trkpt lat="39.22086" lon="-77.678451">
        <ele>150.9</ele>
      </trkpt>
      <trkpt lat="39.220802" lon="-77.678451">
        <ele>150.5</ele>
      </trkpt>
      <trkpt lat="39.220737" lon="-77.678444">
        <ele>150.1</ele>
      </trkpt>
      <trkpt lat="39.220676" lon="-77.678444">
        <ele>149.8</ele>
      </trkpt>
      <trkpt lat="39.220619" lon="-77.678444">
        <ele>149.5</ele>
      </trkpt>
      <trkpt lat="39.220562" lon="-77.678436">
        <ele>149.3</ele>
      </trkpt>
      <trkpt lat="39.220505" lon="-77.678436">
        <ele>149.0</ele>
      </trkpt>
      <trkpt lat="39.220451" lon="-77.678429">
        <ele>148.6</ele>
      </trkpt>
      <trkpt lat="39.220394" lon="-77.678421">
        <ele>148.2</ele>
      </trkpt>
      <trkpt lat="39.220337" lon="-77.678421">
        <ele>147.8</ele>
      </trkpt>
      <trkpt lat="39.22028" lon="-77.678429">
        <ele>147.4</ele>
      </trkpt>
      <trkpt lat="39.220222" lon="-77.678444">
        <ele>147.0</ele>
      </trkpt>
      <trkpt lat="39.220165" lon="-77.678467">
        <ele>146.7</ele>
      </trkpt>
      <trkpt lat="39.220116" lon="-77.678528">
        <ele>146.6</ele>
      </trkpt>
      <trkpt lat="39.220085" lon="-77.678604">
        <ele>146.5</ele>
      </trkpt>
      <trkpt lat="39.220078" lon="-77.678687">
        <ele>146.2</ele>
      </trkpt>
      <trkpt lat="39.220093" lon="-77.678787">
        <ele>145.7</ele>
      </trkpt>
      <trkpt lat="39.220112" lon="-77.678894">
        <ele>145.3</ele>
      </trkpt>
      <trkpt lat="39.220139" lon="-77.678993">
        <ele>145.1</ele>
      </trkpt>
      <trkpt lat="39.220161" lon="-77.6791">
        <ele>145.2</ele>
      </trkpt>
      <trkpt lat="39.220184" lon="-77.679207">
        <ele>145.2</ele>
      </trkpt>
      <trkpt lat="39.2202" lon="-77.679329">
        <ele>145.3</ele>
      </trkpt>
      <trkpt lat="39.220219" lon="-77.679443">
        <ele>145.6</ele>
      </trkpt>
      <trkpt lat="39.220249" lon="-77.679558">
        <ele>146.1</ele>
      </trkpt>
      <trkpt lat="39.22028" lon="-77.67968">
        <ele>146.7</ele>
      </trkpt>
      <trkpt lat="39.220306" lon="-77.67981">
        <ele>147.3</ele>
      </trkpt>
      <trkpt lat="39.220325" lon="-77.679924">
        <ele>147.8</ele>
      </trkpt>
      <trkpt lat="39.220348" lon="-77.680038">
        <ele>148.3</ele>
      </trkpt>
      <trkpt lat="39.220371" lon="-77.680145">
        <ele>148.8</ele>
      </trkpt>
      <trkpt lat="39.220394" lon="-77.680252">
        <ele>149.3</ele>
      </trkpt>
      <trkpt lat="39.220413" lon="-77.680359">
        <ele>149.8</ele>
      </trkpt>
      <trkpt lat="39.220436" lon="-77.680466">
        <ele>150.3</ele>
      </trkpt>
      <trkpt lat="39.220455" lon="-77.680573">
        <ele>150.8</ele>
      </trkpt>
      <trkpt lat="39.220474" lon="-77.680679">
        <ele>151.0</ele>
      </trkpt>
      <trkpt lat="39.220497" lon="-77.680786">
        <ele>151.2</ele>
      </trkpt>
      <trkpt lat="39.220516" lon="-77.680893">
        <ele>151.4</ele>
      </trkpt>
      <trkpt lat="39.220539" lon="-77.681006">
        <ele>151.7</ele>
      </trkpt>
      <trkpt lat="39.220557" lon="-77.681113">
        <ele>152.2</ele>
      </trkpt>
      <trkpt lat="39.220581" lon="-77.681229">
        <ele>152.5</ele>
      </trkpt>
      <trkpt lat="39.2206" lon="-77.681343">
        <ele>152.8</ele>
      </trkpt>
      <trkpt lat="39.220623" lon="-77.68145">
        <ele>153.4</ele>
      </trkpt>
      <trkpt lat="39.220646" lon="-77.681557">
        <ele>153.9</ele>
      </trkpt>
      <trkpt lat="39.220664" lon="-77.681664">
        <ele>154.4</ele>
      </trkpt>
      <trkpt lat="39.220684" lon="-77.681763">
        <ele>154.6</ele>
      </trkpt>
      <trkpt lat="39.220703" lon="-77.681862">
        <ele>154.7</ele>
      </trkpt>
      <trkpt lat="39.220722" lon="-77.681961">
        <ele>155.0</ele>
      </trkpt>
      <trkpt lat="39.22074" lon="-77.68206">
        <ele>155.4</ele>
      </trkpt>
      <trkpt lat="39.22076" lon="-77.682152">
        <ele>156.1</ele>
      </trkpt>
      <trkpt lat="39.220779" lon="-77.682243">
        <ele>156.8</ele>
      </trkpt>
      <trkpt lat="39.220798" lon="-77.682335">
        <ele>157.3</ele>
      </trkpt>
      <trkpt lat="39.22081" lon="-77.682419">
        <ele>157.5</ele>
      </trkpt>
      <trkpt lat="39.220825" lon="-77.682509">
        <ele>157.7</ele>
      </trkpt>
      <trkpt lat="39.220844" lon="-77.682594">
        <ele>157.8</ele>
      </trkpt>
      <trkpt lat="39.22086" lon="-77.682671">
        <ele>157.9</ele>
      </trkpt>
      <trkpt lat="39.220878" lon="-77.682762">
        <ele>157.9</ele>
      </trkpt>
      <trkpt lat="39.220894" lon="-77.682846">
        <ele>157.9</ele>
      </trkpt>
      <trkpt lat="39.220913" lon="-77.682922">
        <ele>158.0</ele>
      </trkpt>
      <trkpt lat="39.220928" lon="-77.682999">
        <ele>158.1</ele>
      </trkpt>
      <trkpt lat="39.22094" lon="-77.683075">
        <ele>158.2</ele>
      </trkpt>
      <trkpt lat="39.220954" lon="-77.683151">
        <ele>158.5</ele>
      </trkpt>
      <trkpt lat="39.22097" lon="-77.68322">
        <ele>158.6</ele>
      </trkpt>
      <trkpt lat="39.220989" lon="-77.683296">
        <ele>158.7</ele>
      </trkpt>
      <trkpt lat="39.221001" lon="-77.683365">
        <ele>158.8</ele>
      </trkpt>
      <trkpt lat="39.221016" lon="-77.683441">
        <ele>158.8</ele>
      </trkpt>
      <trkpt lat="39.221027" lon="-77.68351">
        <ele>158.8</ele>
      </trkpt>
      <trkpt lat="39.221043" lon="-77.683578">
        <ele>158.5</ele>
      </trkpt>
      <trkpt lat="39.221058" lon="-77.683646">
        <ele>158.3</ele>
      </trkpt>
      <trkpt lat="39.221077" lon="-77.683708">
        <ele>158.1</ele>
      </trkpt>
      <trkpt lat="39.221088" lon="-77.683777">
        <ele>158.0</ele>
      </trkpt>
      <trkpt lat="39.221107" lon="-77.683838">
        <ele>157.8</ele>
      </trkpt>
      <trkpt lat="39.221115" lon="-77.683899">
        <ele>157.7</ele>
      </trkpt>
      <trkpt lat="39.221119" lon="-77.683952">
        <ele>157.7</ele>
      </trkpt>
      <trkpt lat="39.221115" lon="-77.684006">
        <ele>157.6</ele>
      </trkpt>
      <trkpt lat="39.2211" lon="-77.684059">
        <ele>157.5</ele>
      </trkpt>
      <trkpt lat="39.221077" lon="-77.684097">
        <ele>157.4</ele>
      </trkpt>
      <trkpt lat="39.221039" lon="-77.684128">
        <ele>157.2</ele>
      </trkpt>
      <trkpt lat="39.220996" lon="-77.684158">
        <ele>157.1</ele>
      </trkpt>
      <trkpt lat="39.220943" lon="-77.684189">
        <ele>156.9</ele>
      </trkpt>
      <trkpt lat="39.220886" lon="-77.684212">
        <ele>156.6</ele>
      </trkpt>
      <trkpt lat="39.220829" lon="-77.684227">
        <ele>156.4</ele>
      </trkpt>
      <trkpt lat="39.220764" lon="-77.68425">
        <ele>155.9</ele>
      </trkpt>
      <trkpt lat="39.220707" lon="-77.684273">
        <ele>155.6</ele>
      </trkpt>
      <trkpt lat="39.22065" lon="-77.684288">
        <ele>155.3</ele>
      </trkpt>
      <trkpt lat="39.220592" lon="-77.68431">
        <ele>155.1</ele>
      </trkpt>
      <trkpt lat="39.220531" lon="-77.684334">
        <ele>154.9</ele>
      </trkpt>
      <trkpt lat="39.220474" lon="-77.684357">
        <ele>154.8</ele>
      </trkpt>
      <trkpt lat="39.220413" lon="-77.68438">
        <ele>154.8</ele>
      </trkpt>
      <trkpt lat="39.220348" lon="-77.684402">
        <ele>154.7</ele>
      </trkpt>
      <trkpt lat="39.220284" lon="-77.684433">
        <ele>154.6</ele>
      </trkpt>
      <trkpt lat="39.220215" lon="-77.684456">
        <ele>154.5</ele>
      </trkpt>
      <trkpt lat="39.220149" lon="-77.684479">
        <ele>154.3</ele>
      </trkpt>
      <trkpt lat="39.220089" lon="-77.684502">
        <ele>154.0</ele>
      </trkpt>
      <trkpt lat="39.220036" lon="-77.684517">
        <ele>153.8</ele>
      </trkpt>
      <trkpt lat="39.219975" lon="-77.68454">
        <ele>153.5</ele>
      </trkpt>
      <trkpt lat="39.21991" lon="-77.684563">
        <ele>153.2</ele>
      </trkpt>
      <trkpt lat="39.219845" lon="-77.684586">
        <ele>153.0</ele>
      </trkpt>
      <trkpt lat="39.21978" lon="-77.684608">
        <ele>152.8</ele>
      </trkpt>
      <trkpt lat="39.219715" lon="-77.684631">
        <ele>152.7</ele>
      </trkpt>
      <trkpt lat="39.21965" lon="-77.684662">
        <ele>152.7</ele>
      </trkpt>
      <trkpt lat="39.219589" lon="-77.684676">
        <ele>152.6</ele>
      </trkpt>
      <trkpt lat="39.219524" lon="-77.6847">
        <ele>152.6</ele>
      </trkpt>
      <trkpt lat="39.219463" lon="-77.684723">
        <ele>152.5</ele>
      </trkpt>
      <trkpt lat="39.219406" lon="-77.684746">
        <ele>152.4</ele>
      </trkpt>
      <trkpt lat="39.219353" lon="-77.684769">
        <ele>152.3</ele>
      </trkpt>
      <trkpt lat="39.219292" lon="-77.684783">
        <ele>152.0</ele>
      </trkpt>
      <trkpt lat="39.219234" lon="-77.684799">
        <ele>151.9</ele>
      </trkpt>
      <trkpt lat="39.21917" lon="-77.684822">
        <ele>151.9</ele>
      </trkpt>
      <trkpt lat="39.219105" lon="-77.684837">
        <ele>151.8</ele>
      </trkpt>
      <trkpt lat="39.21904" lon="-77.68486">
        <ele>151.6</ele>
      </trkpt>
      <trkpt lat="39.218979" lon="-77.684883">
        <ele>151.4</ele>
      </trkpt>
      <trkpt lat="39.218914" lon="-77.684906">
        <ele>151.0</ele>
      </trkpt>
      <trkpt lat="39.218845" lon="-77.684937">
        <ele>150.4</ele>
      </trkpt>
      <trkpt lat="39.218777" lon="-77.684967">
        <ele>149.8</ele>
      </trkpt>
      <trkpt lat="39.218708" lon="-77.68499">
        <ele>149.2</ele>
      </trkpt>
      <trkpt lat="39.218635" lon="-77.685013">
        <ele>148.9</ele>
      </trkpt>
      <trkpt lat="39.218559" lon="-77.685051">
        <ele>148.6</ele>
      </trkpt>
      <trkpt lat="39.218483" lon="-77.685074">
        <ele>148.4</ele>
      </trkpt>
      <trkpt lat="39.218403" lon="-77.685112">
        <ele>148.0</ele>
      </trkpt>
      <trkpt lat="39.218319" lon="-77.685143">
        <ele>147.5</ele>
      </trkpt>
      <trkpt lat="39.218231" lon="-77.685173">
        <ele>147.0</ele>
      </trkpt>
      <trkpt lat="39.21814" lon="-77.685204">
        <ele>146.6</ele>
      </trkpt>
      <trkpt lat="39.218052" lon="-77.685234">
        <ele>146.2</ele>
      </trkpt>
      <trkpt lat="39.217953" lon="-77.685272">
        <ele>145.8</ele>
      </trkpt>
      <trkpt lat="39.217857" lon="-77.68531">
        <ele>145.9</ele>
      </trkpt>
      <trkpt lat="39.217758" lon="-77.68534">
        <ele>146.0</ele>
      </trkpt>
      <trkpt lat="39.217663" lon="-77.685364">
        <ele>146.0</ele>
      </trkpt>
      <trkpt lat="39.217556" lon="-77.685417">
        <ele>145.9</ele>
      </trkpt>
      <trkpt lat="39.217445" lon="-77.685471">
        <ele>146.0</ele>
      </trkpt>
      <trkpt lat="39.217339" lon="-77.685509">
        <ele>146.5</ele>
      </trkpt>
      <trkpt lat="39.217228" lon="-77.685554">
        <ele>147.2</ele>
      </trkpt>
      <trkpt lat="39.217121" lon="-77.685585">
        <ele>147.8</ele>
      </trkpt>
      <trkpt lat="39.21701" lon="-77.685623">
        <ele>148.3</ele>
      </trkpt>
      <trkpt lat="39.216892" lon="-77.685684">
        <ele>148.9</ele>
      </trkpt>
      <trkpt lat="39.216782" lon="-77.685722">
        <ele>149.3</ele>
      </trkpt>
      <trkpt lat="39.216675" lon="-77.68576">
        <ele>149.6</ele>
      </trkpt>
      <trkpt lat="39.216564" lon="-77.685806">
        <ele>150.1</ele>
      </trkpt>
      <trkpt lat="39.216457" lon="-77.685844">
        <ele>150.5</ele>
      </trkpt>
      <trkpt lat="39.216351" lon="-77.685883">
        <ele>151.2</ele>
      </trkpt>
      <trkpt lat="39.216251" lon="-77.685905">
        <ele>151.8</ele>
      </trkpt>
      <trkpt lat="39.216147" lon="-77.685951">
        <ele>152.3</ele>
      </trkpt>
      <trkpt lat="39.216038" lon="-77.685989">
        <ele>152.6</ele>
      </trkpt>
      <trkpt lat="39.215935" lon="-77.686027">
        <ele>153.0</ele>
      </trkpt>
      <trkpt lat="39.215815" lon="-77.686081">
        <ele>153.6</ele>
      </trkpt>
      <trkpt lat="39.215702" lon="-77.686119">
        <ele>154.4</ele>
      </trkpt>
      <trkpt lat="39.215576" lon="-77.686165">
        <ele>155.2</ele>
      </trkpt>
      <trkpt lat="39.215469" lon="-77.686203">
        <ele>155.6</ele>
      </trkpt>
      <trkpt lat="39.21537" lon="-77.686241">
        <ele>156.0</ele>
      </trkpt>
      <trkpt lat="39.215279" lon="-77.686279">
        <ele>156.5</ele>
      </trkpt>
      <trkpt lat="39.215195" lon="-77.68631">
        <ele>157.1</ele>
      </trkpt>
      <trkpt lat="39.215111" lon="-77.68634">
        <ele>158.0</ele>
      </trkpt>
      <trkpt lat="39.215027" lon="-77.686378">
        <ele>158.6</ele>
      </trkpt>
      <trkpt lat="39.214947" lon="-77.686409">
        <ele>159.1</ele>
      </trkpt>
      <trkpt lat="39.21487" lon="-77.68644">
        <ele>159.5</ele>
      </trkpt>
      <trkpt lat="39.214794" lon="-77.68647">
        <ele>160.0</ele>
      </trkpt>
      <trkpt lat="39.214722" lon="-77.686493">
        <ele>160.5</ele>
      </trkpt>
      <trkpt lat="39.214645" lon="-77.686522">
        <ele>161.1</ele>
      </trkpt>
      <trkpt lat="39.214584" lon="-77.686546">
        <ele>161.4</ele>
      </trkpt>
      <trkpt lat="39.214531" lon="-77.686562">
        <ele>161.6</ele>
      </trkpt>
      <trkpt lat="39.214478" lon="-77.686584">
        <ele>161.7</ele>
      </trkpt>
      <trkpt lat="39.214419" lon="-77.686607">
        <ele>161.8</ele>
      </trkpt>
      <trkpt lat="39.214363" lon="-77.686629">
        <ele>161.9</ele>
      </trkpt>
      <trkpt lat="39.214302" lon="-77.686646">
        <ele>161.8</ele>
      </trkpt>
      <trkpt lat="39.214241" lon="-77.686668">
        <ele>161.8</ele>
      </trkpt>
      <trkpt lat="39.21418" lon="-77.686691">
        <ele>161.8</ele>
      </trkpt>
      <trkpt lat="39.214123" lon="-77.686714">
        <ele>161.8</ele>
      </trkpt>
      <trkpt lat="39.214062" lon="-77.686736">
        <ele>161.8</ele>
      </trkpt>
      <trkpt lat="39.214005" lon="-77.686768">
        <ele>161.7</ele>
      </trkpt>
      <trkpt lat="39.213947" lon="-77.68679">
        <ele>161.7</ele>
      </trkpt>
      <trkpt lat="39.213886" lon="-77.686806">
        <ele>161.6</ele>
      </trkpt>
      <trkpt lat="39.213825" lon="-77.686829">
        <ele>161.6</ele>
      </trkpt>
      <trkpt lat="39.21376" lon="-77.686852">
        <ele>161.6</ele>
      </trkpt>
      <trkpt lat="39.213696" lon="-77.686874">
        <ele>161.6</ele>
      </trkpt>
      <trkpt lat="39.213631" lon="-77.686897">
        <ele>161.6</ele>
      </trkpt>
      <trkpt lat="39.213566" lon="-77.68692">
        <ele>161.6</ele>
      </trkpt>
      <trkpt lat="39.213505" lon="-77.686943">
        <ele>161.7</ele>
      </trkpt>
      <trkpt lat="39.213444" lon="-77.686966">
        <ele>161.7</ele>
      </trkpt>
      <trkpt lat="39.213383" lon="-77.686995">
        <ele>161.8</ele>
      </trkpt>
      <trkpt lat="39.213322" lon="-77.687019">
        <ele>162.0</ele>
      </trkpt>
      <trkpt lat="39.213264" lon="-77.687042">
        <ele>162.2</ele>
      </trkpt>
      <trkpt lat="39.213207" lon="-77.687057">
        <ele>162.3</ele>
      </trkpt>
      <trkpt lat="39.213146" lon="-77.68708">
        <ele>162.5</ele>
      </trkpt>
      <trkpt lat="39.213093" lon="-77.687102">
        <ele>162.7</ele>
      </trkpt>
      <trkpt lat="39.213036" lon="-77.687126">
        <ele>162.8</ele>
      </trkpt>
      <trkpt lat="39.212981" lon="-77.687141">
        <ele>163.0</ele>
      </trkpt>
      <trkpt lat="39.212929" lon="-77.687164">
        <ele>163.1</ele>
      </trkpt>
      <trkpt lat="39.212879" lon="-77.687187">
        <ele>163.2</ele>
      </trkpt>
      <trkpt lat="39.212826" lon="-77.687202">
        <ele>163.4</ele>
      </trkpt>
      <trkpt lat="39.212772" lon="-77.687225">
        <ele>163.4</ele>
      </trkpt>
      <trkpt lat="39.212719" lon="-77.687241">
        <ele>163.5</ele>
      </trkpt>
      <trkpt lat="39.212669" lon="-77.687256">
        <ele>163.6</ele>
      </trkpt>
      <trkpt lat="39.212616" lon="-77.687279">
        <ele>163.6</ele>
      </trkpt>
      <trkpt lat="39.212566" lon="-77.687294">
        <ele>163.6</ele>
      </trkpt>
      <trkpt lat="39.212517" lon="-77.687316">
        <ele>163.5</ele>
      </trkpt>
      <trkpt lat="39.212466" lon="-77.687332">
        <ele>163.5</ele>
      </trkpt>
      <trkpt lat="39.212414" lon="-77.687355">
        <ele>163.4</ele>
      </trkpt>
      <trkpt lat="39.212359" lon="-77.68737">
        <ele>163.3</ele>
      </trkpt>
      <trkpt lat="39.212307" lon="-77.687386">
        <ele>163.1</ele>
      </trkpt>
      <trkpt lat="39.212261" lon="-77.687408">
        <ele>163.0</ele>
      </trkpt>
      <trkpt lat="39.212207" lon="-77.687431">
        <ele>162.8</ele>
      </trkpt>
      <trkpt lat="39.212154" lon="-77.687447">
        <ele>162.6</ele>
      </trkpt>
      <trkpt lat="39.2121" lon="-77.687468">
        <ele>162.4</ele>
      </trkpt>
      <trkpt lat="39.212048" lon="-77.687485">
        <ele>162.2</ele>
      </trkpt>
      <trkpt lat="39.211994" lon="-77.687507">
        <ele>162.0</ele>
      </trkpt>
      <trkpt lat="39.211941" lon="-77.687523">
        <ele>161.8</ele>
      </trkpt>
      <trkpt lat="39.211887" lon="-77.687546">
        <ele>161.7</ele>
      </trkpt>
      <trkpt lat="39.211834" lon="-77.687561">
        <ele>161.6</ele>
      </trkpt>
      <trkpt lat="39.211781" lon="-77.687584">
        <ele>161.5</ele>
      </trkpt>
      <trkpt lat="39.211727" lon="-77.687607">
        <ele>161.5</ele>
      </trkpt>
      <trkpt lat="39.211674" lon="-77.68763">
        <ele>161.4</ele>
      </trkpt>
      <trkpt lat="39.21162" lon="-77.687645">
        <ele>161.3</ele>
      </trkpt>
      <trkpt lat="39.211571" lon="-77.687659">
        <ele>161.3</ele>
      </trkpt>
      <trkpt lat="39.211521" lon="-77.687683">
        <ele>161.3</ele>
      </trkpt>
      <trkpt lat="39.211468" lon="-77.687698">
        <ele>161.3</ele>
      </trkpt>
      <trkpt lat="39.211418" lon="-77.687721">
        <ele>161.3</ele>
      </trkpt>
      <trkpt lat="39.211369" lon="-77.687737">
        <ele>161.3</ele>
      </trkpt>
      <trkpt lat="39.211323" lon="-77.687759">
        <ele>161.3</ele>
      </trkpt>
      <trkpt lat="39.211273" lon="-77.687775">
        <ele>161.3</ele>
      </trkpt>
      <trkpt lat="39.211227" lon="-77.687798">
        <ele>161.3</ele>
      </trkpt>
      <trkpt lat="39.211177" lon="-77.687813">
        <ele>161.3</ele>
      </trkpt>
      <trkpt lat="39.211132" lon="-77.687828">
        <ele>161.3</ele>
      </trkpt>
      <trkpt lat="39.211082" lon="-77.687843">
        <ele>161.2</ele>
      </trkpt>
      <trkpt lat="39.211037" lon="-77.687866">
        <ele>161.1</ele>
      </trkpt>
      <trkpt lat="39.210991" lon="-77.687881">
        <ele>161.0</ele>
      </trkpt>
      <trkpt lat="39.210941" lon="-77.687897">
        <ele>160.9</ele>
      </trkpt>
      <trkpt lat="39.210896" lon="-77.68792">
        <ele>160.7</ele>
      </trkpt>
      <trkpt lat="39.210845" lon="-77.687935">
        <ele>160.5</ele>
      </trkpt>
      <trkpt lat="39.210796" lon="-77.687958">
        <ele>160.3</ele>
      </trkpt>
      <trkpt lat="39.210751" lon="-77.687973">
        <ele>160.1</ele>
      </trkpt>
      <trkpt lat="39.210701" lon="-77.687996">
        <ele>160.0</ele>
      </trkpt>
      <trkpt lat="39.210648" lon="-77.688011">
        <ele>159.8</ele>
      </trkpt>
      <trkpt lat="39.210598" lon="-77.688025">
        <ele>159.6</ele>
      </trkpt>
      <trkpt lat="39.210548" lon="-77.688049">
        <ele>159.5</ele>
      </trkpt>
      <trkpt lat="39.210499" lon="-77.688065">
        <ele>159.3</ele>
      </trkpt>
      <trkpt lat="39.210448" lon="-77.688087">
        <ele>159.2</ele>
      </trkpt>
      <trkpt lat="39.210396" lon="-77.68811">
        <ele>159.1</ele>
      </trkpt>
      <trkpt lat="39.210346" lon="-77.688132">
        <ele>159.0</ele>
      </trkpt>
      <trkpt lat="39.210297" lon="-77.688148">
        <ele>158.9</ele>
      </trkpt>
      <trkpt lat="39.210247" lon="-77.688171">
        <ele>158.9</ele>
      </trkpt>
      <trkpt lat="39.210201" lon="-77.688187">
        <ele>158.8</ele>
      </trkpt>
      <trkpt lat="39.210152" lon="-77.68821">
        <ele>158.7</ele>
      </trkpt>
      <trkpt lat="39.210106" lon="-77.688225">
        <ele>158.6</ele>
      </trkpt>
      <trkpt lat="39.210052" lon="-77.688248">
        <ele>158.4</ele>
      </trkpt>
      <trkpt lat="39.209999" lon="-77.688263">
        <ele>158.2</ele>
      </trkpt>
      <trkpt lat="39.209949" lon="-77.688286">
        <ele>158.1</ele>
      </trkpt>
      <trkpt lat="39.209892" lon="-77.688309">
        <ele>158.0</ele>
      </trkpt>
      <trkpt lat="39.209835" lon="-77.688332">
        <ele>157.9</ele>
      </trkpt>
      <trkpt lat="39.209778" lon="-77.688354">
        <ele>157.8</ele>
      </trkpt>
      <trkpt lat="39.209724" lon="-77.688377">
        <ele>157.7</ele>
      </trkpt>
      <trkpt lat="39.209663" lon="-77.6884">
        <ele>157.6</ele>
      </trkpt>
      <trkpt lat="39.209606" lon="-77.688431">
        <ele>157.5</ele>
      </trkpt>
      <trkpt lat="39.209553" lon="-77.688461">
        <ele>157.4</ele>
      </trkpt>
      <trkpt lat="39.209492" lon="-77.688484">
        <ele>157.3</ele>
      </trkpt>
      <trkpt lat="39.209435" lon="-77.688515">
        <ele>157.1</ele>
      </trkpt>
      <trkpt lat="39.209381" lon="-77.688538">
        <ele>157.0</ele>
      </trkpt>
      <trkpt lat="39.20932" lon="-77.68856">
        <ele>156.8</ele>
      </trkpt>
      <trkpt lat="39.209259" lon="-77.688591">
        <ele>156.5</ele>
      </trkpt>
      <trkpt lat="39.209198" lon="-77.688614">
        <ele>156.3</ele>
      </trkpt>
      <trkpt lat="39.209141" lon="-77.688637">
        <ele>156.0</ele>
      </trkpt>
      <trkpt lat="39.209084" lon="-77.68866">
        <ele>155.8</ele>
      </trkpt>
      <trkpt lat="39.209023" lon="-77.688675">
        <ele>155.6</ele>
      </trkpt>
      <trkpt lat="39.208961" lon="-77.688698">
        <ele>155.3</ele>
      </trkpt>
      <trkpt lat="39.2089" lon="-77.688721">
        <ele>155.1</ele>
      </trkpt>
      <trkpt lat="39.208839" lon="-77.688744">
        <ele>154.9</ele>
      </trkpt>
      <trkpt lat="39.208782" lon="-77.688759">
        <ele>154.7</ele>
      </trkpt>
      <trkpt lat="39.208721" lon="-77.688782">
        <ele>154.5</ele>
      </trkpt>
      <trkpt lat="39.20866" lon="-77.688796">
        <ele>154.4</ele>
      </trkpt>
      <trkpt lat="39.208591" lon="-77.68882">
        <ele>154.2</ele>
      </trkpt>
      <trkpt lat="39.208523" lon="-77.688843">
        <ele>154.2</ele>
      </trkpt>
      <trkpt lat="39.208454" lon="-77.688873">
        <ele>154.1</ele>
      </trkpt>
      <trkpt lat="39.208382" lon="-77.688889">
        <ele>153.9</ele>
      </trkpt>
      <trkpt lat="39.208309" lon="-77.688911">
        <ele>153.8</ele>
      </trkpt>
      <trkpt lat="39.208233" lon="-77.688934">
        <ele>153.6</ele>
      </trkpt>
      <trkpt lat="39.208163" lon="-77.688957">
        <ele>153.4</ele>
      </trkpt>
      <trkpt lat="39.208096" lon="-77.68898">
        <ele>153.2</ele>
      </trkpt>
      <trkpt lat="39.208015" lon="-77.689003">
        <ele>152.9</ele>
      </trkpt>
      <trkpt lat="39.207924" lon="-77.689049">
        <ele>152.6</ele>
      </trkpt>
      <trkpt lat="39.207828" lon="-77.689095">
        <ele>152.1</ele>
      </trkpt>
      <trkpt lat="39.207733" lon="-77.68914">
        <ele>151.5</ele>
      </trkpt>
      <trkpt lat="39.207642" lon="-77.689171">
        <ele>151.0</ele>
      </trkpt>
      <trkpt lat="39.207541" lon="-77.689209">
        <ele>150.7</ele>
      </trkpt>
      <trkpt lat="39.207439" lon="-77.689247">
        <ele>150.6</ele>
      </trkpt>
      <trkpt lat="39.207336" lon="-77.689293">
        <ele>150.6</ele>
      </trkpt>
      <trkpt lat="39.207233" lon="-77.689331">
        <ele>150.7</ele>
      </trkpt>
      <trkpt lat="39.20713" lon="-77.689362">
        <ele>150.8</ele>
      </trkpt>
      <trkpt lat="39.207023" lon="-77.6894">
        <ele>151.0</ele>
      </trkpt>
      <trkpt lat="39.206917" lon="-77.689438">
        <ele>151.3</ele>
      </trkpt>
      <trkpt lat="39.206798" lon="-77.689483">
        <ele>151.7</ele>
      </trkpt>
      <trkpt lat="39.206696" lon="-77.689522">
        <ele>152.3</ele>
      </trkpt>
      <trkpt lat="39.206589" lon="-77.689568">
        <ele>153.2</ele>
      </trkpt>
      <trkpt lat="39.206482" lon="-77.689606">
        <ele>154.1</ele>
      </trkpt>
      <trkpt lat="39.206371" lon="-77.689651">
        <ele>155.1</ele>
      </trkpt>
      <trkpt lat="39.206268" lon="-77.68969">
        <ele>155.9</ele>
      </trkpt>
      <trkpt lat="39.206169" lon="-77.689728">
        <ele>156.7</ele>
      </trkpt>
      <trkpt lat="39.206062" lon="-77.689766">
        <ele>157.3</ele>
      </trkpt>
      <trkpt lat="39.205959" lon="-77.689804">
        <ele>157.9</ele>
      </trkpt>
      <trkpt lat="39.20586" lon="-77.68985">
        <ele>158.8</ele>
      </trkpt>
      <trkpt lat="39.205761" lon="-77.68988">
        <ele>160.0</ele>
      </trkpt>
      <trkpt lat="39.205669" lon="-77.689919">
        <ele>160.7</ele>
      </trkpt>
      <trkpt lat="39.205582" lon="-77.689957">
        <ele>161.1</ele>
      </trkpt>
      <trkpt lat="39.205498" lon="-77.689987">
        <ele>161.4</ele>
      </trkpt>
      <trkpt lat="39.20541" lon="-77.690025">
        <ele>161.6</ele>
      </trkpt>
      <trkpt lat="39.205329" lon="-77.690056">
        <ele>161.9</ele>
      </trkpt>
      <trkpt lat="39.20525" lon="-77.690079">
        <ele>162.1</ele>
      </trkpt>
      <trkpt lat="39.20517" lon="-77.690109">
        <ele>162.2</ele>
      </trkpt>
      <trkpt lat="39.20509" lon="-77.69014">
        <ele>162.4</ele>
      </trkpt>
      <trkpt lat="39.205013" lon="-77.69017">
        <ele>162.6</ele>
      </trkpt>
      <trkpt lat="39.204937" lon="-77.690201">
        <ele>162.8</ele>
      </trkpt>
      <trkpt lat="39.204856" lon="-77.690231">
        <ele>162.9</ele>
      </trkpt>
      <trkpt lat="39.20478" lon="-77.690262">
        <ele>163.1</ele>
      </trkpt>
      <trkpt lat="39.2047" lon="-77.690299">
        <ele>163.3</ele>
      </trkpt>
      <trkpt lat="39.204628" lon="-77.690323">
        <ele>163.5</ele>
      </trkpt>
      <trkpt lat="39.204548" lon="-77.690353">
        <ele>163.6</ele>
      </trkpt>
      <trkpt lat="39.204472" lon="-77.690384">
        <ele>163.8</ele>
      </trkpt>
      <trkpt lat="39.204391" lon="-77.690422">
        <ele>164.0</ele>
      </trkpt>
      <trkpt lat="39.204315" lon="-77.690445">
        <ele>164.2</ele>
      </trkpt>
      <trkpt lat="39.204243" lon="-77.690468">
        <ele>164.3</ele>
      </trkpt>
      <trkpt lat="39.204174" lon="-77.690498">
        <ele>164.4</ele>
      </trkpt>
      <trkpt lat="39.204102" lon="-77.690529">
        <ele>164.5</ele>
      </trkpt>
      <trkpt lat="39.204033" lon="-77.690558">
        <ele>164.6</ele>
      </trkpt>
      <trkpt lat="39.203964" lon="-77.69059">
        <ele>164.6</ele>
      </trkpt>
      <trkpt lat="39.203896" lon="-77.69062">
        <ele>164.6</ele>
      </trkpt>
      <trkpt lat="39.203826" lon="-77.690643">
        <ele>164.6</ele>
      </trkpt>
      <trkpt lat="39.203754" lon="-77.690674">
        <ele>164.6</ele>
      </trkpt>
      <trkpt lat="39.203686" lon="-77.690697">
        <ele>164.5</ele>
      </trkpt>
      <trkpt lat="39.203617" lon="-77.690727">
        <ele>164.3</ele>
      </trkpt>
      <trkpt lat="39.203548" lon="-77.69075">
        <ele>164.2</ele>
      </trkpt>
      <trkpt lat="39.203476" lon="-77.690781">
        <ele>164.0</ele>
      </trkpt>
      <trkpt lat="39.203407" lon="-77.690811">
        <ele>163.8</ele>
      </trkpt>
      <trkpt lat="39.203335" lon="-77.690842">
        <ele>163.6</ele>
      </trkpt>
      <trkpt lat="39.203266" lon="-77.690865">
        <ele>163.4</ele>
      </trkpt>
      <trkpt lat="39.203194" lon="-77.690895">
        <ele>163.1</ele>
      </trkpt>
      <trkpt lat="39.203121" lon="-77.690918">
        <ele>162.9</ele>
      </trkpt>
      <trkpt lat="39.203045" lon="-77.690948">
        <ele>162.6</ele>
      </trkpt>
      <trkpt lat="39.202969" lon="-77.690979">
        <ele>162.2</ele>
      </trkpt>
      <trkpt lat="39.202892" lon="-77.691002">
        <ele>161.9</ele>
      </trkpt>
      <trkpt lat="39.202812" lon="-77.69104">
        <ele>161.5</ele>
      </trkpt>
      <trkpt lat="39.20274" lon="-77.691063">
        <ele>161.2</ele>
      </trkpt>
      <trkpt lat="39.202656" lon="-77.691093">
        <ele>160.9</ele>
      </trkpt>
      <trkpt lat="39.202576" lon="-77.691124">
        <ele>160.6</ele>
      </trkpt>
      <trkpt lat="39.202499" lon="-77.691147">
        <ele>160.4</ele>
      </trkpt>
      <trkpt lat="39.202419" lon="-77.691177">
        <ele>160.2</ele>
      </trkpt>
      <trkpt lat="39.202343" lon="-77.691216">
        <ele>160.1</ele>
      </trkpt>
      <trkpt lat="39.202263" lon="-77.691254">
        <ele>160.0</ele>
      </trkpt>
      <trkpt lat="39.202183" lon="-77.691284">
        <ele>159.9</ele>
      </trkpt>
      <trkpt lat="39.202103" lon="-77.691322">
        <ele>159.9</ele>
      </trkpt>
      <trkpt lat="39.202025" lon="-77.691353">
        <ele>159.8</ele>
      </trkpt>
      <trkpt lat="39.201946" lon="-77.691391">
        <ele>159.8</ele>
      </trkpt>
      <trkpt lat="39.201862" lon="-77.691422">
        <ele>159.8</ele>
      </trkpt>
      <trkpt lat="39.201778" lon="-77.69146">
        <ele>159.8</ele>
      </trkpt>
      <trkpt lat="39.201694" lon="-77.691483">
        <ele>159.9</ele>
      </trkpt>
      <trkpt lat="39.201611" lon="-77.691521">
        <ele>160.0</ele>
      </trkpt>
      <trkpt lat="39.201527" lon="-77.691543">
        <ele>160.1</ele>
      </trkpt>
      <trkpt lat="39.201443" lon="-77.691574">
        <ele>160.3</ele>
      </trkpt>
      <trkpt lat="39.201358" lon="-77.691605">
        <ele>160.5</ele>
      </trkpt>
      <trkpt lat="39.201279" lon="-77.691635">
        <ele>160.7</ele>
      </trkpt>
      <trkpt lat="39.201199" lon="-77.691673">
        <ele>161.0</ele>
      </trkpt>
      <trkpt lat="39.201126" lon="-77.691695">
        <ele>161.2</ele>
      </trkpt>
      <trkpt lat="39.201054" lon="-77.691727">
        <ele>161.4</ele>
      </trkpt>
      <trkpt lat="39.200981" lon="-77.691757">
        <ele>161.5</ele>
      </trkpt>
      <trkpt lat="39.200909" lon="-77.69178">
        <ele>161.5</ele>
      </trkpt>
      <trkpt lat="39.200836" lon="-77.691802">
        <ele>161.6</ele>
      </trkpt>
      <trkpt lat="39.20076" lon="-77.691826">
        <ele>161.6</ele>
      </trkpt>
      <trkpt lat="39.200687" lon="-77.691849">
        <ele>161.7</ele>
      </trkpt>
      <trkpt lat="39.200611" lon="-77.691879">
        <ele>161.8</ele>
      </trkpt>
      <trkpt lat="39.200539" lon="-77.691909">
        <ele>162.0</ele>
      </trkpt>
      <trkpt lat="39.200466" lon="-77.691933">
        <ele>162.0</ele>
      </trkpt>
      <trkpt lat="39.200394" lon="-77.691963">
        <ele>162.1</ele>
      </trkpt>
      <trkpt lat="39.200321" lon="-77.691993">
        <ele>162.1</ele>
      </trkpt>
      <trkpt lat="39.200252" lon="-77.692017">
        <ele>162.1</ele>
      </trkpt>
      <trkpt lat="39.200188" lon="-77.692039">
        <ele>162.0</ele>
      </trkpt>
      <trkpt lat="39.200123" lon="-77.692055">
        <ele>161.9</ele>
      </trkpt>
      <trkpt lat="39.200054" lon="-77.692078">
        <ele>161.8</ele>
      </trkpt>
      <trkpt lat="39.199989" lon="-77.6921">
        <ele>161.7</ele>
      </trkpt>
      <trkpt lat="39.199921" lon="-77.692123">
        <ele>161.5</ele>
      </trkpt>
      <trkpt lat="39.19986" lon="-77.692145">
        <ele>161.3</ele>
      </trkpt>
      <trkpt lat="39.199791" lon="-77.692169">
        <ele>161.2</ele>
      </trkpt>
      <trkpt lat="39.199726" lon="-77.692192">
        <ele>161.2</ele>
      </trkpt>
      <trkpt lat="39.199657" lon="-77.692215">
        <ele>161.1</ele>
      </trkpt>
      <trkpt lat="39.199593" lon="-77.692238">
        <ele>160.9</ele>
      </trkpt>
      <trkpt lat="39.199528" lon="-77.692261">
        <ele>160.8</ele>
      </trkpt>
      <trkpt lat="39.199459" lon="-77.692291">
        <ele>160.7</ele>
      </trkpt>
      <trkpt lat="39.199387" lon="-77.692314">
        <ele>160.6</ele>
      </trkpt>
      <trkpt lat="39.199318" lon="-77.692345">
        <ele>160.5</ele>
      </trkpt>
      <trkpt lat="39.199245" lon="-77.692368">
        <ele>160.4</ele>
      </trkpt>
      <trkpt lat="39.199173" lon="-77.692398">
        <ele>160.2</ele>
      </trkpt>
      <trkpt lat="39.1991" lon="-77.692421">
        <ele>160.0</ele>
      </trkpt>
      <trkpt lat="39.199024" lon="-77.692444">
        <ele>159.8</ele>
      </trkpt>
      <trkpt lat="39.198956" lon="-77.692474">
        <ele>159.6</ele>
      </trkpt>
      <trkpt lat="39.198879" lon="-77.692497">
        <ele>159.4</ele>
      </trkpt>
      <trkpt lat="39.198799" lon="-77.692528">
        <ele>159.1</ele>
      </trkpt>
      <trkpt lat="39.198727" lon="-77.692551">
        <ele>158.9</ele>
      </trkpt>
      <trkpt lat="39.19865" lon="-77.692573">
        <ele>158.6</ele>
      </trkpt>
      <trkpt lat="39.198578" lon="-77.692596">
        <ele>158.4</ele>
      </trkpt>
      <trkpt lat="39.198498" lon="-77.692635">
        <ele>158.2</ele>
      </trkpt>
      <trkpt lat="39.198429" lon="-77.692657">
        <ele>157.9</ele>
      </trkpt>
      <trkpt lat="39.198345" lon="-77.692688">
        <ele>157.6</ele>
      </trkpt>
      <trkpt lat="39.198273" lon="-77.692711">
        <ele>157.3</ele>
      </trkpt>
      <trkpt lat="39.1982" lon="-77.692734">
        <ele>156.9</ele>
      </trkpt>
      <trkpt lat="39.198127" lon="-77.692757">
        <ele>156.6</ele>
      </trkpt>
      <trkpt lat="39.198048" lon="-77.692787">
        <ele>156.2</ele>
      </trkpt>
      <trkpt lat="39.197968" lon="-77.692825">
        <ele>155.8</ele>
      </trkpt>
      <trkpt lat="39.197899" lon="-77.692848">
        <ele>155.8</ele>
      </trkpt>
      <trkpt lat="39.197826" lon="-77.692871">
        <ele>155.9</ele>
      </trkpt>
      <trkpt lat="39.197754" lon="-77.692894">
        <ele>156.0</ele>
      </trkpt>
      <trkpt lat="39.197681" lon="-77.692917">
        <ele>156.1</ele>
      </trkpt>
      <trkpt lat="39.197609" lon="-77.692947">
        <ele>156.2</ele>
      </trkpt>
      <trkpt lat="39.197536" lon="-77.692978">
        <ele>156.3</ele>
      </trkpt>
      <trkpt lat="39.197468" lon="-77.693001">
        <ele>156.3</ele>
      </trkpt>
      <trkpt lat="39.197395" lon="-77.693024">
        <ele>156.4</ele>
      </trkpt>
      <trkpt lat="39.197319" lon="-77.693054">
        <ele>156.5</ele>
      </trkpt>
      <trkpt lat="39.197249" lon="-77.693077">
        <ele>156.5</ele>
      </trkpt>
      <trkpt lat="39.197178" lon="-77.6931">
        <ele>156.5</ele>
      </trkpt>
      <trkpt lat="39.197105" lon="-77.693115">
        <ele>156.5</ele>
      </trkpt>
      <trkpt lat="39.197029" lon="-77.693138">
        <ele>156.4</ele>
      </trkpt>
      <trkpt lat="39.19696" lon="-77.693161">
        <ele>156.3</ele>
      </trkpt>
      <trkpt lat="39.196884" lon="-77.693192">
        <ele>156.2</ele>
      </trkpt>
      <trkpt lat="39.196812" lon="-77.693222">
        <ele>156.1</ele>
      </trkpt>
      <trkpt lat="39.196739" lon="-77.69326">
        <ele>156.0</ele>
      </trkpt>
      <trkpt lat="39.196674" lon="-77.693282">
        <ele>155.9</ele>
      </trkpt>
      <trkpt lat="39.196602" lon="-77.693306">
        <ele>155.7</ele>
      </trkpt>
      <trkpt lat="39.196522" lon="-77.693336">
        <ele>155.6</ele>
      </trkpt>
      <trkpt lat="39.196449" lon="-77.693359">
        <ele>155.5</ele>
      </trkpt>
      <trkpt lat="39.196369" lon="-77.693382">
        <ele>155.3</ele>
      </trkpt>
      <trkpt lat="39.196289" lon="-77.693413">
        <ele>155.2</ele>
      </trkpt>
      <trkpt lat="39.196209" lon="-77.693443">
        <ele>155.1</ele>
      </trkpt>
      <trkpt lat="39.196121" lon="-77.693481">
        <ele>154.7</ele>
      </trkpt>
      <trkpt lat="39.19603" lon="-77.693512">
        <ele>153.8</ele>
      </trkpt>
      <trkpt lat="39.195938" lon="-77.693541">
        <ele>153.0</ele>
      </trkpt>
      <trkpt lat="39.195858" lon="-77.693573">
        <ele>152.9</ele>
      </trkpt>
      <trkpt lat="39.195774" lon="-77.693603">
        <ele>153.1</ele>
      </trkpt>
      <trkpt lat="39.19569" lon="-77.693634">
        <ele>153.6</ele>
      </trkpt>
      <trkpt lat="39.195602" lon="-77.693665">
        <ele>154.2</ele>
      </trkpt>
      <trkpt lat="39.195515" lon="-77.693695">
        <ele>154.8</ele>
      </trkpt>
      <trkpt lat="39.195431" lon="-77.693726">
        <ele>155.2</ele>
      </trkpt>
      <trkpt lat="39.195343" lon="-77.693755">
        <ele>155.5</ele>
      </trkpt>
      <trkpt lat="39.195259" lon="-77.693787">
        <ele>155.7</ele>
      </trkpt>
      <trkpt lat="39.195171" lon="-77.693817">
        <ele>155.9</ele>
      </trkpt>
      <trkpt lat="39.195087" lon="-77.693848">
        <ele>156.2</ele>
      </trkpt>
      <trkpt lat="39.195006" lon="-77.693878">
        <ele>156.5</ele>
      </trkpt>
      <trkpt lat="39.194923" lon="-77.693916">
        <ele>156.8</ele>
      </trkpt>
      <trkpt lat="39.194843" lon="-77.693947">
        <ele>157.1</ele>
      </trkpt>
      <trkpt lat="39.194763" lon="-77.693969">
        <ele>157.4</ele>
      </trkpt>
      <trkpt lat="39.194683" lon="-77.694">
        <ele>157.7</ele>
      </trkpt>
      <trkpt lat="39.194607" lon="-77.694031">
        <ele>158.0</ele>
      </trkpt>
      <trkpt lat="39.194527" lon="-77.694054">
        <ele>158.3</ele>
      </trkpt>
      <trkpt lat="39.194454" lon="-77.694084">
        <ele>158.5</ele>
      </trkpt>
      <trkpt lat="39.194378" lon="-77.694107">
        <ele>158.7</ele>
      </trkpt>
      <trkpt lat="39.194302" lon="-77.694138">
        <ele>158.8</ele>
      </trkpt>
      <trkpt lat="39.194229" lon="-77.69416">
        <ele>159.0</ele>
      </trkpt>
      <trkpt lat="39.194153" lon="-77.694191">
        <ele>159.1</ele>
      </trkpt>
      <trkpt lat="39.194077" lon="-77.694214">
        <ele>159.3</ele>
      </trkpt>
      <trkpt lat="39.194004" lon="-77.694237">
        <ele>159.5</ele>
      </trkpt>
      <trkpt lat="39.193931" lon="-77.694267">
        <ele>159.7</ele>
      </trkpt>
      <trkpt lat="39.193859" lon="-77.69429">
        <ele>159.8</ele>
      </trkpt>
      <trkpt lat="39.19379" lon="-77.694312">
        <ele>160.0</ele>
      </trkpt>
      <trkpt lat="39.193714" lon="-77.694344">
        <ele>160.2</ele>
      </trkpt>
      <trkpt lat="39.193641" lon="-77.694366">
        <ele>160.4</ele>
      </trkpt>
      <trkpt lat="39.193573" lon="-77.694389">
        <ele>160.5</ele>
      </trkpt>
      <trkpt lat="39.193497" lon="-77.694419">
        <ele>160.7</ele>
      </trkpt>
      <trkpt lat="39.193424" lon="-77.694443">
        <ele>160.8</ele>
      </trkpt>
      <trkpt lat="39.193348" lon="-77.694473">
        <ele>161.0</ele>
      </trkpt>
      <trkpt lat="39.193278" lon="-77.694496">
        <ele>161.2</ele>
      </trkpt>
      <trkpt lat="39.193211" lon="-77.694526">
        <ele>161.3</ele>
      </trkpt>
      <trkpt lat="39.193142" lon="-77.69455">
        <ele>161.5</ele>
      </trkpt>
      <trkpt lat="39.193077" lon="-77.694571">
        <ele>161.7</ele>
      </trkpt>
      <trkpt lat="39.193016" lon="-77.694595">
        <ele>161.8</ele>
      </trkpt>
      <trkpt lat="39.192951" lon="-77.694618">
        <ele>161.9</ele>
      </trkpt>
      <trkpt lat="39.19289" lon="-77.694641">
        <ele>162.0</ele>
      </trkpt>
      <trkpt lat="39.192829" lon="-77.694656">
        <ele>162.0</ele>
      </trkpt>
      <trkpt lat="39.192763" lon="-77.694678">
        <ele>162.1</ele>
      </trkpt>
      <trkpt lat="39.192703" lon="-77.694702">
        <ele>162.0</ele>
      </trkpt>
      <trkpt lat="39.192642" lon="-77.694725">
        <ele>162.0</ele>
      </trkpt>
      <trkpt lat="39.19258" lon="-77.694748">
        <ele>161.9</ele>
      </trkpt>
      <trkpt lat="39.192516" lon="-77.694771">
        <ele>161.8</ele>
      </trkpt>
      <trkpt lat="39.192451" lon="-77.694785">
        <ele>161.7</ele>
      </trkpt>
      <trkpt lat="39.19239" lon="-77.694809">
        <ele>161.5</ele>
      </trkpt>
      <trkpt lat="39.192326" lon="-77.694832">
        <ele>161.3</ele>
      </trkpt>
      <trkpt lat="39.192261" lon="-77.694855">
        <ele>161.2</ele>
      </trkpt>
      <trkpt lat="39.192196" lon="-77.694878">
        <ele>161.1</ele>
      </trkpt>
      <trkpt lat="39.192131" lon="-77.694901">
        <ele>161.0</ele>
      </trkpt>
      <trkpt lat="39.192065" lon="-77.694923">
        <ele>160.9</ele>
      </trkpt>
      <trkpt lat="39.192005" lon="-77.694946">
        <ele>160.8</ele>
      </trkpt>
      <trkpt lat="39.191944" lon="-77.694962">
        <ele>160.8</ele>
      </trkpt>
      <trkpt lat="39.191879" lon="-77.694984">
        <ele>160.8</ele>
      </trkpt>
      <trkpt lat="39.191818" lon="-77.695015">
        <ele>160.8</ele>
      </trkpt>
      <trkpt lat="39.191757" lon="-77.695038">
        <ele>160.9</ele>
      </trkpt>
      <trkpt lat="39.191696" lon="-77.695053">
        <ele>161.0</ele>
      </trkpt>
      <trkpt lat="39.191639" lon="-77.695076">
        <ele>161.1</ele>
      </trkpt>
      <trkpt lat="39.191581" lon="-77.695099">
        <ele>161.3</ele>
      </trkpt>
      <trkpt lat="39.191525" lon="-77.695114">
        <ele>161.4</ele>
      </trkpt>
      <trkpt lat="39.191471" lon="-77.695137">
        <ele>161.6</ele>
      </trkpt>
      <trkpt lat="39.191418" lon="-77.69516">
        <ele>161.8</ele>
      </trkpt>
      <trkpt lat="39.191368" lon="-77.695175">
        <ele>161.9</ele>
      </trkpt>
      <trkpt lat="39.191319" lon="-77.695198">
        <ele>162.0</ele>
      </trkpt>
      <trkpt lat="39.191269" lon="-77.695213">
        <ele>162.1</ele>
      </trkpt>
      <trkpt lat="39.191218" lon="-77.695229">
        <ele>162.1</ele>
      </trkpt>
      <trkpt lat="39.191173" lon="-77.695251">
        <ele>162.1</ele>
      </trkpt>
      <trkpt lat="39.191124" lon="-77.695267">
        <ele>162.1</ele>
      </trkpt>
      <trkpt lat="39.191074" lon="-77.695282">
        <ele>162.0</ele>
      </trkpt>
      <trkpt lat="39.191029" lon="-77.695297">
        <ele>162.0</ele>
      </trkpt>
      <trkpt lat="39.190979" lon="-77.695312">
        <ele>161.9</ele>
      </trkpt>
      <trkpt lat="39.190928" lon="-77.695328">
        <ele>161.8</ele>
      </trkpt>
      <trkpt lat="39.190876" lon="-77.695351">
        <ele>161.6</ele>
      </trkpt>
      <trkpt lat="39.190826" lon="-77.695366">
        <ele>161.4</ele>
      </trkpt>
      <trkpt lat="39.190773" lon="-77.695389">
        <ele>161.3</ele>
      </trkpt>
      <trkpt lat="39.19072" lon="-77.695412">
        <ele>161.2</ele>
      </trkpt>
      <trkpt lat="39.190666" lon="-77.695435">
        <ele>161.1</ele>
      </trkpt>
      <trkpt lat="39.190617" lon="-77.695465">
        <ele>161.0</ele>
      </trkpt>
      <trkpt lat="39.190563" lon="-77.69548">
        <ele>160.9</ele>
      </trkpt>
      <trkpt lat="39.19051" lon="-77.695496">
        <ele>160.8</ele>
      </trkpt>
      <trkpt lat="39.19046" lon="-77.695518">
        <ele>160.7</ele>
      </trkpt>
      <trkpt lat="39.190407" lon="-77.695534">
        <ele>160.6</ele>
      </trkpt>
      <trkpt lat="39.190357" lon="-77.695556">
        <ele>160.5</ele>
      </trkpt>
      <trkpt lat="39.1903" lon="-77.695572">
        <ele>160.3</ele>
      </trkpt>
      <trkpt lat="39.190254" lon="-77.695595">
        <ele>160.1</ele>
      </trkpt>
      <trkpt lat="39.190201" lon="-77.69561">
        <ele>159.9</ele>
      </trkpt>
      <trkpt lat="39.190151" lon="-77.695633">
        <ele>159.7</ele>
      </trkpt>
      <trkpt lat="39.190102" lon="-77.695648">
        <ele>159.5</ele>
      </trkpt>
      <trkpt lat="39.190048" lon="-77.695663">
        <ele>159.2</ele>
      </trkpt>
      <trkpt lat="39.189999" lon="-77.695686">
        <ele>158.9</ele>
      </trkpt>
      <trkpt lat="39.189945" lon="-77.695702">
        <ele>158.6</ele>
      </trkpt>
      <trkpt lat="39.189896" lon="-77.695724">
        <ele>158.3</ele>
      </trkpt>
      <trkpt lat="39.189846" lon="-77.69574">
        <ele>158.1</ele>
      </trkpt>
      <trkpt lat="39.189793" lon="-77.695763">
        <ele>158.0</ele>
      </trkpt>
      <trkpt lat="39.189739" lon="-77.695778">
        <ele>157.9</ele>
      </trkpt>
      <trkpt lat="39.189693" lon="-77.695793">
        <ele>157.9</ele>
      </trkpt>
      <trkpt lat="39.189644" lon="-77.695808">
        <ele>157.9</ele>
      </trkpt>
      <trkpt lat="39.189594" lon="-77.695831">
        <ele>157.8</ele>
      </trkpt>
      <trkpt lat="39.189541" lon="-77.695847">
        <ele>157.8</ele>
      </trkpt>
      <trkpt lat="39.18949" lon="-77.695862">
        <ele>157.8</ele>
      </trkpt>
      <trkpt lat="39.189445" lon="-77.695877">
        <ele>157.7</ele>
      </trkpt>
      <trkpt lat="39.189396" lon="-77.695892">
        <ele>157.6</ele>
      </trkpt>
      <trkpt lat="39.189342" lon="-77.695908">
        <ele>157.6</ele>
      </trkpt>
      <trkpt lat="39.189293" lon="-77.695922">
        <ele>157.4</ele>
      </trkpt>
      <trkpt lat="39.189247" lon="-77.695938">
        <ele>157.3</ele>
      </trkpt>
      <trkpt lat="39.189198" lon="-77.695953">
        <ele>157.1</ele>
      </trkpt>
      <trkpt lat="39.189152" lon="-77.695969">
        <ele>157.0</ele>
      </trkpt>
      <trkpt lat="39.189106" lon="-77.695976">
        <ele>156.9</ele>
      </trkpt>
      <trkpt lat="39.18906" lon="-77.695992">
        <ele>156.7</ele>
      </trkpt>
      <trkpt lat="39.189014" lon="-77.695999">
        <ele>156.6</ele>
      </trkpt>
      <trkpt lat="39.188965" lon="-77.696007">
        <ele>156.4</ele>
      </trkpt>
      <trkpt lat="39.188923" lon="-77.696022">
        <ele>156.3</ele>
      </trkpt>
      <trkpt lat="39.188877" lon="-77.696022">
        <ele>156.2</ele>
      </trkpt>
      <trkpt lat="39.188839" lon="-77.696029">
        <ele>156.0</ele>
      </trkpt>
      <trkpt lat="39.188816" lon="-77.696029">
        <ele>155.9</ele>
      </trkpt>
      <trkpt lat="39.188797" lon="-77.696037">
        <ele>155.8</ele>
      </trkpt>
      <trkpt lat="39.188782" lon="-77.696053">
        <ele>155.7</ele>
      </trkpt>
      <trkpt lat="39.188778" lon="-77.696053">
        <ele>155.7</ele>
      </trkpt>
      <trkpt lat="39.188778" lon="-77.696053">
        <ele>155.7</ele>
      </trkpt>
      <trkpt lat="39.188778" lon="-77.696053">
        <ele>155.7</ele>
      </trkpt>
      <trkpt lat="39.188778" lon="-77.696053">
        <ele>155.7</ele>
      </trkpt>
      <trkpt lat="39.188778" lon="-77.696053">
        <ele>155.7</ele>
      </trkpt>
      <trkpt lat="39.188778" lon="-77.696053">
        <ele>155.7</ele>
      </trkpt>
      <trkpt lat="39.18877" lon="-77.696045">
        <ele>155.7</ele>
      </trkpt>
      <trkpt lat="39.188763" lon="-77.696045">
        <ele>155.7</ele>
      </trkpt>
      <trkpt lat="39.188747" lon="-77.696053">
        <ele>155.6</ele>
      </trkpt>
      <trkpt lat="39.188736" lon="-77.69606">
        <ele>155.5</ele>
      </trkpt>
      <trkpt lat="39.188725" lon="-77.696068">
        <ele>155.5</ele>
      </trkpt>
      <trkpt lat="39.188705" lon="-77.696074">
        <ele>155.3</ele>
      </trkpt>
      <trkpt lat="39.188686" lon="-77.696091">
        <ele>155.2</ele>
      </trkpt>
      <trkpt lat="39.188663" lon="-77.696098">
        <ele>155.1</ele>
      </trkpt>
      <trkpt lat="39.18864" lon="-77.696114">
        <ele>155.0</ele>
      </trkpt>
      <trkpt lat="39.188614" lon="-77.696129">
        <ele>154.9</ele>
      </trkpt>
      <trkpt lat="39.18858" lon="-77.696136">
        <ele>154.8</ele>
      </trkpt>
      <trkpt lat="39.188545" lon="-77.696152">
        <ele>154.7</ele>
      </trkpt>
      <trkpt lat="39.188511" lon="-77.696159">
        <ele>154.6</ele>
      </trkpt>
      <trkpt lat="39.18848" lon="-77.696175">
        <ele>154.5</ele>
      </trkpt>
      <trkpt lat="39.18845" lon="-77.69619">
        <ele>154.4</ele>
      </trkpt>
      <trkpt lat="39.188419" lon="-77.696198">
        <ele>154.3</ele>
      </trkpt>
      <trkpt lat="39.188389" lon="-77.696213">
        <ele>154.2</ele>
      </trkpt>
      <trkpt lat="39.188353" lon="-77.69622">
        <ele>154.1</ele>
      </trkpt>
      <trkpt lat="39.188324" lon="-77.696228">
        <ele>154.0</ele>
      </trkpt>
      <trkpt lat="39.188293" lon="-77.696243">
        <ele>153.9</ele>
      </trkpt>
      <trkpt lat="39.188267" lon="-77.696266">
        <ele>153.7</ele>
      </trkpt>
      <trkpt lat="39.188248" lon="-77.696288">
        <ele>153.6</ele>
      </trkpt>
      <trkpt lat="39.18824" lon="-77.696312">
        <ele>153.5</ele>
      </trkpt>
      <trkpt lat="39.188244" lon="-77.696342">
        <ele>153.4</ele>
      </trkpt>
      <trkpt lat="39.188248" lon="-77.696373">
        <ele>153.4</ele>
      </trkpt>
      <trkpt lat="39.188263" lon="-77.696404">
        <ele>153.3</ele>
      </trkpt>
      <trkpt lat="39.188282" lon="-77.696434">
        <ele>153.3</ele>
      </trkpt>
      <trkpt lat="39.188305" lon="-77.696457">
        <ele>153.4</ele>
      </trkpt>
      <trkpt lat="39.188335" lon="-77.696479">
        <ele>153.5</ele>
      </trkpt>
      <trkpt lat="39.188362" lon="-77.696495">
        <ele>153.6</ele>
      </trkpt>
      <trkpt lat="39.188515" lon="-77.696571">
        <ele>154.0</ele>
      </trkpt>
      <trkpt lat="39.188503" lon="-77.696571">
        <ele>154.0</ele>
      </trkpt>
      <trkpt lat="39.188491" lon="-77.696571">
        <ele>153.9</ele>
      </trkpt>
      <trkpt lat="39.18848" lon="-77.696564">
        <ele>153.9</ele>
      </trkpt>
      <trkpt lat="39.188465" lon="-77.696564">
        <ele>153.8</ele>
      </trkpt>
      <trkpt lat="39.188454" lon="-77.696564">
        <ele>153.8</ele>
      </trkpt>
      <trkpt lat="39.188442" lon="-77.696564">
        <ele>153.8</ele>
      </trkpt>
      <trkpt lat="39.188431" lon="-77.696556">
        <ele>153.7</ele>
      </trkpt>
      <trkpt lat="39.188423" lon="-77.696548">
        <ele>153.7</ele>
      </trkpt>
      <trkpt lat="39.188412" lon="-77.696541">
        <ele>153.7</ele>
      </trkpt>
      <trkpt lat="39.188396" lon="-77.696533">
        <ele>153.6</ele>
      </trkpt>
      <trkpt lat="39.188381" lon="-77.696526">
        <ele>153.6</ele>
      </trkpt>
      <trkpt lat="39.18837" lon="-77.696518">
        <ele>153.5</ele>
      </trkpt>
      <trkpt lat="39.188353" lon="-77.696503">
        <ele>153.5</ele>
      </trkpt>
      <trkpt lat="39.188339" lon="-77.696495">
        <ele>153.5</ele>
      </trkpt>
      <trkpt lat="39.188324" lon="-77.696479">
        <ele>153.4</ele>
      </trkpt>
      <trkpt lat="39.188305" lon="-77.696472">
        <ele>153.4</ele>
      </trkpt>
      <trkpt lat="39.188286" lon="-77.696457">
        <ele>153.3</ele>
      </trkpt>
      <trkpt lat="39.188267" lon="-77.696434">
        <ele>153.3</ele>
      </trkpt>
      <trkpt lat="39.188251" lon="-77.696419">
        <ele>153.3</ele>
      </trkpt>
      <trkpt lat="39.188232" lon="-77.696395">
        <ele>153.2</ele>
      </trkpt>
      <trkpt lat="39.188221" lon="-77.696373">
        <ele>153.3</ele>
      </trkpt>
      <trkpt lat="39.188206" lon="-77.696358">
        <ele>153.3</ele>
      </trkpt>
      <trkpt lat="39.188179" lon="-77.696335">
        <ele>153.2</ele>
      </trkpt>
      <trkpt lat="39.188145" lon="-77.696327">
        <ele>153.1</ele>
      </trkpt>
      <trkpt lat="39.18811" lon="-77.696327">
        <ele>152.9</ele>
      </trkpt>
      <trkpt lat="39.188076" lon="-77.696335">
        <ele>152.7</ele>
      </trkpt>
      <trkpt lat="39.188042" lon="-77.696342">
        <ele>152.5</ele>
      </trkpt>
      <trkpt lat="39.188007" lon="-77.69635">
        <ele>152.3</ele>
      </trkpt>
      <trkpt lat="39.187969" lon="-77.696365">
        <ele>152.1</ele>
      </trkpt>
      <trkpt lat="39.187931" lon="-77.696381">
        <ele>151.9</ele>
      </trkpt>
      <trkpt lat="39.187897" lon="-77.696395">
        <ele>151.8</ele>
      </trkpt>
      <trkpt lat="39.187859" lon="-77.696411">
        <ele>151.7</ele>
      </trkpt>
      <trkpt lat="39.18782" lon="-77.696426">
        <ele>151.6</ele>
      </trkpt>
      <trkpt lat="39.187782" lon="-77.696434">
        <ele>151.5</ele>
      </trkpt>
      <trkpt lat="39.18774" lon="-77.696449">
        <ele>151.5</ele>
      </trkpt>
      <trkpt lat="39.187698" lon="-77.696465">
        <ele>151.4</ele>
      </trkpt>
      <trkpt lat="39.18766" lon="-77.696479">
        <ele>151.3</ele>
      </trkpt>
      <trkpt lat="39.187622" lon="-77.696503">
        <ele>151.2</ele>
      </trkpt>
      <trkpt lat="39.187576" lon="-77.696518">
        <ele>151.1</ele>
      </trkpt>
      <trkpt lat="39.187534" lon="-77.696533">
        <ele>151.0</ele>
      </trkpt>
      <trkpt lat="39.187492" lon="-77.696548">
        <ele>150.9</ele>
      </trkpt>
      <trkpt lat="39.18745" lon="-77.696564">
        <ele>150.9</ele>
      </trkpt>
      <trkpt lat="39.187408" lon="-77.696579">
        <ele>150.9</ele>
      </trkpt>
      <trkpt lat="39.187363" lon="-77.696602">
        <ele>150.8</ele>
      </trkpt>
      <trkpt lat="39.187317" lon="-77.696617">
        <ele>150.8</ele>
      </trkpt>
      <trkpt lat="39.187267" lon="-77.69664">
        <ele>150.7</ele>
      </trkpt>
      <trkpt lat="39.187225" lon="-77.696655">
        <ele>150.7</ele>
      </trkpt>
      <trkpt lat="39.187183" lon="-77.696671">
        <ele>150.7</ele>
      </trkpt>
      <trkpt lat="39.187138" lon="-77.696686">
        <ele>150.6</ele>
      </trkpt>
      <trkpt lat="39.187084" lon="-77.696709">
        <ele>150.6</ele>
      </trkpt>
      <trkpt lat="39.187046" lon="-77.696724">
        <ele>150.5</ele>
      </trkpt>
      <trkpt lat="39.187004" lon="-77.696738">
        <ele>150.3</ele>
      </trkpt>
      <trkpt lat="39.186958" lon="-77.696762">
        <ele>150.1</ele>
      </trkpt>
      <trkpt lat="39.186912" lon="-77.696785">
        <ele>149.8</ele>
      </trkpt>
      <trkpt lat="39.186863" lon="-77.6968">
        <ele>149.6</ele>
      </trkpt>
      <trkpt lat="39.186817" lon="-77.696823">
        <ele>149.3</ele>
      </trkpt>
      <trkpt lat="39.186768" lon="-77.696838">
        <ele>149.0</ele>
      </trkpt>
      <trkpt lat="39.186726" lon="-77.696854">
        <ele>148.9</ele>
      </trkpt>
      <trkpt lat="39.18668" lon="-77.696869">
        <ele>148.8</ele>
      </trkpt>
      <trkpt lat="39.186634" lon="-77.696892">
        <ele>148.7</ele>
      </trkpt>
      <trkpt lat="39.186584" lon="-77.696907">
        <ele>148.7</ele>
      </trkpt>
      <trkpt lat="39.186535" lon="-77.696922">
        <ele>148.7</ele>
      </trkpt>
      <trkpt lat="39.186489" lon="-77.696938">
        <ele>148.6</ele>
      </trkpt>
      <trkpt lat="39.186443" lon="-77.696952">
        <ele>148.6</ele>
      </trkpt>
      <trkpt lat="39.186394" lon="-77.696968">
        <ele>148.6</ele>
      </trkpt>
      <trkpt lat="39.186352" lon="-77.696991">
        <ele>148.6</ele>
      </trkpt>
      <trkpt lat="39.186302" lon="-77.697014">
        <ele>148.5</ele>
      </trkpt>
      <trkpt lat="39.186256" lon="-77.697029">
        <ele>148.5</ele>
      </trkpt>
      <trkpt lat="39.186207" lon="-77.697052">
        <ele>148.4</ele>
      </trkpt>
      <trkpt lat="39.18615" lon="-77.697075">
        <ele>148.2</ele>
      </trkpt>
      <trkpt lat="39.186104" lon="-77.69709">
        <ele>148.0</ele>
      </trkpt>
      <trkpt lat="39.18605" lon="-77.697113">
        <ele>147.5</ele>
      </trkpt>
      <trkpt lat="39.185997" lon="-77.697136">
        <ele>147.1</ele>
      </trkpt>
      <trkpt lat="39.185947" lon="-77.697159">
        <ele>146.6</ele>
      </trkpt>
      <trkpt lat="39.185894" lon="-77.697174">
        <ele>146.2</ele>
      </trkpt>
      <trkpt lat="39.185841" lon="-77.697189">
        <ele>145.8</ele>
      </trkpt>
      <trkpt lat="39.185787" lon="-77.697211">
        <ele>145.7</ele>
      </trkpt>
      <trkpt lat="39.185733" lon="-77.697235">
        <ele>145.6</ele>
      </trkpt>
      <trkpt lat="39.185673" lon="-77.697258">
        <ele>145.6</ele>
      </trkpt>
      <trkpt lat="39.185616" lon="-77.697281">
        <ele>145.5</ele>
      </trkpt>
      <trkpt lat="39.185555" lon="-77.697311">
        <ele>145.3</ele>
      </trkpt>
      <trkpt lat="39.18549" lon="-77.697334">
        <ele>144.5</ele>
      </trkpt>
      <trkpt lat="39.185425" lon="-77.697357">
        <ele>143.5</ele>
      </trkpt>
      <trkpt lat="39.185364" lon="-77.69738">
        <ele>142.7</ele>
      </trkpt>
      <trkpt lat="39.185299" lon="-77.697395">
        <ele>142.4</ele>
      </trkpt>
      <trkpt lat="39.18523" lon="-77.697418">
        <ele>142.2</ele>
      </trkpt>
      <trkpt lat="39.185165" lon="-77.697441">
        <ele>141.9</ele>
      </trkpt>
      <trkpt lat="39.185097" lon="-77.697472">
        <ele>141.1</ele>
      </trkpt>
      <trkpt lat="39.185024" lon="-77.697495">
        <ele>140.3</ele>
      </trkpt>
      <trkpt lat="39.184944" lon="-77.697533">
        <ele>139.6</ele>
      </trkpt>
      <trkpt lat="39.184875" lon="-77.697556">
        <ele>139.4</ele>
      </trkpt>
      <trkpt lat="39.184803" lon="-77.697577">
        <ele>139.2</ele>
      </trkpt>
      <trkpt lat="39.184727" lon="-77.697609">
        <ele>139.0</ele>
      </trkpt>
      <trkpt lat="39.18465" lon="-77.697639">
        <ele>138.6</ele>
      </trkpt>
      <trkpt lat="39.184574" lon="-77.69767">
        <ele>138.2</ele>
      </trkpt>
      <trkpt lat="39.184494" lon="-77.697693">
        <ele>137.8</ele>
      </trkpt>
      <trkpt lat="39.184402" lon="-77.697731">
        <ele>137.4</ele>
      </trkpt>
      <trkpt lat="39.184311" lon="-77.697754">
        <ele>137.2</ele>
      </trkpt>
      <trkpt lat="39.184219" lon="-77.697792">
        <ele>137.0</ele>
      </trkpt>
      <trkpt lat="39.184113" lon="-77.69783">
        <ele>136.9</ele>
      </trkpt>
      <trkpt lat="39.184013" lon="-77.697861">
        <ele>136.8</ele>
      </trkpt>
      <trkpt lat="39.18391" lon="-77.697906">
        <ele>136.6</ele>
      </trkpt>
      <trkpt lat="39.183804" lon="-77.697937">
        <ele>135.7</ele>
      </trkpt>
      <trkpt lat="39.183704" lon="-77.697968">
        <ele>134.6</ele>
      </trkpt>
      <trkpt lat="39.183601" lon="-77.697998">
        <ele>135.2</ele>
      </trkpt>
      <trkpt lat="39.183498" lon="-77.698029">
        <ele>136.6</ele>
      </trkpt>
      <trkpt lat="39.183407" lon="-77.698067">
        <ele>138.6</ele>
      </trkpt>
      <trkpt lat="39.183315" lon="-77.698105">
        <ele>140.8</ele>
      </trkpt>
      <trkpt lat="39.18322" lon="-77.698134">
        <ele>142.8</ele>
      </trkpt>
      <trkpt lat="39.183121" lon="-77.698181">
        <ele>144.5</ele>
      </trkpt>
      <trkpt lat="39.183048" lon="-77.698212">
        <ele>145.5</ele>
      </trkpt>
      <trkpt lat="39.182961" lon="-77.698235">
        <ele>146.3</ele>
      </trkpt>
      <trkpt lat="39.182873" lon="-77.698257">
        <ele>146.7</ele>
      </trkpt>
      <trkpt lat="39.182789" lon="-77.698288">
        <ele>146.9</ele>
      </trkpt>
      <trkpt lat="39.182705" lon="-77.698318">
        <ele>147.1</ele>
      </trkpt>
      <trkpt lat="39.182625" lon="-77.698348">
        <ele>147.4</ele>
      </trkpt>
      <trkpt lat="39.182537" lon="-77.698387">
        <ele>147.7</ele>
      </trkpt>
      <trkpt lat="39.182465" lon="-77.698418">
        <ele>148.0</ele>
      </trkpt>
      <trkpt lat="39.182384" lon="-77.698448">
        <ele>148.2</ele>
      </trkpt>
      <trkpt lat="39.182312" lon="-77.698486">
        <ele>148.5</ele>
      </trkpt>
      <trkpt lat="39.182232" lon="-77.698524">
        <ele>149.0</ele>
      </trkpt>
      <trkpt lat="39.182159" lon="-77.698547">
        <ele>149.2</ele>
      </trkpt>
      <trkpt lat="39.182091" lon="-77.698578">
        <ele>149.5</ele>
      </trkpt>
      <trkpt lat="39.182014" lon="-77.698607">
        <ele>149.8</ele>
      </trkpt>
      <trkpt lat="39.181946" lon="-77.698639">
        <ele>150.1</ele>
      </trkpt>
      <trkpt lat="39.181877" lon="-77.698662">
        <ele>150.4</ele>
      </trkpt>
      <trkpt lat="39.181805" lon="-77.698692">
        <ele>150.7</ele>
      </trkpt>
      <trkpt lat="39.181736" lon="-77.698723">
        <ele>150.9</ele>
      </trkpt>
      <trkpt lat="39.181667" lon="-77.698753">
        <ele>151.1</ele>
      </trkpt>
      <trkpt lat="39.181583" lon="-77.698784">
        <ele>151.4</ele>
      </trkpt>
      <trkpt lat="39.181519" lon="-77.698807">
        <ele>151.6</ele>
      </trkpt>
      <trkpt lat="39.18145" lon="-77.69883">
        <ele>151.8</ele>
      </trkpt>
      <trkpt lat="39.181377" lon="-77.698853">
        <ele>152.1</ele>
      </trkpt>
      <trkpt lat="39.181301" lon="-77.698883">
        <ele>152.5</ele>
      </trkpt>
      <trkpt lat="39.181225" lon="-77.698914">
        <ele>152.9</ele>
      </trkpt>
      <trkpt lat="39.181156" lon="-77.698936">
        <ele>153.2</ele>
      </trkpt>
      <trkpt lat="39.181087" lon="-77.698959">
        <ele>153.6</ele>
      </trkpt>
      <trkpt lat="39.181015" lon="-77.69899">
        <ele>154.0</ele>
      </trkpt>
      <trkpt lat="39.180946" lon="-77.699012">
        <ele>154.3</ele>
      </trkpt>
      <trkpt lat="39.180881" lon="-77.699036">
        <ele>154.6</ele>
      </trkpt>
      <trkpt lat="39.180813" lon="-77.699059">
        <ele>154.9</ele>
      </trkpt>
      <trkpt lat="39.180752" lon="-77.699081">
        <ele>155.1</ele>
      </trkpt>
      <trkpt lat="39.180687" lon="-77.699097">
        <ele>155.2</ele>
      </trkpt>
      <trkpt lat="39.180625" lon="-77.699119">
        <ele>155.3</ele>
      </trkpt>
      <trkpt lat="39.180565" lon="-77.699142">
        <ele>155.4</ele>
      </trkpt>
      <trkpt lat="39.180511" lon="-77.699164">
        <ele>155.4</ele>
      </trkpt>
      <trkpt lat="39.180466" lon="-77.699188">
        <ele>155.5</ele>
      </trkpt>
      <trkpt lat="39.18042" lon="-77.699211">
        <ele>155.4</ele>
      </trkpt>
      <trkpt lat="39.180374" lon="-77.699242">
        <ele>155.4</ele>
      </trkpt>
      <trkpt lat="39.180313" lon="-77.699265">
        <ele>155.3</ele>
      </trkpt>
      <trkpt lat="39.180259" lon="-77.699295">
        <ele>155.2</ele>
      </trkpt>
      <trkpt lat="39.180199" lon="-77.699318">
        <ele>155.1</ele>
      </trkpt>
      <trkpt lat="39.180134" lon="-77.699341">
        <ele>155.0</ele>
      </trkpt>
      <trkpt lat="39.180069" lon="-77.699364">
        <ele>154.8</ele>
      </trkpt>
      <trkpt lat="39.180003" lon="-77.699387">
        <ele>154.6</ele>
      </trkpt>
      <trkpt lat="39.179939" lon="-77.699409">
        <ele>154.6</ele>
      </trkpt>
      <trkpt lat="39.179871" lon="-77.699432">
        <ele>154.7</ele>
      </trkpt>
      <trkpt lat="39.179802" lon="-77.699455">
        <ele>155.0</ele>
      </trkpt>
      <trkpt lat="39.179733" lon="-77.699478">
        <ele>155.2</ele>
      </trkpt>
      <trkpt lat="39.179665" lon="-77.699501">
        <ele>155.3</ele>
      </trkpt>
      <trkpt lat="39.179595" lon="-77.699524">
        <ele>155.5</ele>
      </trkpt>
      <trkpt lat="39.179527" lon="-77.699547">
        <ele>155.6</ele>
      </trkpt>
      <trkpt lat="39.179462" lon="-77.699562">
        <ele>155.8</ele>
      </trkpt>
      <trkpt lat="39.179401" lon="-77.699577">
        <ele>155.9</ele>
      </trkpt>
      <trkpt lat="39.17934" lon="-77.6996">
        <ele>156.0</ele>
      </trkpt>
      <trkpt lat="39.179279" lon="-77.699615">
        <ele>156.1</ele>
      </trkpt>
      <trkpt lat="39.179214" lon="-77.699637">
        <ele>156.2</ele>
      </trkpt>
      <trkpt lat="39.179153" lon="-77.699654">
        <ele>156.2</ele>
      </trkpt>
      <trkpt lat="39.179092" lon="-77.699677">
        <ele>156.3</ele>
      </trkpt>
      <trkpt lat="39.179028" lon="-77.699692">
        <ele>156.4</ele>
      </trkpt>
      <trkpt lat="39.178978" lon="-77.699715">
        <ele>156.4</ele>
      </trkpt>
      <trkpt lat="39.178921" lon="-77.699738">
        <ele>156.4</ele>
      </trkpt>
      <trkpt lat="39.178864" lon="-77.69976">
        <ele>156.4</ele>
      </trkpt>
      <trkpt lat="39.178802" lon="-77.699776">
        <ele>156.5</ele>
      </trkpt>
      <trkpt lat="39.178745" lon="-77.699799">
        <ele>156.5</ele>
      </trkpt>
      <trkpt lat="39.178683" lon="-77.699821">
        <ele>156.5</ele>
      </trkpt>
      <trkpt lat="39.178619" lon="-77.699844">
        <ele>156.5</ele>
      </trkpt>
      <trkpt lat="39.178555" lon="-77.69986">
        <ele>156.5</ele>
      </trkpt>
      <trkpt lat="39.178489" lon="-77.699875">
        <ele>156.6</ele>
      </trkpt>
      <trkpt lat="39.178421" lon="-77.69989">
        <ele>156.8</ele>
      </trkpt>
      <trkpt lat="39.178351" lon="-77.699905">
        <ele>156.9</ele>
      </trkpt>
      <trkpt lat="39.178288" lon="-77.699928">
        <ele>157.0</ele>
      </trkpt>
      <trkpt lat="39.178226" lon="-77.699951">
        <ele>157.2</ele>
      </trkpt>
      <trkpt lat="39.178165" lon="-77.699982">
        <ele>157.4</ele>
      </trkpt>
      <trkpt lat="39.178104" lon="-77.699997">
        <ele>157.6</ele>
      </trkpt>
      <trkpt lat="39.178043" lon="-77.70002">
        <ele>157.9</ele>
      </trkpt>
      <trkpt lat="39.177979" lon="-77.700042">
        <ele>158.1</ele>
      </trkpt>
      <trkpt lat="39.177914" lon="-77.700058">
        <ele>158.3</ele>
      </trkpt>
      <trkpt lat="39.177849" lon="-77.700081">
        <ele>158.5</ele>
      </trkpt>
      <trkpt lat="39.177776" lon="-77.700104">
        <ele>158.7</ele>
      </trkpt>
      <trkpt lat="39.177719" lon="-77.700119">
        <ele>158.9</ele>
      </trkpt>
      <trkpt lat="39.177658" lon="-77.700142">
        <ele>159.1</ele>
      </trkpt>
      <trkpt lat="39.177601" lon="-77.700157">
        <ele>159.3</ele>
      </trkpt>
      <trkpt lat="39.177544" lon="-77.70018">
        <ele>159.4</ele>
      </trkpt>
      <trkpt lat="39.177486" lon="-77.700194">
        <ele>159.6</ele>
      </trkpt>
      <trkpt lat="39.177437" lon="-77.700211">
        <ele>159.7</ele>
      </trkpt>
      <trkpt lat="39.177383" lon="-77.700226">
        <ele>159.9</ele>
      </trkpt>
      <trkpt lat="39.177334" lon="-77.700249">
        <ele>160.0</ele>
      </trkpt>
      <trkpt lat="39.177284" lon="-77.700256">
        <ele>160.1</ele>
      </trkpt>
      <trkpt lat="39.177231" lon="-77.700272">
        <ele>160.2</ele>
      </trkpt>
      <trkpt lat="39.177181" lon="-77.700294">
        <ele>160.3</ele>
      </trkpt>
      <trkpt lat="39.177132" lon="-77.70031">
        <ele>160.3</ele>
      </trkpt>
      <trkpt lat="39.177078" lon="-77.700333">
        <ele>160.4</ele>
      </trkpt>
      <trkpt lat="39.177031" lon="-77.700348">
        <ele>160.4</ele>
      </trkpt>
      <trkpt lat="39.176983" lon="-77.700363">
        <ele>160.4</ele>
      </trkpt>
      <trkpt lat="39.176933" lon="-77.700378">
        <ele>160.4</ele>
      </trkpt>
      <trkpt lat="39.176888" lon="-77.700394">
        <ele>160.4</ele>
      </trkpt>
      <trkpt lat="39.176842" lon="-77.700401">
        <ele>160.4</ele>
      </trkpt>
      <trkpt lat="39.176796" lon="-77.700417">
        <ele>160.3</ele>
      </trkpt>
      <trkpt lat="39.176739" lon="-77.700432">
        <ele>160.2</ele>
      </trkpt>
      <trkpt lat="39.176697" lon="-77.700439">
        <ele>160.2</ele>
      </trkpt>
      <trkpt lat="39.176651" lon="-77.700455">
        <ele>160.1</ele>
      </trkpt>
      <trkpt lat="39.176598" lon="-77.70047">
        <ele>160.0</ele>
      </trkpt>
      <trkpt lat="39.176547" lon="-77.700485">
        <ele>159.9</ele>
      </trkpt>
      <trkpt lat="39.176498" lon="-77.7005">
        <ele>159.8</ele>
      </trkpt>
      <trkpt lat="39.176453" lon="-77.700515">
        <ele>159.7</ele>
      </trkpt>
      <trkpt lat="39.176399" lon="-77.700531">
        <ele>159.6</ele>
      </trkpt>
      <trkpt lat="39.17635" lon="-77.700546">
        <ele>159.4</ele>
      </trkpt>
      <trkpt lat="39.176296" lon="-77.700562">
        <ele>159.3</ele>
      </trkpt>
      <trkpt lat="39.176246" lon="-77.700577">
        <ele>159.2</ele>
      </trkpt>
      <trkpt lat="39.176193" lon="-77.700592">
        <ele>159.1</ele>
      </trkpt>
      <trkpt lat="39.176139" lon="-77.700615">
        <ele>159.0</ele>
      </trkpt>
      <trkpt lat="39.176086" lon="-77.70063">
        <ele>158.9</ele>
      </trkpt>
      <trkpt lat="39.176032" lon="-77.700645">
        <ele>158.8</ele>
      </trkpt>
      <trkpt lat="39.175976" lon="-77.700667">
        <ele>158.7</ele>
      </trkpt>
      <trkpt lat="39.175922" lon="-77.700684">
        <ele>158.6</ele>
      </trkpt>
      <trkpt lat="39.175869" lon="-77.700699">
        <ele>158.5</ele>
      </trkpt>
      <trkpt lat="39.175812" lon="-77.700722">
        <ele>158.3</ele>
      </trkpt>
      <trkpt lat="39.175755" lon="-77.700737">
        <ele>158.2</ele>
      </trkpt>
      <trkpt lat="39.175694" lon="-77.70076">
        <ele>158.1</ele>
      </trkpt>
      <trkpt lat="39.17564" lon="-77.700774">
        <ele>158.0</ele>
      </trkpt>
      <trkpt lat="39.175583" lon="-77.700798">
        <ele>157.8</ele>
      </trkpt>
      <trkpt lat="39.175526" lon="-77.700821">
        <ele>157.6</ele>
      </trkpt>
      <trkpt lat="39.175468" lon="-77.700844">
        <ele>157.4</ele>
      </trkpt>
      <trkpt lat="39.17541" lon="-77.700867">
        <ele>157.2</ele>
      </trkpt>
      <trkpt lat="39.175358" lon="-77.700897">
        <ele>157.0</ele>
      </trkpt>
      <trkpt lat="39.175301" lon="-77.700935">
        <ele>156.8</ele>
      </trkpt>
      <trkpt lat="39.175243" lon="-77.700981">
        <ele>156.6</ele>
      </trkpt>
      <trkpt lat="39.17519" lon="-77.701027">
        <ele>156.5</ele>
      </trkpt>
      <trkpt lat="39.175137" lon="-77.701072">
        <ele>156.3</ele>
      </trkpt>
      <trkpt lat="39.175083" lon="-77.701126">
        <ele>156.2</ele>
      </trkpt>
      <trkpt lat="39.17503" lon="-77.701179">
        <ele>156.1</ele>
      </trkpt>
      <trkpt lat="39.174984" lon="-77.701233">
        <ele>156.0</ele>
      </trkpt>
      <trkpt lat="39.174938" lon="-77.701286">
        <ele>156.0</ele>
      </trkpt>
      <trkpt lat="39.174892" lon="-77.701347">
        <ele>156.0</ele>
      </trkpt>
      <trkpt lat="39.174854" lon="-77.701401">
        <ele>156.0</ele>
      </trkpt>
      <trkpt lat="39.174812" lon="-77.701454">
        <ele>155.9</ele>
      </trkpt>
      <trkpt lat="39.174774" lon="-77.701508">
        <ele>155.9</ele>
      </trkpt>
      <trkpt lat="39.174732" lon="-77.701561">
        <ele>155.9</ele>
      </trkpt>
      <trkpt lat="39.17469" lon="-77.701622">
        <ele>155.8</ele>
      </trkpt>
      <trkpt lat="39.174656" lon="-77.701675">
        <ele>155.8</ele>
      </trkpt>
      <trkpt lat="39.174618" lon="-77.701729">
        <ele>155.7</ele>
      </trkpt>
      <trkpt lat="39.174583" lon="-77.701797">
        <ele>155.7</ele>
      </trkpt>
      <trkpt lat="39.174549" lon="-77.701851">
        <ele>155.7</ele>
      </trkpt>
      <trkpt lat="39.174507" lon="-77.701911">
        <ele>155.7</ele>
      </trkpt>
      <trkpt lat="39.174465" lon="-77.701958">
        <ele>155.6</ele>
      </trkpt>
      <trkpt lat="39.174423" lon="-77.702011">
        <ele>155.6</ele>
      </trkpt>
      <trkpt lat="39.174377" lon="-77.702065">
        <ele>155.6</ele>
      </trkpt>
      <trkpt lat="39.174335" lon="-77.702118">
        <ele>155.6</ele>
      </trkpt>
      <trkpt lat="39.174297" lon="-77.702171">
        <ele>155.6</ele>
      </trkpt>
      <trkpt lat="39.174255" lon="-77.702217">
        <ele>155.7</ele>
      </trkpt>
      <trkpt lat="39.174206" lon="-77.702263">
        <ele>155.7</ele>
      </trkpt>
      <trkpt lat="39.174156" lon="-77.702309">
        <ele>155.8</ele>
      </trkpt>
      <trkpt lat="39.174107" lon="-77.702354">
        <ele>155.9</ele>
      </trkpt>
      <trkpt lat="39.174061" lon="-77.702393">
        <ele>155.9</ele>
      </trkpt>
      <trkpt lat="39.174011" lon="-77.702423">
        <ele>155.9</ele>
      </trkpt>
      <trkpt lat="39.173962" lon="-77.702461">
        <ele>155.9</ele>
      </trkpt>
      <trkpt lat="39.173912" lon="-77.702484">
        <ele>155.9</ele>
      </trkpt>
      <trkpt lat="39.173862" lon="-77.702507">
        <ele>155.9</ele>
      </trkpt>
      <trkpt lat="39.173805" lon="-77.70253">
        <ele>155.9</ele>
      </trkpt>
      <trkpt lat="39.173758" lon="-77.702545">
        <ele>155.8</ele>
      </trkpt>
      <trkpt lat="39.173706" lon="-77.70256">
        <ele>155.8</ele>
      </trkpt>
      <trkpt lat="39.173653" lon="-77.702575">
        <ele>155.8</ele>
      </trkpt>
      <trkpt lat="39.173599" lon="-77.702599">
        <ele>155.8</ele>
      </trkpt>
      <trkpt lat="39.173546" lon="-77.70262">
        <ele>155.7</ele>
      </trkpt>
      <trkpt lat="39.173496" lon="-77.702637">
        <ele>155.7</ele>
      </trkpt>
      <trkpt lat="39.173443" lon="-77.70266">
        <ele>155.7</ele>
      </trkpt>
      <trkpt lat="39.173389" lon="-77.702675">
        <ele>155.7</ele>
      </trkpt>
      <trkpt lat="39.17334" lon="-77.702698">
        <ele>155.6</ele>
      </trkpt>
      <trkpt lat="39.17329" lon="-77.702713">
        <ele>155.6</ele>
      </trkpt>
      <trkpt lat="39.173241" lon="-77.702727">
        <ele>155.6</ele>
      </trkpt>
      <trkpt lat="39.173191" lon="-77.702744">
        <ele>155.5</ele>
      </trkpt>
      <trkpt lat="39.173149" lon="-77.702766">
        <ele>155.5</ele>
      </trkpt>
      <trkpt lat="39.173103" lon="-77.702782">
        <ele>155.4</ele>
      </trkpt>
      <trkpt lat="39.173058" lon="-77.702797">
        <ele>155.4</ele>
      </trkpt>
      <trkpt lat="39.173012" lon="-77.702812">
        <ele>155.3</ele>
      </trkpt>
      <trkpt lat="39.17297" lon="-77.702827">
        <ele>155.3</ele>
      </trkpt>
      <trkpt lat="39.172932" lon="-77.702843">
        <ele>155.2</ele>
      </trkpt>
      <trkpt lat="39.17289" lon="-77.702858">
        <ele>155.1</ele>
      </trkpt>
      <trkpt lat="39.172844" lon="-77.702873">
        <ele>155.0</ele>
      </trkpt>
      <trkpt lat="39.172802" lon="-77.702888">
        <ele>154.9</ele>
      </trkpt>
      <trkpt lat="39.172759" lon="-77.702896">
        <ele>154.9</ele>
      </trkpt>
      <trkpt lat="39.172718" lon="-77.702911">
        <ele>154.8</ele>
      </trkpt>
      <trkpt lat="39.172672" lon="-77.702934">
        <ele>154.7</ele>
      </trkpt>
      <trkpt lat="39.172619" lon="-77.70295">
        <ele>154.6</ele>
      </trkpt>
      <trkpt lat="39.172576" lon="-77.702965">
        <ele>154.5</ele>
      </trkpt>
      <trkpt lat="39.172531" lon="-77.70298">
        <ele>154.5</ele>
      </trkpt>
      <trkpt lat="39.172489" lon="-77.703003">
        <ele>154.3</ele>
      </trkpt>
      <trkpt lat="39.172443" lon="-77.703018">
        <ele>154.2</ele>
      </trkpt>
      <trkpt lat="39.172394" lon="-77.703033">
        <ele>154.1</ele>
      </trkpt>
      <trkpt lat="39.172351" lon="-77.703048">
        <ele>154.0</ele>
      </trkpt>
      <trkpt lat="39.17231" lon="-77.703064">
        <ele>153.8</ele>
      </trkpt>
      <trkpt lat="39.172268" lon="-77.703087">
        <ele>153.6</ele>
      </trkpt>
      <trkpt lat="39.172226" lon="-77.703102">
        <ele>153.5</ele>
      </trkpt>
      <trkpt lat="39.172184" lon="-77.703117">
        <ele>153.3</ele>
      </trkpt>
      <trkpt lat="39.172137" lon="-77.703132">
        <ele>153.1</ele>
      </trkpt>
      <trkpt lat="39.172092" lon="-77.703148">
        <ele>152.9</ele>
      </trkpt>
      <trkpt lat="39.172047" lon="-77.703163">
        <ele>152.7</ele>
      </trkpt>
      <trkpt lat="39.172005" lon="-77.703178">
        <ele>152.5</ele>
      </trkpt>
      <trkpt lat="39.171954" lon="-77.703194">
        <ele>152.2</ele>
      </trkpt>
      <trkpt lat="39.171917" lon="-77.703209">
        <ele>152.1</ele>
      </trkpt>
      <trkpt lat="39.171875" lon="-77.703224">
        <ele>151.9</ele>
      </trkpt>
      <trkpt lat="39.171829" lon="-77.703232">
        <ele>151.7</ele>
      </trkpt>
      <trkpt lat="39.171787" lon="-77.703247">
        <ele>151.6</ele>
      </trkpt>
      <trkpt lat="39.171738" lon="-77.703262">
        <ele>151.4</ele>
      </trkpt>
      <trkpt lat="39.171696" lon="-77.703278">
        <ele>151.3</ele>
      </trkpt>
      <trkpt lat="39.17165" lon="-77.703293">
        <ele>151.1</ele>
      </trkpt>
      <trkpt lat="39.171608" lon="-77.7033">
        <ele>150.9</ele>
      </trkpt>
      <trkpt lat="39.171555" lon="-77.703316">
        <ele>150.6</ele>
      </trkpt>
      <trkpt lat="39.171515" lon="-77.703339">
        <ele>150.3</ele>
      </trkpt>
      <trkpt lat="39.171474" lon="-77.703354">
        <ele>150.1</ele>
      </trkpt>
      <trkpt lat="39.171429" lon="-77.703369">
        <ele>149.8</ele>
      </trkpt>
      <trkpt lat="39.171387" lon="-77.703384">
        <ele>149.5</ele>
      </trkpt>
      <trkpt lat="39.171341" lon="-77.7034">
        <ele>149.3</ele>
      </trkpt>
      <trkpt lat="39.171299" lon="-77.703415">
        <ele>149.0</ele>
      </trkpt>
      <trkpt lat="39.171257" lon="-77.703423">
        <ele>148.7</ele>
      </trkpt>
      <trkpt lat="39.171214" lon="-77.703438">
        <ele>148.4</ele>
      </trkpt>
      <trkpt lat="39.171173" lon="-77.703453">
        <ele>148.1</ele>
      </trkpt>
      <trkpt lat="39.171131" lon="-77.703468">
        <ele>147.8</ele>
      </trkpt>
      <trkpt lat="39.171082" lon="-77.703484">
        <ele>147.5</ele>
      </trkpt>
      <trkpt lat="39.171047" lon="-77.703506">
        <ele>147.2</ele>
      </trkpt>
      <trkpt lat="39.171005" lon="-77.703522">
        <ele>146.8</ele>
      </trkpt>
      <trkpt lat="39.170967" lon="-77.703537">
        <ele>146.5</ele>
      </trkpt>
      <trkpt lat="39.170937" lon="-77.703552">
        <ele>146.3</ele>
      </trkpt>
      <trkpt lat="39.170906" lon="-77.703568">
        <ele>146.0</ele>
      </trkpt>
      <trkpt lat="39.170872" lon="-77.70359">
        <ele>145.7</ele>
      </trkpt>
      <trkpt lat="39.170834" lon="-77.703605">
        <ele>145.4</ele>
      </trkpt>
      <trkpt lat="39.170795" lon="-77.703621">
        <ele>145.1</ele>
      </trkpt>
      <trkpt lat="39.170753" lon="-77.703644">
        <ele>144.8</ele>
      </trkpt>
      <trkpt lat="39.170708" lon="-77.703667">
        <ele>144.4</ele>
      </trkpt>
      <trkpt lat="39.170658" lon="-77.70369">
        <ele>144.0</ele>
      </trkpt>
      <trkpt lat="39.170612" lon="-77.703712">
        <ele>143.6</ele>
      </trkpt>
      <trkpt lat="39.170559" lon="-77.703735">
        <ele>143.1</ele>
      </trkpt>
      <trkpt lat="39.170494" lon="-77.703766">
        <ele>142.5</ele>
      </trkpt>
      <trkpt lat="39.170422" lon="-77.703804">
        <ele>141.9</ele>
      </trkpt>
      <trkpt lat="39.170353" lon="-77.703842">
        <ele>141.4</ele>
      </trkpt>
      <trkpt lat="39.170277" lon="-77.70388">
        <ele>141.2</ele>
      </trkpt>
      <trkpt lat="39.170193" lon="-77.703918">
        <ele>141.6</ele>
      </trkpt>
      <trkpt lat="39.170113" lon="-77.703957">
        <ele>142.5</ele>
      </trkpt>
      <trkpt lat="39.170029" lon="-77.703995">
        <ele>143.5</ele>
      </trkpt>
      <trkpt lat="39.16996" lon="-77.704025">
        <ele>144.2</ele>
      </trkpt>
      <trkpt lat="39.169891" lon="-77.704048">
        <ele>144.8</ele>
      </trkpt>
      <trkpt lat="39.169823" lon="-77.704071">
        <ele>145.1</ele>
      </trkpt>
      <trkpt lat="39.169758" lon="-77.704094">
        <ele>145.6</ele>
      </trkpt>
      <trkpt lat="39.169693" lon="-77.704109">
        <ele>146.2</ele>
      </trkpt>
      <trkpt lat="39.169635" lon="-77.704132">
        <ele>146.8</ele>
      </trkpt>
      <trkpt lat="39.169582" lon="-77.704155">
        <ele>147.4</ele>
      </trkpt>
      <trkpt lat="39.169529" lon="-77.704178">
        <ele>148.0</ele>
      </trkpt>
      <trkpt lat="39.169479" lon="-77.704193">
        <ele>148.4</ele>
      </trkpt>
      <trkpt lat="39.16943" lon="-77.704208">
        <ele>148.8</ele>
      </trkpt>
      <trkpt lat="39.169384" lon="-77.704224">
        <ele>149.1</ele>
      </trkpt>
      <trkpt lat="39.169338" lon="-77.704247">
        <ele>149.4</ele>
      </trkpt>
      <trkpt lat="39.169296" lon="-77.704262">
        <ele>149.5</ele>
      </trkpt>
      <trkpt lat="39.169254" lon="-77.704277">
        <ele>149.6</ele>
      </trkpt>
      <trkpt lat="39.169216" lon="-77.704285">
        <ele>149.6</ele>
      </trkpt>
      <trkpt lat="39.169182" lon="-77.7043">
        <ele>149.7</ele>
      </trkpt>
      <trkpt lat="39.169144" lon="-77.704308">
        <ele>149.6</ele>
      </trkpt>
      <trkpt lat="39.169109" lon="-77.704314">
        <ele>149.6</ele>
      </trkpt>
      <trkpt lat="39.169071" lon="-77.70433">
        <ele>149.5</ele>
      </trkpt>
      <trkpt lat="39.169033" lon="-77.704346">
        <ele>149.3</ele>
      </trkpt>
      <trkpt lat="39.168999" lon="-77.704361">
        <ele>149.2</ele>
      </trkpt>
      <trkpt lat="39.168961" lon="-77.704376">
        <ele>149.0</ele>
      </trkpt>
      <trkpt lat="39.168922" lon="-77.704384">
        <ele>148.8</ele>
      </trkpt>
      <trkpt lat="39.168884" lon="-77.704407">
        <ele>148.5</ele>
      </trkpt>
      <trkpt lat="39.168835" lon="-77.704421">
        <ele>148.1</ele>
      </trkpt>
      <trkpt lat="39.168785" lon="-77.70443">
        <ele>147.7</ele>
      </trkpt>
      <trkpt lat="39.168736" lon="-77.704453">
        <ele>147.3</ele>
      </trkpt>
      <trkpt lat="39.168678" lon="-77.704468">
        <ele>146.9</ele>
      </trkpt>
      <trkpt lat="39.168621" lon="-77.704491">
        <ele>146.4</ele>
      </trkpt>
      <trkpt lat="39.168564" lon="-77.704514">
        <ele>145.9</ele>
      </trkpt>
      <trkpt lat="39.168507" lon="-77.704536">
        <ele>145.4</ele>
      </trkpt>
      <trkpt lat="39.168449" lon="-77.704559">
        <ele>144.9</ele>
      </trkpt>
      <trkpt lat="39.168396" lon="-77.70459">
        <ele>144.5</ele>
      </trkpt>
      <trkpt lat="39.168335" lon="-77.704605">
        <ele>144.0</ele>
      </trkpt>
      <trkpt lat="39.168278" lon="-77.70462">
        <ele>143.6</ele>
      </trkpt>
      <trkpt lat="39.168213" lon="-77.704643">
        <ele>143.1</ele>
      </trkpt>
      <trkpt lat="39.168152" lon="-77.704666">
        <ele>142.6</ele>
      </trkpt>
      <trkpt lat="39.16809" lon="-77.704689">
        <ele>142.1</ele>
      </trkpt>
      <trkpt lat="39.16803" lon="-77.704712">
        <ele>141.7</ele>
      </trkpt>
      <trkpt lat="39.167965" lon="-77.704735">
        <ele>141.3</ele>
      </trkpt>
      <trkpt lat="39.167915" lon="-77.704758">
        <ele>141.0</ele>
      </trkpt>
      <trkpt lat="39.167858" lon="-77.704781">
        <ele>140.7</ele>
      </trkpt>
      <trkpt lat="39.167797" lon="-77.704803">
        <ele>140.5</ele>
      </trkpt>
      <trkpt lat="39.16774" lon="-77.704834">
        <ele>140.2</ele>
      </trkpt>
      <trkpt lat="39.167679" lon="-77.704857">
        <ele>140.0</ele>
      </trkpt>
      <trkpt lat="39.167622" lon="-77.70488">
        <ele>139.5</ele>
      </trkpt>
      <trkpt lat="39.167564" lon="-77.704903">
        <ele>139.1</ele>
      </trkpt>
      <trkpt lat="39.167507" lon="-77.704933">
        <ele>138.7</ele>
      </trkpt>
      <trkpt lat="39.167446" lon="-77.704948">
        <ele>138.3</ele>
      </trkpt>
      <trkpt lat="39.167385" lon="-77.704971">
        <ele>138.1</ele>
      </trkpt>
      <trkpt lat="39.167324" lon="-77.704994">
        <ele>137.9</ele>
      </trkpt>
      <trkpt lat="39.167263" lon="-77.705017">
        <ele>137.7</ele>
      </trkpt>
      <trkpt lat="39.167194" lon="-77.70504">
        <ele>137.5</ele>
      </trkpt>
      <trkpt lat="39.167126" lon="-77.70507">
        <ele>137.4</ele>
      </trkpt>
      <trkpt lat="39.167049" lon="-77.705108">
        <ele>137.4</ele>
      </trkpt>
      <trkpt lat="39.166969" lon="-77.705139">
        <ele>137.3</ele>
      </trkpt>
      <trkpt lat="39.166885" lon="-77.705177">
        <ele>137.2</ele>
      </trkpt>
      <trkpt lat="39.16679" lon="-77.705215">
        <ele>137.2</ele>
      </trkpt>
      <trkpt lat="39.166695" lon="-77.70526">
        <ele>137.1</ele>
      </trkpt>
      <trkpt lat="39.166584" lon="-77.705307">
        <ele>137.0</ele>
      </trkpt>
      <trkpt lat="39.166489" lon="-77.705338">
        <ele>136.9</ele>
      </trkpt>
      <trkpt lat="39.166386" lon="-77.705383">
        <ele>136.7</ele>
      </trkpt>
      <trkpt lat="39.166279" lon="-77.705421">
        <ele>136.4</ele>
      </trkpt>
      <trkpt lat="39.166168" lon="-77.705467">
        <ele>136.3</ele>
      </trkpt>
      <trkpt lat="39.166061" lon="-77.705513">
        <ele>136.8</ele>
      </trkpt>
      <trkpt lat="39.165943" lon="-77.705558">
        <ele>137.7</ele>
      </trkpt>
      <trkpt lat="39.16584" lon="-77.705612">
        <ele>138.2</ele>
      </trkpt>
      <trkpt lat="39.165722" lon="-77.70565">
        <ele>138.8</ele>
      </trkpt>
      <trkpt lat="39.165596" lon="-77.705688">
        <ele>139.5</ele>
      </trkpt>
      <trkpt lat="39.16547" lon="-77.705734">
        <ele>140.9</ele>
      </trkpt>
      <trkpt lat="39.165348" lon="-77.705772">
        <ele>142.6</ele>
      </trkpt>
      <trkpt lat="39.165237" lon="-77.705817">
        <ele>144.1</ele>
      </trkpt>
      <trkpt lat="39.165131" lon="-77.705856">
        <ele>145.3</ele>
      </trkpt>
      <trkpt lat="39.165035" lon="-77.705887">
        <ele>146.4</ele>
      </trkpt>
      <trkpt lat="39.164951" lon="-77.70594">
        <ele>147.5</ele>
      </trkpt>
      <trkpt lat="39.164867" lon="-77.705986">
        <ele>148.4</ele>
      </trkpt>
      <trkpt lat="39.164799" lon="-77.706039">
        <ele>149.2</ele>
      </trkpt>
      <trkpt lat="39.164722" lon="-77.706093">
        <ele>150.1</ele>
      </trkpt>
      <trkpt lat="39.164654" lon="-77.706146">
        <ele>151.0</ele>
      </trkpt>
      <trkpt lat="39.164585" lon="-77.706207">
        <ele>151.7</ele>
      </trkpt>
      <trkpt lat="39.164528" lon="-77.706253">
        <ele>152.1</ele>
      </trkpt>
      <trkpt lat="39.164474" lon="-77.706314">
        <ele>152.3</ele>
      </trkpt>
      <trkpt lat="39.164417" lon="-77.706375">
        <ele>152.5</ele>
      </trkpt>
      <trkpt lat="39.16436" lon="-77.706429">
        <ele>152.6</ele>
      </trkpt>
      <trkpt lat="39.164307" lon="-77.706482">
        <ele>152.7</ele>
      </trkpt>
      <trkpt lat="39.164253" lon="-77.706543">
        <ele>152.8</ele>
      </trkpt>
      <trkpt lat="39.164207" lon="-77.706612">
        <ele>152.8</ele>
      </trkpt>
      <trkpt lat="39.164158" lon="-77.70668">
        <ele>152.8</ele>
      </trkpt>
      <trkpt lat="39.164112" lon="-77.706749">
        <ele>152.7</ele>
      </trkpt>
      <trkpt lat="39.164066" lon="-77.706825">
        <ele>152.7</ele>
      </trkpt>
      <trkpt lat="39.164028" lon="-77.706909">
        <ele>152.7</ele>
      </trkpt>
      <trkpt lat="39.163994" lon="-77.706985">
        <ele>152.8</ele>
      </trkpt>
      <trkpt lat="39.16396" lon="-77.707061">
        <ele>152.9</ele>
      </trkpt>
      <trkpt lat="39.163933" lon="-77.707146">
        <ele>153.1</ele>
      </trkpt>
      <trkpt lat="39.16391" lon="-77.707222">
        <ele>153.2</ele>
      </trkpt>
      <trkpt lat="39.163887" lon="-77.707306">
        <ele>153.4</ele>
      </trkpt>
      <trkpt lat="39.163863" lon="-77.707382">
        <ele>153.6</ele>
      </trkpt>
      <trkpt lat="39.163841" lon="-77.707458">
        <ele>154.0</ele>
      </trkpt>
      <trkpt lat="39.163822" lon="-77.707534">
        <ele>154.3</ele>
      </trkpt>
      <trkpt lat="39.163799" lon="-77.707626">
        <ele>154.7</ele>
      </trkpt>
      <trkpt lat="39.163784" lon="-77.707695">
        <ele>154.9</ele>
      </trkpt>
      <trkpt lat="39.163765" lon="-77.70777">
        <ele>155.1</ele>
      </trkpt>
      <trkpt lat="39.163746" lon="-77.707855">
        <ele>155.2</ele>
      </trkpt>
      <trkpt lat="39.163723" lon="-77.707932">
        <ele>155.2</ele>
      </trkpt>
      <trkpt lat="39.163711" lon="-77.708015">
        <ele>155.2</ele>
      </trkpt>
      <trkpt lat="39.163696" lon="-77.708099">
        <ele>155.1</ele>
      </trkpt>
      <trkpt lat="39.163677" lon="-77.708176">
        <ele>155.0</ele>
      </trkpt>
      <trkpt lat="39.163658" lon="-77.70826">
        <ele>154.9</ele>
      </trkpt>
      <trkpt lat="39.163647" lon="-77.708336">
        <ele>154.7</ele>
      </trkpt>
      <trkpt lat="39.163628" lon="-77.708412">
        <ele>154.6</ele>
      </trkpt>
      <trkpt lat="39.163612" lon="-77.708496">
        <ele>154.5</ele>
      </trkpt>
      <trkpt lat="39.163593" lon="-77.70858">
        <ele>154.4</ele>
      </trkpt>
      <trkpt lat="39.163578" lon="-77.708656">
        <ele>154.3</ele>
      </trkpt>
      <trkpt lat="39.163563" lon="-77.708733">
        <ele>154.3</ele>
      </trkpt>
      <trkpt lat="39.163551" lon="-77.708817">
        <ele>154.2</ele>
      </trkpt>
      <trkpt lat="39.163536" lon="-77.708893">
        <ele>154.2</ele>
      </trkpt>
      <trkpt lat="39.163521" lon="-77.708969">
        <ele>154.2</ele>
      </trkpt>
      <trkpt lat="39.163502" lon="-77.709038">
        <ele>154.2</ele>
      </trkpt>
      <trkpt lat="39.16349" lon="-77.709121">
        <ele>154.2</ele>
      </trkpt>
      <trkpt lat="39.163475" lon="-77.709206">
        <ele>154.1</ele>
      </trkpt>
      <trkpt lat="39.16346" lon="-77.709273">
        <ele>154.1</ele>
      </trkpt>
      <trkpt lat="39.163448" lon="-77.709351">
        <ele>154.0</ele>
      </trkpt>
      <trkpt lat="39.163437" lon="-77.709435">
        <ele>153.9</ele>
      </trkpt>
      <trkpt lat="39.163418" lon="-77.709511">
        <ele>153.8</ele>
      </trkpt>
      <trkpt lat="39.163403" lon="-77.709587">
        <ele>153.6</ele>
      </trkpt>
      <trkpt lat="39.163387" lon="-77.709671">
        <ele>153.4</ele>
      </trkpt>
      <trkpt lat="39.163372" lon="-77.709746">
        <ele>153.1</ele>
      </trkpt>
      <trkpt lat="39.163357" lon="-77.709831">
        <ele>152.9</ele>
      </trkpt>
      <trkpt lat="39.163338" lon="-77.709923">
        <ele>152.6</ele>
      </trkpt>
      <trkpt lat="39.163319" lon="-77.710022">
        <ele>152.3</ele>
      </trkpt>
      <trkpt lat="39.163292" lon="-77.710129">
        <ele>151.7</ele>
      </trkpt>
      <trkpt lat="39.163269" lon="-77.710228">
        <ele>150.8</ele>
      </trkpt>
      <trkpt lat="39.16325" lon="-77.710342">
        <ele>149.3</ele>
      </trkpt>
      <trkpt lat="39.163227" lon="-77.710464">
        <ele>147.4</ele>
      </trkpt>
      <trkpt lat="39.163204" lon="-77.710579">
        <ele>147.0</ele>
      </trkpt>
      <trkpt lat="39.163174" lon="-77.710701">
        <ele>148.3</ele>
      </trkpt>
      <trkpt lat="39.163151" lon="-77.710823">
        <ele>149.7</ele>
      </trkpt>
      <trkpt lat="39.163128" lon="-77.71093">
        <ele>150.5</ele>
      </trkpt>
      <trkpt lat="39.163105" lon="-77.711037">
        <ele>151.1</ele>
      </trkpt>
      <trkpt lat="39.163078" lon="-77.711151">
        <ele>151.8</ele>
      </trkpt>
      <trkpt lat="39.163058" lon="-77.711243">
        <ele>152.4</ele>
      </trkpt>
      <trkpt lat="39.163044" lon="-77.711327">
        <ele>152.9</ele>
      </trkpt>
      <trkpt lat="39.163025" lon="-77.711426">
        <ele>153.4</ele>
      </trkpt>
      <trkpt lat="39.16301" lon="-77.711517">
        <ele>153.7</ele>
      </trkpt>
      <trkpt lat="39.162994" lon="-77.711609">
        <ele>153.8</ele>
      </trkpt>
      <trkpt lat="39.162975" lon="-77.711699">
        <ele>153.9</ele>
      </trkpt>
      <trkpt lat="39.16296" lon="-77.711792">
        <ele>153.9</ele>
      </trkpt>
      <trkpt lat="39.16294" lon="-77.711891">
        <ele>154.0</ele>
      </trkpt>
      <trkpt lat="39.162922" lon="-77.711983">
        <ele>154.0</ele>
      </trkpt>
      <trkpt lat="39.162899" lon="-77.712082">
        <ele>154.0</ele>
      </trkpt>
      <trkpt lat="39.162872" lon="-77.712181">
        <ele>154.1</ele>
      </trkpt>
      <trkpt lat="39.162842" lon="-77.712273">
        <ele>154.2</ele>
      </trkpt>
      <trkpt lat="39.162804" lon="-77.712372">
        <ele>154.5</ele>
      </trkpt>
      <trkpt lat="39.162762" lon="-77.71247">
        <ele>155.0</ele>
      </trkpt>
      <trkpt lat="39.162716" lon="-77.712555">
        <ele>155.4</ele>
      </trkpt>
      <trkpt lat="39.162663" lon="-77.712646">
        <ele>155.8</ele>
      </trkpt>
      <trkpt lat="39.162609" lon="-77.712723">
        <ele>156.1</ele>
      </trkpt>
      <trkpt lat="39.162552" lon="-77.712799">
        <ele>156.4</ele>
      </trkpt>
      <trkpt lat="39.162491" lon="-77.712868">
        <ele>156.8</ele>
      </trkpt>
      <trkpt lat="39.162418" lon="-77.712936">
        <ele>157.2</ele>
      </trkpt>
      <trkpt lat="39.162361" lon="-77.712982">
        <ele>157.5</ele>
      </trkpt>
      <trkpt lat="39.162296" lon="-77.713028">
        <ele>157.8</ele>
      </trkpt>
      <trkpt lat="39.162228" lon="-77.713066">
        <ele>158.1</ele>
      </trkpt>
      <trkpt lat="39.162159" lon="-77.713104">
        <ele>158.3</ele>
      </trkpt>
      <trkpt lat="39.16209" lon="-77.713135">
        <ele>158.5</ele>
      </trkpt>
      <trkpt lat="39.162014" lon="-77.713165">
        <ele>158.8</ele>
      </trkpt>
      <trkpt lat="39.161942" lon="-77.713181">
        <ele>159.0</ele>
      </trkpt>
      <trkpt lat="39.161869" lon="-77.713196">
        <ele>159.3</ele>
      </trkpt>
      <trkpt lat="39.161797" lon="-77.713211">
        <ele>159.6</ele>
      </trkpt>
      <trkpt lat="39.16172" lon="-77.713211">
        <ele>159.9</ele>
      </trkpt>
      <trkpt lat="39.161644" lon="-77.713219">
        <ele>160.2</ele>
      </trkpt>
      <trkpt lat="39.161568" lon="-77.713219">
        <ele>160.5</ele>
      </trkpt>
      <trkpt lat="39.161495" lon="-77.713219">
        <ele>160.8</ele>
      </trkpt>
      <trkpt lat="39.161419" lon="-77.713219">
        <ele>161.1</ele>
      </trkpt>
      <trkpt lat="39.161346" lon="-77.713219">
        <ele>161.2</ele>
      </trkpt>
      <trkpt lat="39.161274" lon="-77.713219">
        <ele>161.3</ele>
      </trkpt>
      <trkpt lat="39.161205" lon="-77.713211">
        <ele>161.4</ele>
      </trkpt>
      <trkpt lat="39.161136" lon="-77.713211">
        <ele>161.4</ele>
      </trkpt>
      <trkpt lat="39.161068" lon="-77.713202">
        <ele>161.5</ele>
      </trkpt>
      <trkpt lat="39.160992" lon="-77.713202">
        <ele>161.6</ele>
      </trkpt>
      <trkpt lat="39.160934" lon="-77.713196">
        <ele>161.6</ele>
      </trkpt>
      <trkpt lat="39.160866" lon="-77.713188">
        <ele>161.7</ele>
      </trkpt>
      <trkpt lat="39.160797" lon="-77.713181">
        <ele>161.8</ele>
      </trkpt>
      <trkpt lat="39.160725" lon="-77.713181">
        <ele>161.9</ele>
      </trkpt>
      <trkpt lat="39.160656" lon="-77.713181">
        <ele>162.0</ele>
      </trkpt>
      <trkpt lat="39.160583" lon="-77.713173">
        <ele>162.2</ele>
      </trkpt>
      <trkpt lat="39.160511" lon="-77.713173">
        <ele>162.3</ele>
      </trkpt>
      <trkpt lat="39.160438" lon="-77.713165">
        <ele>162.5</ele>
      </trkpt>
      <trkpt lat="39.16037" lon="-77.713165">
        <ele>162.6</ele>
      </trkpt>
      <trkpt lat="39.160305" lon="-77.713165">
        <ele>162.8</ele>
      </trkpt>
      <trkpt lat="39.16024" lon="-77.713158">
        <ele>163.0</ele>
      </trkpt>
      <trkpt lat="39.160168" lon="-77.71315">
        <ele>163.2</ele>
      </trkpt>
      <trkpt lat="39.160103" lon="-77.713135">
        <ele>163.4</ele>
      </trkpt>
      <trkpt lat="39.160034" lon="-77.713127">
        <ele>163.6</ele>
      </trkpt>
      <trkpt lat="39.159968" lon="-77.713127">
        <ele>163.7</ele>
      </trkpt>
      <trkpt lat="39.159904" lon="-77.71312">
        <ele>163.9</ele>
      </trkpt>
      <trkpt lat="39.159836" lon="-77.71312">
        <ele>164.1</ele>
      </trkpt>
      <trkpt lat="39.159771" lon="-77.713112">
        <ele>164.2</ele>
      </trkpt>
      <trkpt lat="39.159706" lon="-77.713112">
        <ele>164.3</ele>
      </trkpt>
      <trkpt lat="39.159636" lon="-77.713104">
        <ele>164.4</ele>
      </trkpt>
      <trkpt lat="39.159576" lon="-77.713104">
        <ele>164.5</ele>
      </trkpt>
      <trkpt lat="39.159508" lon="-77.713097">
        <ele>164.6</ele>
      </trkpt>
      <trkpt lat="39.159439" lon="-77.713097">
        <ele>164.6</ele>
      </trkpt>
      <trkpt lat="39.159363" lon="-77.713097">
        <ele>164.6</ele>
      </trkpt>
      <trkpt lat="39.159294" lon="-77.713089">
        <ele>164.6</ele>
      </trkpt>
      <trkpt lat="39.159222" lon="-77.713089">
        <ele>164.6</ele>
      </trkpt>
      <trkpt lat="39.159142" lon="-77.713097">
        <ele>164.6</ele>
      </trkpt>
      <trkpt lat="39.159073" lon="-77.713097">
        <ele>164.6</ele>
      </trkpt>
      <trkpt lat="39.158997" lon="-77.713104">
        <ele>164.6</ele>
      </trkpt>
      <trkpt lat="39.15892" lon="-77.71312">
        <ele>164.7</ele>
      </trkpt>
      <trkpt lat="39.158852" lon="-77.713135">
        <ele>164.7</ele>
      </trkpt>
      <trkpt lat="39.158779" lon="-77.713158">
        <ele>164.8</ele>
      </trkpt>
      <trkpt lat="39.158714" lon="-77.713181">
        <ele>164.8</ele>
      </trkpt>
      <trkpt lat="39.158646" lon="-77.713202">
        <ele>164.9</ele>
      </trkpt>
      <trkpt lat="39.158581" lon="-77.713226">
        <ele>165.0</ele>
      </trkpt>
      <trkpt lat="39.158516" lon="-77.713264">
        <ele>165.1</ele>
      </trkpt>
      <trkpt lat="39.158459" lon="-77.713295">
        <ele>165.2</ele>
      </trkpt>
      <trkpt lat="39.158398" lon="-77.713333">
        <ele>165.3</ele>
      </trkpt>
      <trkpt lat="39.15834" lon="-77.713371">
        <ele>165.4</ele>
      </trkpt>
      <trkpt lat="39.158276" lon="-77.713417">
        <ele>165.6</ele>
      </trkpt>
      <trkpt lat="39.15823" lon="-77.713455">
        <ele>165.7</ele>
      </trkpt>
      <trkpt lat="39.158173" lon="-77.713493">
        <ele>165.8</ele>
      </trkpt>
      <trkpt lat="39.158119" lon="-77.713539">
        <ele>166.0</ele>
      </trkpt>
      <trkpt lat="39.158066" lon="-77.713577">
        <ele>166.2</ele>
      </trkpt>
      <trkpt lat="39.158012" lon="-77.713623">
        <ele>166.4</ele>
      </trkpt>
      <trkpt lat="39.157963" lon="-77.713661">
        <ele>166.5</ele>
      </trkpt>
      <trkpt lat="39.157913" lon="-77.713699">
        <ele>166.7</ele>
      </trkpt>
      <trkpt lat="39.157867" lon="-77.713737">
        <ele>166.8</ele>
      </trkpt>
      <trkpt lat="39.157825" lon="-77.713768">
        <ele>166.9</ele>
      </trkpt>
      <trkpt lat="39.157795" lon="-77.713799">
        <ele>167.0</ele>
      </trkpt>
      <trkpt lat="39.157768" lon="-77.713829">
        <ele>167.1</ele>
      </trkpt>
      <trkpt lat="39.157738" lon="-77.713844">
        <ele>167.2</ele>
      </trkpt>
      <trkpt lat="39.157707" lon="-77.713852">
        <ele>167.2</ele>
      </trkpt>
      <trkpt lat="39.15768" lon="-77.713852">
        <ele>167.3</ele>
      </trkpt>
      <trkpt lat="39.157654" lon="-77.713837">
        <ele>167.3</ele>
      </trkpt>
      <trkpt lat="39.157635" lon="-77.713814">
        <ele>167.3</ele>
      </trkpt>
      <trkpt lat="39.157623" lon="-77.713791">
        <ele>167.3</ele>
      </trkpt>
      <trkpt lat="39.157616" lon="-77.713768">
        <ele>167.3</ele>
      </trkpt>
      <trkpt lat="39.157612" lon="-77.713753">
        <ele>167.3</ele>
      </trkpt>
      <trkpt lat="39.157612" lon="-77.713737">
        <ele>167.3</ele>
      </trkpt>
      <trkpt lat="39.157612" lon="-77.71373">
        <ele>167.3</ele>
      </trkpt>
      <trkpt lat="39.157612" lon="-77.71373">
        <ele>167.3</ele>
      </trkpt>
      <trkpt lat="39.157612" lon="-77.713722">
        <ele>167.3</ele>
      </trkpt>
      <trkpt lat="39.157612" lon="-77.713707">
        <ele>167.2</ele>
      </trkpt>
      <trkpt lat="39.157608" lon="-77.713692">
        <ele>167.2</ele>
      </trkpt>
      <trkpt lat="39.157604" lon="-77.713669">
        <ele>167.2</ele>
      </trkpt>
      <trkpt lat="39.1576" lon="-77.713646">
        <ele>167.2</ele>
      </trkpt>
      <trkpt lat="39.157597" lon="-77.713623">
        <ele>167.1</ele>
      </trkpt>
      <trkpt lat="39.157589" lon="-77.7136">
        <ele>167.1</ele>
      </trkpt>
      <trkpt lat="39.157589" lon="-77.713577">
        <ele>167.0</ele>
      </trkpt>
      <trkpt lat="39.157585" lon="-77.713554">
        <ele>167.0</ele>
      </trkpt>
      <trkpt lat="39.157585" lon="-77.713524">
        <ele>166.9</ele>
      </trkpt>
      <trkpt lat="39.157585" lon="-77.7135">
        <ele>166.8</ele>
      </trkpt>
      <trkpt lat="39.157585" lon="-77.713463">
        <ele>166.8</ele>
      </trkpt>
      <trkpt lat="39.157585" lon="-77.713425">
        <ele>166.7</ele>
      </trkpt>
      <trkpt lat="39.157581" lon="-77.713393">
        <ele>166.7</ele>
      </trkpt>
      <trkpt lat="39.157578" lon="-77.713348">
        <ele>166.6</ele>
      </trkpt>
      <trkpt lat="39.157581" lon="-77.713303">
        <ele>166.5</ele>
      </trkpt>
      <trkpt lat="39.157578" lon="-77.713257">
        <ele>166.5</ele>
      </trkpt>
      <trkpt lat="39.157578" lon="-77.713196">
        <ele>166.4</ele>
      </trkpt>
      <trkpt lat="39.157578" lon="-77.713142">
        <ele>166.4</ele>
      </trkpt>
      <trkpt lat="39.157581" lon="-77.713081">
        <ele>166.3</ele>
      </trkpt>
      <trkpt lat="39.157581" lon="-77.713013">
        <ele>166.2</ele>
      </trkpt>
      <trkpt lat="39.157581" lon="-77.712943">
        <ele>166.2</ele>
      </trkpt>
      <trkpt lat="39.157581" lon="-77.712868">
        <ele>166.1</ele>
      </trkpt>
      <trkpt lat="39.157585" lon="-77.712791">
        <ele>165.9</ele>
      </trkpt>
      <trkpt lat="39.157585" lon="-77.712708">
        <ele>165.8</ele>
      </trkpt>
      <trkpt lat="39.157585" lon="-77.712631">
        <ele>165.7</ele>
      </trkpt>
      <trkpt lat="39.157585" lon="-77.71254">
        <ele>165.7</ele>
      </trkpt>
      <trkpt lat="39.157585" lon="-77.712456">
        <ele>165.6</ele>
      </trkpt>
      <trkpt lat="39.157585" lon="-77.712379">
        <ele>165.6</ele>
      </trkpt>
      <trkpt lat="39.157585" lon="-77.712296">
        <ele>165.6</ele>
      </trkpt>
      <trkpt lat="39.157585" lon="-77.712204">
        <ele>165.7</ele>
      </trkpt>
      <trkpt lat="39.157589" lon="-77.712128">
        <ele>165.8</ele>
      </trkpt>
      <trkpt lat="39.157589" lon="-77.712044">
        <ele>165.9</ele>
      </trkpt>
      <trkpt lat="39.157593" lon="-77.71196">
        <ele>165.9</ele>
      </trkpt>
      <trkpt lat="39.157593" lon="-77.711884">
        <ele>166.0</ele>
      </trkpt>
      <trkpt lat="39.157593" lon="-77.711806">
        <ele>166.0</ele>
      </trkpt>
      <trkpt lat="39.157597" lon="-77.711731">
        <ele>166.0</ele>
      </trkpt>
      <trkpt lat="39.157597" lon="-77.711654">
        <ele>166.0</ele>
      </trkpt>
      <trkpt lat="39.157597" lon="-77.711586">
        <ele>166.0</ele>
      </trkpt>
      <trkpt lat="39.1576" lon="-77.71151">
        <ele>165.9</ele>
      </trkpt>
      <trkpt lat="39.1576" lon="-77.71144">
        <ele>165.9</ele>
      </trkpt>
      <trkpt lat="39.1576" lon="-77.711372">
        <ele>165.9</ele>
      </trkpt>
      <trkpt lat="39.157604" lon="-77.711296">
        <ele>165.8</ele>
      </trkpt>
      <trkpt lat="39.157608" lon="-77.711226">
        <ele>165.8</ele>
      </trkpt>
      <trkpt lat="39.157608" lon="-77.711151">
        <ele>165.7</ele>
      </trkpt>
      <trkpt lat="39.157612" lon="-77.711082">
        <ele>165.7</ele>
      </trkpt>
      <trkpt lat="39.157612" lon="-77.711006">
        <ele>165.6</ele>
      </trkpt>
      <trkpt lat="39.157616" lon="-77.710938">
        <ele>165.5</ele>
      </trkpt>
      <trkpt lat="39.157618" lon="-77.710861">
        <ele>165.4</ele>
      </trkpt>
      <trkpt lat="39.157618" lon="-77.710793">
        <ele>165.4</ele>
      </trkpt>
      <trkpt lat="39.157618" lon="-77.710731">
        <ele>165.3</ele>
      </trkpt>
      <trkpt lat="39.157623" lon="-77.710663">
        <ele>165.2</ele>
      </trkpt>
      <trkpt lat="39.157623" lon="-77.710594">
        <ele>165.1</ele>
      </trkpt>
      <trkpt lat="39.157627" lon="-77.710526">
        <ele>165.0</ele>
      </trkpt>
      <trkpt lat="39.157627" lon="-77.710464">
        <ele>164.9</ele>
      </trkpt>
      <trkpt lat="39.157631" lon="-77.710396">
        <ele>164.9</ele>
      </trkpt>
      <trkpt lat="39.157631" lon="-77.710327">
        <ele>164.8</ele>
      </trkpt>
      <trkpt lat="39.157635" lon="-77.710266">
        <ele>164.7</ele>
      </trkpt>
      <trkpt lat="39.157635" lon="-77.710196">
        <ele>164.6</ele>
      </trkpt>
      <trkpt lat="39.157635" lon="-77.710129">
        <ele>164.5</ele>
      </trkpt>
      <trkpt lat="39.157639" lon="-77.71006">
        <ele>164.4</ele>
      </trkpt>
      <trkpt lat="39.157639" lon="-77.709991">
        <ele>164.4</ele>
      </trkpt>
      <trkpt lat="39.157639" lon="-77.709915">
        <ele>164.3</ele>
      </trkpt>
      <trkpt lat="39.157642" lon="-77.709839">
        <ele>164.2</ele>
      </trkpt>
      <trkpt lat="39.157642" lon="-77.709763">
        <ele>164.0</ele>
      </trkpt>
      <trkpt lat="39.157646" lon="-77.709679">
        <ele>163.8</ele>
      </trkpt>
      <trkpt lat="39.157654" lon="-77.709594">
        <ele>163.7</ele>
      </trkpt>
      <trkpt lat="39.157658" lon="-77.709511">
        <ele>163.6</ele>
      </trkpt>
      <trkpt lat="39.157661" lon="-77.709427">
        <ele>163.4</ele>
      </trkpt>
      <trkpt lat="39.157665" lon="-77.709343">
        <ele>163.3</ele>
      </trkpt>
      <trkpt lat="39.157669" lon="-77.709259">
        <ele>163.2</ele>
      </trkpt>
      <trkpt lat="39.157673" lon="-77.709166">
        <ele>163.1</ele>
      </trkpt>
      <trkpt lat="39.157677" lon="-77.709076">
        <ele>163.0</ele>
      </trkpt>
      <trkpt lat="39.157677" lon="-77.708984">
        <ele>162.9</ele>
      </trkpt>
      <trkpt lat="39.15768" lon="-77.708893">
        <ele>162.8</ele>
      </trkpt>
      <trkpt lat="39.157688" lon="-77.7088">
        <ele>162.6</ele>
      </trkpt>
      <trkpt lat="39.157692" lon="-77.708702">
        <ele>162.4</ele>
      </trkpt>
      <trkpt lat="39.157696" lon="-77.708618">
        <ele>162.3</ele>
      </trkpt>
      <trkpt lat="39.1577" lon="-77.708527">
        <ele>162.0</ele>
      </trkpt>
      <trkpt lat="39.157703" lon="-77.708435">
        <ele>161.8</ele>
      </trkpt>
      <trkpt lat="39.157707" lon="-77.708336">
        <ele>161.5</ele>
      </trkpt>
      <trkpt lat="39.157711" lon="-77.708243">
        <ele>161.3</ele>
      </trkpt>
      <trkpt lat="39.157715" lon="-77.708145">
        <ele>161.1</ele>
      </trkpt>
      <trkpt lat="39.157719" lon="-77.708054">
        <ele>160.9</ele>
      </trkpt>
      <trkpt lat="39.157722" lon="-77.707962">
        <ele>160.7</ele>
      </trkpt>
      <trkpt lat="39.157725" lon="-77.70787">
        <ele>160.5</ele>
      </trkpt>
      <trkpt lat="39.157725" lon="-77.707779">
        <ele>160.3</ele>
      </trkpt>
      <trkpt lat="39.15773" lon="-77.70768">
        <ele>160.0</ele>
      </trkpt>
      <trkpt lat="39.157734" lon="-77.707588">
        <ele>159.6</ele>
      </trkpt>
      <trkpt lat="39.157738" lon="-77.707489">
        <ele>159.2</ele>
      </trkpt>
      <trkpt lat="39.157742" lon="-77.707397">
        <ele>158.8</ele>
      </trkpt>
      <trkpt lat="39.157742" lon="-77.707298">
        <ele>158.4</ele>
      </trkpt>
      <trkpt lat="39.157742" lon="-77.707199">
        <ele>158.0</ele>
      </trkpt>
      <trkpt lat="39.157749" lon="-77.7071">
        <ele>157.8</ele>
      </trkpt>
      <trkpt lat="39.157749" lon="-77.707008">
        <ele>157.7</ele>
      </trkpt>
      <trkpt lat="39.157753" lon="-77.706902">
        <ele>157.5</ele>
      </trkpt>
      <trkpt lat="39.157756" lon="-77.706802">
        <ele>157.4</ele>
      </trkpt>
      <trkpt lat="39.157756" lon="-77.706703">
        <ele>157.2</ele>
      </trkpt>
      <trkpt lat="39.157756" lon="-77.706604">
        <ele>157.0</ele>
      </trkpt>
      <trkpt lat="39.157761" lon="-77.706497">
        <ele>156.7</ele>
      </trkpt>
      <trkpt lat="39.157764" lon="-77.706397">
        <ele>156.4</ele>
      </trkpt>
      <trkpt lat="39.157772" lon="-77.706306">
        <ele>156.1</ele>
      </trkpt>
      <trkpt lat="39.157784" lon="-77.706207">
        <ele>155.7</ele>
      </trkpt>
      <trkpt lat="39.157787" lon="-77.706108">
        <ele>155.4</ele>
      </trkpt>
      <trkpt lat="39.157795" lon="-77.706001">
        <ele>155.1</ele>
      </trkpt>
      <trkpt lat="39.157799" lon="-77.705902">
        <ele>154.6</ele>
      </trkpt>
      <trkpt lat="39.157806" lon="-77.705795">
        <ele>154.0</ele>
      </trkpt>
      <trkpt lat="39.15781" lon="-77.705688">
        <ele>153.4</ele>
      </trkpt>
      <trkpt lat="39.157814" lon="-77.705574">
        <ele>153.0</ele>
      </trkpt>
      <trkpt lat="39.157822" lon="-77.705467">
        <ele>153.2</ele>
      </trkpt>
      <trkpt lat="39.157825" lon="-77.705345">
        <ele>154.5</ele>
      </trkpt>
      <trkpt lat="39.157832" lon="-77.705238">
        <ele>155.6</ele>
      </trkpt>
      <trkpt lat="39.157841" lon="-77.705124">
        <ele>156.3</ele>
      </trkpt>
      <trkpt lat="39.157845" lon="-77.705025">
        <ele>156.8</ele>
      </trkpt>
      <trkpt lat="39.157845" lon="-77.704926">
        <ele>157.2</ele>
      </trkpt>
      <trkpt lat="39.157852" lon="-77.704834">
        <ele>157.5</ele>
      </trkpt>
      <trkpt lat="39.15786" lon="-77.704742">
        <ele>157.9</ele>
      </trkpt>
      <trkpt lat="39.157871" lon="-77.704659">
        <ele>158.1</ele>
      </trkpt>
      <trkpt lat="39.157883" lon="-77.704575">
        <ele>158.4</ele>
      </trkpt>
      <trkpt lat="39.15789" lon="-77.704498">
        <ele>158.6</ele>
      </trkpt>
      <trkpt lat="39.157898" lon="-77.704421">
        <ele>158.8</ele>
      </trkpt>
      <trkpt lat="39.157905" lon="-77.704346">
        <ele>158.9</ele>
      </trkpt>
      <trkpt lat="39.157917" lon="-77.704269">
        <ele>159.0</ele>
      </trkpt>
      <trkpt lat="39.157928" lon="-77.704201">
        <ele>159.0</ele>
      </trkpt>
      <trkpt lat="39.157948" lon="-77.704132">
        <ele>159.0</ele>
      </trkpt>
      <trkpt lat="39.157967" lon="-77.704063">
        <ele>159.0</ele>
      </trkpt>
      <trkpt lat="39.157981" lon="-77.704002">
        <ele>159.0</ele>
      </trkpt>
      <trkpt lat="39.158001" lon="-77.703941">
        <ele>158.9</ele>
      </trkpt>
      <trkpt lat="39.158028" lon="-77.703888">
        <ele>158.9</ele>
      </trkpt>
      <trkpt lat="39.158051" lon="-77.703835">
        <ele>158.8</ele>
      </trkpt>
      <trkpt lat="39.158081" lon="-77.703789">
        <ele>158.8</ele>
      </trkpt>
      <trkpt lat="39.158108" lon="-77.703735">
        <ele>158.7</ele>
      </trkpt>
      <trkpt lat="39.158133" lon="-77.70369">
        <ele>158.6</ele>
      </trkpt>
      <trkpt lat="39.158161" lon="-77.703636">
        <ele>158.5</ele>
      </trkpt>
      <trkpt lat="39.158188" lon="-77.70359">
        <ele>158.4</ele>
      </trkpt>
      <trkpt lat="39.158215" lon="-77.703545">
        <ele>158.3</ele>
      </trkpt>
      <trkpt lat="39.158237" lon="-77.703491">
        <ele>158.2</ele>
      </trkpt>
      <trkpt lat="39.15826" lon="-77.703445">
        <ele>158.0</ele>
      </trkpt>
      <trkpt lat="39.158283" lon="-77.7034">
        <ele>157.9</ele>
      </trkpt>
      <trkpt lat="39.158302" lon="-77.703346">
        <ele>157.7</ele>
      </trkpt>
      <trkpt lat="39.158321" lon="-77.7033">
        <ele>157.6</ele>
      </trkpt>
      <trkpt lat="39.158344" lon="-77.703247">
        <ele>157.4</ele>
      </trkpt>
      <trkpt lat="39.158363" lon="-77.703201">
        <ele>157.4</ele>
      </trkpt>
      <trkpt lat="39.158382" lon="-77.703148">
        <ele>157.3</ele>
      </trkpt>
      <trkpt lat="39.158401" lon="-77.703093">
        <ele>157.1</ele>
      </trkpt>
      <trkpt lat="39.158421" lon="-77.703041">
        <ele>156.9</ele>
      </trkpt>
      <trkpt lat="39.15844" lon="-77.702988">
        <ele>156.7</ele>
      </trkpt>
      <trkpt lat="39.158454" lon="-77.702934">
        <ele>156.5</ele>
      </trkpt>
      <trkpt lat="39.15847" lon="-77.702881">
        <ele>156.2</ele>
      </trkpt>
      <trkpt lat="39.158485" lon="-77.702827">
        <ele>155.9</ele>
      </trkpt>
      <trkpt lat="39.158496" lon="-77.702774">
        <ele>155.5</ele>
      </trkpt>
      <trkpt lat="39.158508" lon="-77.702721">
        <ele>155.2</ele>
      </trkpt>
      <trkpt lat="39.158516" lon="-77.702667">
        <ele>155.0</ele>
      </trkpt>
      <trkpt lat="39.158516" lon="-77.70262">
        <ele>154.9</ele>
      </trkpt>
      <trkpt lat="39.158524" lon="-77.702568">
        <ele>154.8</ele>
      </trkpt>
      <trkpt lat="39.158527" lon="-77.702515">
        <ele>154.7</ele>
      </trkpt>
      <trkpt lat="39.158535" lon="-77.702461">
        <ele>154.7</ele>
      </trkpt>
      <trkpt lat="39.158535" lon="-77.702408">
        <ele>154.7</ele>
      </trkpt>
      <trkpt lat="39.158539" lon="-77.702354">
        <ele>154.6</ele>
      </trkpt>
      <trkpt lat="39.158543" lon="-77.702301">
        <ele>154.6</ele>
      </trkpt>
      <trkpt lat="39.158546" lon="-77.702248">
        <ele>154.5</ele>
      </trkpt>
      <trkpt lat="39.158546" lon="-77.702194">
        <ele>154.4</ele>
      </trkpt>
      <trkpt lat="39.158546" lon="-77.702141">
        <ele>154.3</ele>
      </trkpt>
      <trkpt lat="39.158554" lon="-77.702095">
        <ele>154.3</ele>
      </trkpt>
      <trkpt lat="39.158562" lon="-77.702042">
        <ele>154.2</ele>
      </trkpt>
      <trkpt lat="39.158566" lon="-77.701996">
        <ele>154.0</ele>
      </trkpt>
      <trkpt lat="39.158572" lon="-77.70195">
        <ele>153.9</ele>
      </trkpt>
      <trkpt lat="39.158577" lon="-77.701904">
        <ele>153.6</ele>
      </trkpt>
      <trkpt lat="39.158577" lon="-77.701859">
        <ele>153.4</ele>
      </trkpt>
      <trkpt lat="39.158577" lon="-77.701813">
        <ele>153.1</ele>
      </trkpt>
      <trkpt lat="39.158577" lon="-77.701759">
        <ele>152.8</ele>
      </trkpt>
      <trkpt lat="39.158581" lon="-77.701714">
        <ele>152.6</ele>
      </trkpt>
      <trkpt lat="39.158585" lon="-77.70166">
        <ele>152.2</ele>
      </trkpt>
      <trkpt lat="39.158585" lon="-77.701607">
        <ele>152.0</ele>
      </trkpt>
      <trkpt lat="39.158581" lon="-77.701553">
        <ele>151.8</ele>
      </trkpt>
      <trkpt lat="39.158581" lon="-77.7015">
        <ele>151.6</ele>
      </trkpt>
      <trkpt lat="39.158581" lon="-77.701447">
        <ele>151.5</ele>
      </trkpt>
      <trkpt lat="39.158577" lon="-77.701393">
        <ele>151.3</ele>
      </trkpt>
      <trkpt lat="39.158577" lon="-77.70134">
        <ele>151.2</ele>
      </trkpt>
      <trkpt lat="39.158581" lon="-77.701294">
        <ele>151.2</ele>
      </trkpt>
      <trkpt lat="39.158581" lon="-77.701241">
        <ele>151.1</ele>
      </trkpt>
      <trkpt lat="39.158581" lon="-77.701195">
        <ele>151.0</ele>
      </trkpt>
      <trkpt lat="39.158581" lon="-77.701141">
        <ele>150.9</ele>
      </trkpt>
      <trkpt lat="39.158585" lon="-77.701096">
        <ele>150.8</ele>
      </trkpt>
      <trkpt lat="39.158588" lon="-77.70105">
        <ele>150.6</ele>
      </trkpt>
      <trkpt lat="39.158596" lon="-77.701004">
        <ele>150.4</ele>
      </trkpt>
      <trkpt lat="39.158603" lon="-77.700965">
        <ele>150.2</ele>
      </trkpt>
      <trkpt lat="39.158611" lon="-77.700928">
        <ele>150.0</ele>
      </trkpt>
      <trkpt lat="39.158615" lon="-77.70089">
        <ele>149.7</ele>
      </trkpt>
      <trkpt lat="39.158623" lon="-77.700851">
        <ele>149.5</ele>
      </trkpt>
      <trkpt lat="39.158627" lon="-77.700806">
        <ele>149.2</ele>
      </trkpt>
      <trkpt lat="39.158627" lon="-77.70076">
        <ele>149.0</ele>
      </trkpt>
      <trkpt lat="39.158627" lon="-77.700706">
        <ele>148.8</ele>
      </trkpt>
      <trkpt lat="39.15863" lon="-77.700653">
        <ele>148.6</ele>
      </trkpt>
      <trkpt lat="39.158634" lon="-77.7006">
        <ele>148.6</ele>
      </trkpt>
      <trkpt lat="39.158638" lon="-77.700546">
        <ele>148.5</ele>
      </trkpt>
      <trkpt lat="39.158642" lon="-77.7005">
        <ele>148.5</ele>
      </trkpt>
      <trkpt lat="39.158642" lon="-77.700455">
        <ele>148.3</ele>
      </trkpt>
      <trkpt lat="39.158642" lon="-77.700401">
        <ele>148.2</ele>
      </trkpt>
      <trkpt lat="39.158642" lon="-77.700348">
        <ele>148.0</ele>
      </trkpt>
      <trkpt lat="39.158646" lon="-77.700301">
        <ele>147.9</ele>
      </trkpt>
      <trkpt lat="39.158646" lon="-77.700249">
        <ele>147.7</ele>
      </trkpt>
      <trkpt lat="39.158646" lon="-77.700194">
        <ele>147.5</ele>
      </trkpt>
      <trkpt lat="39.158648" lon="-77.700149">
        <ele>147.4</ele>
      </trkpt>
      <trkpt lat="39.158653" lon="-77.700104">
        <ele>147.4</ele>
      </trkpt>
      <trkpt lat="39.158653" lon="-77.700058">
        <ele>147.2</ele>
      </trkpt>
      <trkpt lat="39.158648" lon="-77.700005">
        <ele>147.0</ele>
      </trkpt>
      <trkpt lat="39.158646" lon="-77.699944">
        <ele>146.6</ele>
      </trkpt>
      <trkpt lat="39.158642" lon="-77.699883">
        <ele>146.2</ele>
      </trkpt>
      <trkpt lat="39.158638" lon="-77.699821">
        <ele>145.7</ele>
      </trkpt>
      <trkpt lat="39.158634" lon="-77.699768">
        <ele>145.4</ele>
      </trkpt>
      <trkpt lat="39.158634" lon="-77.699707">
        <ele>145.2</ele>
      </trkpt>
      <trkpt lat="39.158638" lon="-77.699654">
        <ele>145.1</ele>
      </trkpt>
      <trkpt lat="39.158642" lon="-77.699608">
        <ele>145.0</ele>
      </trkpt>
      <trkpt lat="39.158642" lon="-77.699554">
        <ele>144.9</ele>
      </trkpt>
      <trkpt lat="39.158638" lon="-77.699509">
        <ele>144.7</ele>
      </trkpt>
      <trkpt lat="39.158638" lon="-77.699463">
        <ele>144.5</ele>
      </trkpt>
      <trkpt lat="39.158634" lon="-77.699409">
        <ele>144.1</ele>
      </trkpt>
      <trkpt lat="39.15863" lon="-77.699348">
        <ele>143.6</ele>
      </trkpt>
      <trkpt lat="39.158638" lon="-77.699287">
        <ele>143.1</ele>
      </trkpt>
      <trkpt lat="39.158653" lon="-77.699211">
        <ele>142.3</ele>
      </trkpt>
      <trkpt lat="39.158676" lon="-77.699135">
        <ele>141.5</ele>
      </trkpt>
      <trkpt lat="39.158714" lon="-77.699059">
        <ele>140.8</ele>
      </trkpt>
      <trkpt lat="39.158768" lon="-77.698967">
        <ele>139.9</ele>
      </trkpt>
      <trkpt lat="39.158833" lon="-77.698883">
        <ele>139.2</ele>
      </trkpt>
      <trkpt lat="39.158897" lon="-77.698798">
        <ele>138.5</ele>
      </trkpt>
      <trkpt lat="39.158962" lon="-77.698708">
        <ele>137.8</ele>
      </trkpt>
      <trkpt lat="39.159023" lon="-77.698607">
        <ele>137.8</ele>
      </trkpt>
      <trkpt lat="39.159073" lon="-77.698494">
        <ele>138.6</ele>
      </trkpt>
      <trkpt lat="39.159118" lon="-77.69838">
        <ele>139.7</ele>
      </trkpt>
      <trkpt lat="39.159153" lon="-77.698257">
        <ele>140.8</ele>
      </trkpt>
      <trkpt lat="39.159172" lon="-77.698134">
        <ele>141.7</ele>
      </trkpt>
      <trkpt lat="39.159191" lon="-77.698013">
        <ele>142.6</ele>
      </trkpt>
      <trkpt lat="39.159206" lon="-77.697899">
        <ele>143.7</ele>
      </trkpt>
      <trkpt lat="39.159199" lon="-77.697777">
        <ele>144.7</ele>
      </trkpt>
      <trkpt lat="39.159187" lon="-77.69767">
        <ele>145.3</ele>
      </trkpt>
      <trkpt lat="39.159161" lon="-77.697556">
        <ele>145.8</ele>
      </trkpt>
      <trkpt lat="39.159126" lon="-77.697456">
        <ele>146.7</ele>
      </trkpt>
      <trkpt lat="39.159092" lon="-77.69735">
        <ele>147.8</ele>
      </trkpt>
      <trkpt lat="39.159058" lon="-77.697243">
        <ele>148.7</ele>
      </trkpt>
      <trkpt lat="39.159027" lon="-77.697128">
        <ele>150.0</ele>
      </trkpt>
      <trkpt lat="39.158997" lon="-77.697014">
        <ele>151.5</ele>
      </trkpt>
      <trkpt lat="39.158955" lon="-77.696892">
        <ele>152.0</ele>
      </trkpt>
      <trkpt lat="39.158913" lon="-77.696777">
        <ele>152.2</ele>
      </trkpt>
      <trkpt lat="39.158875" lon="-77.696655">
        <ele>152.9</ele>
      </trkpt>
      <trkpt lat="39.158844" lon="-77.696541">
        <ele>153.8</ele>
      </trkpt>
      <trkpt lat="39.158817" lon="-77.696434">
        <ele>154.3</ele>
      </trkpt>
      <trkpt lat="39.158791" lon="-77.696327">
        <ele>154.4</ele>
      </trkpt>
      <trkpt lat="39.158772" lon="-77.696213">
        <ele>154.5</ele>
      </trkpt>
      <trkpt lat="39.15876" lon="-77.696091">
        <ele>154.6</ele>
      </trkpt>
      <trkpt lat="39.15876" lon="-77.695984">
        <ele>154.8</ele>
      </trkpt>
      <trkpt lat="39.15876" lon="-77.695869">
        <ele>155.8</ele>
      </trkpt>
      <trkpt lat="39.158764" lon="-77.695763">
        <ele>156.8</ele>
      </trkpt>
      <trkpt lat="39.158775" lon="-77.695633">
        <ele>157.5</ele>
      </trkpt>
      <trkpt lat="39.158783" lon="-77.695496">
        <ele>158.1</ele>
      </trkpt>
      <trkpt lat="39.158783" lon="-77.695366">
        <ele>159.5</ele>
      </trkpt>
      <trkpt lat="39.158783" lon="-77.695244">
        <ele>160.3</ele>
      </trkpt>
      <trkpt lat="39.158786" lon="-77.695129">
        <ele>160.6</ele>
      </trkpt>
      <trkpt lat="39.158794" lon="-77.695015">
        <ele>160.8</ele>
      </trkpt>
      <trkpt lat="39.158806" lon="-77.694908">
        <ele>161.2</ele>
      </trkpt>
      <trkpt lat="39.158813" lon="-77.694801">
        <ele>162.1</ele>
      </trkpt>
      <trkpt lat="39.158825" lon="-77.694695">
        <ele>163.1</ele>
      </trkpt>
      <trkpt lat="39.158833" lon="-77.694588">
        <ele>163.7</ele>
      </trkpt>
      <trkpt lat="39.15884" lon="-77.694489">
        <ele>163.9</ele>
      </trkpt>
      <trkpt lat="39.158844" lon="-77.694389">
        <ele>164.1</ele>
      </trkpt>
      <trkpt lat="39.158852" lon="-77.694283">
        <ele>164.4</ele>
      </trkpt>
      <trkpt lat="39.158852" lon="-77.694206">
        <ele>164.6</ele>
      </trkpt>
      <trkpt lat="39.158852" lon="-77.694121">
        <ele>164.7</ele>
      </trkpt>
      <trkpt lat="39.158859" lon="-77.694038">
        <ele>164.7</ele>
      </trkpt>
      <trkpt lat="39.158867" lon="-77.693947">
        <ele>164.8</ele>
      </trkpt>
      <trkpt lat="39.158871" lon="-77.693862">
        <ele>164.8</ele>
      </trkpt>
      <trkpt lat="39.158875" lon="-77.693779">
        <ele>164.8</ele>
      </trkpt>
      <trkpt lat="39.158878" lon="-77.693703">
        <ele>164.8</ele>
      </trkpt>
      <trkpt lat="39.158878" lon="-77.693619">
        <ele>164.8</ele>
      </trkpt>
      <trkpt lat="39.158882" lon="-77.693541">
        <ele>164.9</ele>
      </trkpt>
      <trkpt lat="39.158886" lon="-77.693466">
        <ele>164.9</ele>
      </trkpt>
      <trkpt lat="39.15889" lon="-77.693389">
        <ele>165.0</ele>
      </trkpt>
      <trkpt lat="39.15889" lon="-77.693314">
        <ele>165.0</ele>
      </trkpt>
      <trkpt lat="39.158893" lon="-77.693237">
        <ele>165.0</ele>
      </trkpt>
      <trkpt lat="39.158897" lon="-77.693161">
        <ele>165.1</ele>
      </trkpt>
      <trkpt lat="39.158901" lon="-77.693085">
        <ele>165.1</ele>
      </trkpt>
      <trkpt lat="39.158901" lon="-77.693008">
        <ele>165.1</ele>
      </trkpt>
      <trkpt lat="39.158905" lon="-77.692939">
        <ele>165.1</ele>
      </trkpt>
      <trkpt lat="39.158905" lon="-77.692856">
        <ele>165.1</ele>
      </trkpt>
      <trkpt lat="39.158905" lon="-77.692787">
        <ele>165.1</ele>
      </trkpt>
      <trkpt lat="39.158905" lon="-77.692711">
        <ele>165.0</ele>
      </trkpt>
      <trkpt lat="39.158909" lon="-77.692635">
        <ele>165.0</ele>
      </trkpt>
      <trkpt lat="39.158909" lon="-77.692551">
        <ele>165.0</ele>
      </trkpt>
      <trkpt lat="39.158913" lon="-77.692474">
        <ele>164.9</ele>
      </trkpt>
      <trkpt lat="39.158916" lon="-77.692398">
        <ele>164.9</ele>
      </trkpt>
      <trkpt lat="39.15892" lon="-77.692314">
        <ele>164.8</ele>
      </trkpt>
      <trkpt lat="39.158924" lon="-77.692238">
        <ele>164.7</ele>
      </trkpt>
      <trkpt lat="39.158928" lon="-77.692154">
        <ele>164.6</ele>
      </trkpt>
      <trkpt lat="39.158932" lon="-77.692078">
        <ele>164.6</ele>
      </trkpt>
      <trkpt lat="39.158936" lon="-77.692001">
        <ele>164.5</ele>
      </trkpt>
      <trkpt lat="39.158938" lon="-77.691917">
        <ele>164.5</ele>
      </trkpt>
      <trkpt lat="39.158943" lon="-77.691841">
        <ele>164.5</ele>
      </trkpt>
      <trkpt lat="39.158943" lon="-77.691757">
        <ele>164.5</ele>
      </trkpt>
      <trkpt lat="39.158947" lon="-77.691673">
        <ele>164.5</ele>
      </trkpt>
      <trkpt lat="39.158951" lon="-77.691588">
        <ele>164.6</ele>
      </trkpt>
      <trkpt lat="39.158951" lon="-77.691513">
        <ele>164.7</ele>
      </trkpt>
      <trkpt lat="39.158951" lon="-77.691429">
        <ele>164.8</ele>
      </trkpt>
      <trkpt lat="39.158951" lon="-77.691353">
        <ele>164.9</ele>
      </trkpt>
      <trkpt lat="39.158951" lon="-77.691277">
        <ele>165.0</ele>
      </trkpt>
      <trkpt lat="39.158951" lon="-77.691208">
        <ele>165.0</ele>
      </trkpt>
      <trkpt lat="39.158955" lon="-77.691139">
        <ele>165.1</ele>
      </trkpt>
      <trkpt lat="39.158951" lon="-77.691078">
        <ele>165.1</ele>
      </trkpt>
      <trkpt lat="39.158943" lon="-77.691025">
        <ele>165.2</ele>
      </trkpt>
      <trkpt lat="39.158932" lon="-77.690971">
        <ele>165.3</ele>
      </trkpt>
      <trkpt lat="39.158905" lon="-77.690926">
        <ele>165.4</ele>
      </trkpt>
      <trkpt lat="39.158867" lon="-77.690895">
        <ele>165.4</ele>
      </trkpt>
      <trkpt lat="39.158825" lon="-77.690872">
        <ele>165.5</ele>
      </trkpt>
      <trkpt lat="39.158775" lon="-77.690872">
        <ele>165.6</ele>
      </trkpt>
      <trkpt lat="39.158733" lon="-77.690865">
        <ele>165.6</ele>
      </trkpt>
      <trkpt lat="39.158691" lon="-77.690857">
        <ele>165.6</ele>
      </trkpt>
      <trkpt lat="39.158648" lon="-77.690849">
        <ele>165.6</ele>
      </trkpt>
      <trkpt lat="39.158611" lon="-77.690842">
        <ele>165.6</ele>
      </trkpt>
      <trkpt lat="39.158577" lon="-77.690834">
        <ele>165.6</ele>
      </trkpt>
      <trkpt lat="39.158543" lon="-77.690834">
        <ele>165.6</ele>
      </trkpt>
      <trkpt lat="39.158508" lon="-77.690826">
        <ele>165.6</ele>
      </trkpt>
      <trkpt lat="39.158474" lon="-77.690826">
        <ele>165.6</ele>
      </trkpt>
      <trkpt lat="39.158436" lon="-77.690826">
        <ele>165.6</ele>
      </trkpt>
      <trkpt lat="39.158401" lon="-77.690819">
        <ele>165.5</ele>
      </trkpt>
      <trkpt lat="39.158367" lon="-77.690811">
        <ele>165.5</ele>
      </trkpt>
      <trkpt lat="39.158337" lon="-77.690804">
        <ele>165.5</ele>
      </trkpt>
      <trkpt lat="39.158306" lon="-77.690796">
        <ele>165.4</ele>
      </trkpt>
      <trkpt lat="39.158276" lon="-77.690788">
        <ele>165.4</ele>
      </trkpt>
      <trkpt lat="39.158245" lon="-77.690772">
        <ele>165.4</ele>
      </trkpt>
      <trkpt lat="39.158211" lon="-77.690758">
        <ele>165.4</ele>
      </trkpt>
      <trkpt lat="39.15818" lon="-77.69075">
        <ele>165.3</ele>
      </trkpt>
      <trkpt lat="39.158146" lon="-77.690735">
        <ele>165.3</ele>
      </trkpt>
      <trkpt lat="39.158115" lon="-77.690727">
        <ele>165.3</ele>
      </trkpt>
      <trkpt lat="39.158081" lon="-77.690712">
        <ele>165.3</ele>
      </trkpt>
      <trkpt lat="39.158047" lon="-77.690697">
        <ele>165.4</ele>
      </trkpt>
      <trkpt lat="39.158001" lon="-77.690674">
        <ele>165.5</ele>
      </trkpt>
      <trkpt lat="39.157948" lon="-77.690643">
        <ele>165.6</ele>
      </trkpt>
      <trkpt lat="39.15789" lon="-77.69062">
        <ele>165.7</ele>
      </trkpt>
      <trkpt lat="39.157829" lon="-77.690598">
        <ele>165.7</ele>
      </trkpt>
      <trkpt lat="39.157772" lon="-77.69059">
        <ele>165.8</ele>
      </trkpt>
      <trkpt lat="39.157715" lon="-77.690582">
        <ele>165.8</ele>
      </trkpt>
      <trkpt lat="39.157658" lon="-77.690582">
        <ele>165.8</ele>
      </trkpt>
      <trkpt lat="39.157597" lon="-77.690582">
        <ele>165.9</ele>
      </trkpt>
      <trkpt lat="39.157539" lon="-77.690575">
        <ele>165.9</ele>
      </trkpt>
      <trkpt lat="39.157482" lon="-77.690575">
        <ele>166.0</ele>
      </trkpt>
      <trkpt lat="39.157425" lon="-77.690575">
        <ele>166.1</ele>
      </trkpt>
      <trkpt lat="39.157368" lon="-77.690567">
        <ele>166.2</ele>
      </trkpt>
      <trkpt lat="39.15731" lon="-77.690567">
        <ele>166.3</ele>
      </trkpt>
      <trkpt lat="39.157253" lon="-77.690567">
        <ele>166.4</ele>
      </trkpt>
      <trkpt lat="39.157196" lon="-77.690558">
        <ele>166.6</ele>
      </trkpt>
      <trkpt lat="39.157139" lon="-77.690558">
        <ele>166.7</ele>
      </trkpt>
      <trkpt lat="39.157089" lon="-77.690558">
        <ele>166.9</ele>
      </trkpt>
      <trkpt lat="39.15704" lon="-77.690552">
        <ele>167.0</ele>
      </trkpt>
      <trkpt lat="39.156982" lon="-77.690552">
        <ele>167.2</ele>
      </trkpt>
      <trkpt lat="39.156937" lon="-77.690552">
        <ele>167.3</ele>
      </trkpt>
      <trkpt lat="39.156887" lon="-77.690544">
        <ele>167.3</ele>
      </trkpt>
      <trkpt lat="39.156837" lon="-77.690544">
        <ele>167.4</ele>
      </trkpt>
      <trkpt lat="39.156784" lon="-77.690536">
        <ele>167.4</ele>
      </trkpt>
      <trkpt lat="39.156734" lon="-77.690529">
        <ele>167.4</ele>
      </trkpt>
      <trkpt lat="39.156685" lon="-77.690529">
        <ele>167.4</ele>
      </trkpt>
      <trkpt lat="39.156635" lon="-77.690521">
        <ele>167.5</ele>
      </trkpt>
      <trkpt lat="39.156582" lon="-77.690521">
        <ele>167.5</ele>
      </trkpt>
      <trkpt lat="39.156536" lon="-77.690521">
        <ele>167.5</ele>
      </trkpt>
      <trkpt lat="39.15649" lon="-77.690521">
        <ele>167.5</ele>
      </trkpt>
      <trkpt lat="39.156445" lon="-77.690513">
        <ele>167.6</ele>
      </trkpt>
      <trkpt lat="39.156399" lon="-77.690513">
        <ele>167.6</ele>
      </trkpt>
      <trkpt lat="39.156353" lon="-77.690513">
        <ele>167.6</ele>
      </trkpt>
      <trkpt lat="39.156311" lon="-77.690513">
        <ele>167.7</ele>
      </trkpt>
      <trkpt lat="39.156265" lon="-77.690513">
        <ele>167.7</ele>
      </trkpt>
      <trkpt lat="39.156227" lon="-77.690513">
        <ele>167.7</ele>
      </trkpt>
      <trkpt lat="39.156185" lon="-77.690513">
        <ele>167.7</ele>
      </trkpt>
      <trkpt lat="39.156147" lon="-77.690513">
        <ele>167.6</ele>
      </trkpt>
      <trkpt lat="39.156109" lon="-77.690513">
        <ele>167.6</ele>
      </trkpt>
      <trkpt lat="39.156071" lon="-77.690513">
        <ele>167.5</ele>
      </trkpt>
      <trkpt lat="39.156033" lon="-77.690513">
        <ele>167.5</ele>
      </trkpt>
      <trkpt lat="39.155997" lon="-77.690498">
        <ele>167.4</ele>
      </trkpt>
      <trkpt lat="39.155964" lon="-77.690483">
        <ele>167.4</ele>
      </trkpt>
      <trkpt lat="39.155933" lon="-77.69046">
        <ele>167.3</ele>
      </trkpt>
      <trkpt lat="39.155907" lon="-77.69043">
        <ele>167.3</ele>
      </trkpt>
      <trkpt lat="39.15588" lon="-77.690406">
        <ele>167.3</ele>
      </trkpt>
      <trkpt lat="39.155849" lon="-77.690376">
        <ele>167.3</ele>
      </trkpt>
      <trkpt lat="39.155823" lon="-77.690353">
        <ele>167.4</ele>
      </trkpt>
      <trkpt lat="39.155792" lon="-77.690331">
        <ele>167.4</ele>
      </trkpt>
      <trkpt lat="39.155766" lon="-77.690315">
        <ele>167.5</ele>
      </trkpt>
      <trkpt lat="39.155731" lon="-77.690308">
        <ele>167.6</ele>
      </trkpt>
      <trkpt lat="39.155701" lon="-77.690299">
        <ele>167.5</ele>
      </trkpt>
      <trkpt lat="39.155674" lon="-77.690285">
        <ele>167.5</ele>
      </trkpt>
      <trkpt lat="39.155643" lon="-77.690277">
        <ele>167.4</ele>
      </trkpt>
      <trkpt lat="39.15562" lon="-77.690262">
        <ele>167.3</ele>
      </trkpt>
      <trkpt lat="39.155602" lon="-77.690239">
        <ele>167.2</ele>
      </trkpt>
      <trkpt lat="39.155589" lon="-77.690216">
        <ele>167.2</ele>
      </trkpt>
      <trkpt lat="39.155582" lon="-77.690178">
        <ele>167.0</ele>
      </trkpt>
      <trkpt lat="39.155575" lon="-77.690147">
        <ele>167.0</ele>
      </trkpt>
      <trkpt lat="39.155575" lon="-77.690109">
        <ele>166.9</ele>
      </trkpt>
      <trkpt lat="39.155571" lon="-77.690071">
        <ele>166.8</ele>
      </trkpt>
      <trkpt lat="39.155567" lon="-77.69004">
        <ele>166.6</ele>
      </trkpt>
      <trkpt lat="39.155563" lon="-77.690002">
        <ele>166.5</ele>
      </trkpt>
      <trkpt lat="39.15556" lon="-77.689964">
        <ele>166.3</ele>
      </trkpt>
      <trkpt lat="39.15556" lon="-77.689919">
        <ele>166.1</ele>
      </trkpt>
      <trkpt lat="39.155556" lon="-77.689873">
        <ele>165.8</ele>
      </trkpt>
      <trkpt lat="39.155548" lon="-77.689835">
        <ele>165.5</ele>
      </trkpt>
      <trkpt lat="39.155544" lon="-77.689789">
        <ele>165.1</ele>
      </trkpt>
      <trkpt lat="39.15554" lon="-77.689743">
        <ele>164.8</ele>
      </trkpt>
      <trkpt lat="39.155537" lon="-77.689697">
        <ele>164.5</ele>
      </trkpt>
      <trkpt lat="39.155533" lon="-77.689644">
        <ele>164.2</ele>
      </trkpt>
      <trkpt lat="39.155529" lon="-77.689606">
        <ele>164.1</ele>
      </trkpt>
      <trkpt lat="39.155525" lon="-77.68956">
        <ele>163.9</ele>
      </trkpt>
      <trkpt lat="39.155518" lon="-77.689514">
        <ele>163.8</ele>
      </trkpt>
      <trkpt lat="39.155513" lon="-77.689461">
        <ele>163.7</ele>
      </trkpt>
      <trkpt lat="39.15551" lon="-77.689415">
        <ele>163.7</ele>
      </trkpt>
      <trkpt lat="39.155502" lon="-77.689362">
        <ele>163.6</ele>
      </trkpt>
      <trkpt lat="39.155499" lon="-77.689308">
        <ele>163.4</ele>
      </trkpt>
      <trkpt lat="39.155495" lon="-77.689262">
        <ele>163.2</ele>
      </trkpt>
      <trkpt lat="39.155487" lon="-77.689209">
        <ele>162.9</ele>
      </trkpt>
      <trkpt lat="39.155482" lon="-77.689156">
        <ele>162.5</ele>
      </trkpt>
      <trkpt lat="39.155476" lon="-77.689102">
        <ele>162.0</ele>
      </trkpt>
      <trkpt lat="39.155472" lon="-77.689055">
        <ele>161.6</ele>
      </trkpt>
      <trkpt lat="39.155472" lon="-77.688995">
        <ele>161.2</ele>
      </trkpt>
      <trkpt lat="39.155468" lon="-77.688942">
        <ele>161.0</ele>
      </trkpt>
      <trkpt lat="39.15546" lon="-77.688889">
        <ele>160.8</ele>
      </trkpt>
      <trkpt lat="39.155457" lon="-77.688835">
        <ele>160.8</ele>
      </trkpt>
      <trkpt lat="39.155449" lon="-77.688774">
        <ele>160.8</ele>
      </trkpt>
      <trkpt lat="39.155445" lon="-77.688721">
        <ele>160.9</ele>
      </trkpt>
      <trkpt lat="39.155441" lon="-77.68866">
        <ele>160.9</ele>
      </trkpt>
      <trkpt lat="39.155437" lon="-77.688605">
        <ele>160.9</ele>
      </trkpt>
      <trkpt lat="39.15543" lon="-77.688545">
        <ele>160.9</ele>
      </trkpt>
      <trkpt lat="39.155426" lon="-77.688484">
        <ele>160.8</ele>
      </trkpt>
      <trkpt lat="39.155418" lon="-77.688431">
        <ele>160.8</ele>
      </trkpt>
      <trkpt lat="39.155415" lon="-77.68837">
        <ele>160.7</ele>
      </trkpt>
      <trkpt lat="39.155411" lon="-77.688309">
        <ele>160.6</ele>
      </trkpt>
      <trkpt lat="39.155403" lon="-77.688248">
        <ele>160.5</ele>
      </trkpt>
      <trkpt lat="39.155399" lon="-77.688187">
        <ele>160.3</ele>
      </trkpt>
      <trkpt lat="39.155392" lon="-77.688126">
        <ele>160.2</ele>
      </trkpt>
      <trkpt lat="39.155384" lon="-77.688065">
        <ele>160.1</ele>
      </trkpt>
      <trkpt lat="39.155375" lon="-77.687996">
        <ele>160.0</ele>
      </trkpt>
      <trkpt lat="39.155373" lon="-77.687943">
        <ele>159.9</ele>
      </trkpt>
      <trkpt lat="39.155369" lon="-77.687873">
        <ele>159.7</ele>
      </trkpt>
      <trkpt lat="39.155365" lon="-77.687813">
        <ele>159.6</ele>
      </trkpt>
      <trkpt lat="39.155357" lon="-77.687752">
        <ele>159.5</ele>
      </trkpt>
      <trkpt lat="39.155354" lon="-77.687683">
        <ele>159.4</ele>
      </trkpt>
      <trkpt lat="39.155346" lon="-77.687614">
        <ele>159.3</ele>
      </trkpt>
      <trkpt lat="39.155338" lon="-77.687546">
        <ele>159.2</ele>
      </trkpt>
      <trkpt lat="39.15533" lon="-77.687468">
        <ele>159.2</ele>
      </trkpt>
      <trkpt lat="39.155327" lon="-77.687393">
        <ele>159.1</ele>
      </trkpt>
      <trkpt lat="39.155315" lon="-77.687325">
        <ele>159.2</ele>
      </trkpt>
      <trkpt lat="39.155312" lon="-77.687248">
        <ele>159.2</ele>
      </trkpt>
      <trkpt lat="39.155304" lon="-77.687172">
        <ele>159.2</ele>
      </trkpt>
      <trkpt lat="39.155299" lon="-77.687088">
        <ele>159.1</ele>
      </trkpt>
      <trkpt lat="39.155293" lon="-77.687012">
        <ele>159.1</ele>
      </trkpt>
      <trkpt lat="39.155285" lon="-77.686928">
        <ele>159.1</ele>
      </trkpt>
      <trkpt lat="39.155281" lon="-77.686852">
        <ele>159.0</ele>
      </trkpt>
      <trkpt lat="39.155277" lon="-77.686768">
        <ele>158.9</ele>
      </trkpt>
      <trkpt lat="39.155273" lon="-77.686691">
        <ele>158.8</ele>
      </trkpt>
      <trkpt lat="39.155266" lon="-77.686607">
        <ele>158.5</ele>
      </trkpt>
      <trkpt lat="39.155258" lon="-77.686531">
        <ele>158.3</ele>
      </trkpt>
      <trkpt lat="39.155251" lon="-77.686447">
        <ele>157.9</ele>
      </trkpt>
      <trkpt lat="39.155243" lon="-77.686371">
        <ele>157.4</ele>
      </trkpt>
      <trkpt lat="39.155235" lon="-77.686286">
        <ele>156.9</ele>
      </trkpt>
      <trkpt lat="39.155228" lon="-77.686211">
        <ele>156.5</ele>
      </trkpt>
      <trkpt lat="39.15522" lon="-77.686127">
        <ele>156.1</ele>
      </trkpt>
      <trkpt lat="39.155216" lon="-77.68605">
        <ele>155.6</ele>
      </trkpt>
      <trkpt lat="39.155212" lon="-77.685965">
        <ele>155.2</ele>
      </trkpt>
      <trkpt lat="39.155205" lon="-77.68589">
        <ele>154.8</ele>
      </trkpt>
      <trkpt lat="39.155201" lon="-77.685806">
        <ele>154.5</ele>
      </trkpt>
      <trkpt lat="39.155193" lon="-77.68573">
        <ele>154.5</ele>
      </trkpt>
      <trkpt lat="39.155186" lon="-77.685654">
        <ele>155.0</ele>
      </trkpt>
      <trkpt lat="39.155182" lon="-77.685577">
        <ele>155.1</ele>
      </trkpt>
      <trkpt lat="39.155178" lon="-77.685501">
        <ele>155.1</ele>
      </trkpt>
      <trkpt lat="39.15517" lon="-77.685417">
        <ele>155.1</ele>
      </trkpt>
      <trkpt lat="39.155167" lon="-77.68534">
        <ele>155.1</ele>
      </trkpt>
      <trkpt lat="39.155155" lon="-77.685256">
        <ele>155.1</ele>
      </trkpt>
      <trkpt lat="39.155147" lon="-77.685181">
        <ele>155.1</ele>
      </trkpt>
      <trkpt lat="39.15514" lon="-77.685104">
        <ele>154.9</ele>
      </trkpt>
      <trkpt lat="39.155128" lon="-77.68502">
        <ele>154.5</ele>
      </trkpt>
      <trkpt lat="39.155121" lon="-77.684937">
        <ele>154.0</ele>
      </trkpt>
      <trkpt lat="39.155113" lon="-77.684853">
        <ele>153.4</ele>
      </trkpt>
      <trkpt lat="39.155106" lon="-77.684776">
        <ele>153.0</ele>
      </trkpt>
      <trkpt lat="39.155102" lon="-77.684685">
        <ele>152.6</ele>
      </trkpt>
      <trkpt lat="39.155098" lon="-77.684593">
        <ele>152.1</ele>
      </trkpt>
      <trkpt lat="39.15509" lon="-77.684502">
        <ele>151.6</ele>
      </trkpt>
      <trkpt lat="39.155083" lon="-77.68441">
        <ele>150.9</ele>
      </trkpt>
      <trkpt lat="39.155074" lon="-77.684296">
        <ele>150.2</ele>
      </trkpt>
      <trkpt lat="39.155067" lon="-77.684196">
        <ele>149.5</ele>
      </trkpt>
      <trkpt lat="39.155056" lon="-77.684082">
        <ele>148.6</ele>
      </trkpt>
      <trkpt lat="39.155048" lon="-77.683967">
        <ele>147.9</ele>
      </trkpt>
      <trkpt lat="39.155037" lon="-77.683853">
        <ele>148.2</ele>
      </trkpt>
      <trkpt lat="39.155029" lon="-77.683739">
        <ele>149.1</ele>
      </trkpt>
      <trkpt lat="39.155018" lon="-77.683617">
        <ele>149.9</ele>
      </trkpt>
      <trkpt lat="39.15501" lon="-77.683502">
        <ele>150.1</ele>
      </trkpt>
      <trkpt lat="39.154995" lon="-77.68338">
        <ele>150.2</ele>
      </trkpt>
      <trkpt lat="39.154984" lon="-77.68325">
        <ele>150.2</ele>
      </trkpt>
      <trkpt lat="39.154976" lon="-77.683121">
        <ele>150.2</ele>
      </trkpt>
      <trkpt lat="39.154964" lon="-77.682991">
        <ele>150.0</ele>
      </trkpt>
      <trkpt lat="39.154953" lon="-77.682869">
        <ele>149.7</ele>
      </trkpt>
      <trkpt lat="39.154942" lon="-77.682732">
        <ele>149.3</ele>
      </trkpt>
      <trkpt lat="39.15493" lon="-77.682602">
        <ele>148.6</ele>
      </trkpt>
      <trkpt lat="39.154919" lon="-77.682457">
        <ele>148.1</ele>
      </trkpt>
      <trkpt lat="39.154911" lon="-77.68232">
        <ele>148.8</ele>
      </trkpt>
      <trkpt lat="39.154903" lon="-77.682182">
        <ele>150.1</ele>
      </trkpt>
      <trkpt lat="39.154896" lon="-77.682045">
        <ele>150.8</ele>
      </trkpt>
      <trkpt lat="39.154891" lon="-77.681908">
        <ele>151.2</ele>
      </trkpt>
      <trkpt lat="39.154888" lon="-77.681778">
        <ele>151.6</ele>
      </trkpt>
      <trkpt lat="39.154888" lon="-77.681648">
        <ele>152.2</ele>
      </trkpt>
      <trkpt lat="39.154896" lon="-77.681526">
        <ele>152.8</ele>
      </trkpt>
      <trkpt lat="39.1549" lon="-77.681404">
        <ele>153.5</ele>
      </trkpt>
      <trkpt lat="39.154903" lon="-77.68129">
        <ele>153.9</ele>
      </trkpt>
      <trkpt lat="39.154907" lon="-77.681175">
        <ele>154.3</ele>
      </trkpt>
      <trkpt lat="39.154911" lon="-77.681053">
        <ele>154.6</ele>
      </trkpt>
      <trkpt lat="39.154915" lon="-77.680939">
        <ele>154.9</ele>
      </trkpt>
      <trkpt lat="39.154922" lon="-77.680832">
        <ele>155.3</ele>
      </trkpt>
      <trkpt lat="39.154926" lon="-77.680725">
        <ele>155.8</ele>
      </trkpt>
      <trkpt lat="39.15493" lon="-77.680634">
        <ele>156.3</ele>
      </trkpt>
      <trkpt lat="39.154938" lon="-77.680534">
        <ele>156.6</ele>
      </trkpt>
      <trkpt lat="39.154942" lon="-77.680443">
        <ele>156.8</ele>
      </trkpt>
      <trkpt lat="39.154953" lon="-77.680359">
        <ele>156.9</ele>
      </trkpt>
      <trkpt lat="39.154961" lon="-77.68026">
        <ele>157.0</ele>
      </trkpt>
      <trkpt lat="39.154964" lon="-77.680168">
        <ele>157.0</ele>
      </trkpt>
      <trkpt lat="39.154967" lon="-77.680077">
        <ele>157.1</ele>
      </trkpt>
      <trkpt lat="39.154972" lon="-77.679993">
        <ele>157.1</ele>
      </trkpt>
      <trkpt lat="39.154976" lon="-77.679893">
        <ele>157.0</ele>
      </trkpt>
      <trkpt lat="39.154984" lon="-77.679802">
        <ele>156.9</ele>
      </trkpt>
      <trkpt lat="39.154991" lon="-77.67971">
        <ele>156.8</ele>
      </trkpt>
      <trkpt lat="39.154995" lon="-77.679611">
        <ele>156.5</ele>
      </trkpt>
      <trkpt lat="39.154995" lon="-77.679512">
        <ele>156.3</ele>
      </trkpt>
      <trkpt lat="39.154998" lon="-77.679419">
        <ele>156.0</ele>
      </trkpt>
      <trkpt lat="39.154998" lon="-77.679321">
        <ele>155.8</ele>
      </trkpt>
      <trkpt lat="39.155003" lon="-77.679222">
        <ele>155.7</ele>
      </trkpt>
      <trkpt lat="39.155006" lon="-77.679131">
        <ele>155.6</ele>
      </trkpt>
      <trkpt lat="39.155014" lon="-77.679039">
        <ele>155.4</ele>
      </trkpt>
      <trkpt lat="39.155018" lon="-77.678946">
        <ele>155.1</ele>
      </trkpt>
      <trkpt lat="39.155022" lon="-77.678856">
        <ele>154.8</ele>
      </trkpt>
      <trkpt lat="39.155025" lon="-77.678757">
        <ele>154.5</ele>
      </trkpt>
      <trkpt lat="39.155033" lon="-77.678665">
        <ele>154.3</ele>
      </trkpt>
      <trkpt lat="39.155033" lon="-77.678558">
        <ele>154.2</ele>
      </trkpt>
      <trkpt lat="39.155037" lon="-77.678467">
        <ele>154.0</ele>
      </trkpt>
      <trkpt lat="39.155045" lon="-77.678383">
        <ele>153.9</ele>
      </trkpt>
      <trkpt lat="39.155048" lon="-77.678299">
        <ele>153.8</ele>
      </trkpt>
      <trkpt lat="39.155056" lon="-77.678223">
        <ele>153.7</ele>
      </trkpt>
      <trkpt lat="39.15506" lon="-77.678146">
        <ele>153.6</ele>
      </trkpt>
      <trkpt lat="39.15506" lon="-77.678085">
        <ele>153.5</ele>
      </trkpt>
      <trkpt lat="39.155064" lon="-77.678032">
        <ele>153.4</ele>
      </trkpt>
      <trkpt lat="39.155067" lon="-77.677986">
        <ele>153.3</ele>
      </trkpt>
      <trkpt lat="39.155071" lon="-77.67794">
        <ele>153.3</ele>
      </trkpt>
      <trkpt lat="39.155071" lon="-77.677902">
        <ele>153.2</ele>
      </trkpt>
      <trkpt lat="39.155071" lon="-77.677864">
        <ele>153.1</ele>
      </trkpt>
      <trkpt lat="39.155074" lon="-77.677841">
        <ele>153.1</ele>
      </trkpt>
      <trkpt lat="39.155079" lon="-77.677818">
        <ele>153.0</ele>
      </trkpt>
      <trkpt lat="39.155083" lon="-77.677788">
        <ele>153.0</ele>
      </trkpt>
      <trkpt lat="39.155087" lon="-77.677734">
        <ele>152.9</ele>
      </trkpt>
      <trkpt lat="39.15509" lon="-77.677711">
        <ele>152.8</ele>
      </trkpt>
      <trkpt lat="39.155094" lon="-77.677681">
        <ele>152.8</ele>
      </trkpt>
      <trkpt lat="39.155098" lon="-77.677635">
        <ele>152.7</ele>
      </trkpt>
      <trkpt lat="39.155102" lon="-77.677582">
        <ele>152.6</ele>
      </trkpt>
      <trkpt lat="39.155098" lon="-77.677528">
        <ele>152.5</ele>
      </trkpt>
      <trkpt lat="39.155098" lon="-77.67746">
        <ele>152.4</ele>
      </trkpt>
      <trkpt lat="39.155098" lon="-77.677391">
        <ele>152.2</ele>
      </trkpt>
      <trkpt lat="39.155098" lon="-77.677314">
        <ele>152.0</ele>
      </trkpt>
      <trkpt lat="39.155102" lon="-77.677238">
        <ele>151.9</ele>
      </trkpt>
      <trkpt lat="39.155102" lon="-77.677155">
        <ele>151.8</ele>
      </trkpt>
      <trkpt lat="39.155102" lon="-77.677078">
        <ele>151.9</ele>
      </trkpt>
      <trkpt lat="39.155106" lon="-77.676987">
        <ele>152.0</ele>
      </trkpt>
      <trkpt lat="39.155106" lon="-77.676888">
        <ele>152.3</ele>
      </trkpt>
      <trkpt lat="39.155106" lon="-77.676788">
        <ele>152.6</ele>
      </trkpt>
      <trkpt lat="39.155109" lon="-77.676682">
        <ele>153.0</ele>
      </trkpt>
      <trkpt lat="39.155113" lon="-77.676575">
        <ele>153.4</ele>
      </trkpt>
      <trkpt lat="39.155113" lon="-77.676468">
        <ele>153.7</ele>
      </trkpt>
      <trkpt lat="39.155113" lon="-77.676368">
        <ele>154.0</ele>
      </trkpt>
      <trkpt lat="39.155121" lon="-77.676262">
        <ele>154.2</ele>
      </trkpt>
      <trkpt lat="39.155125" lon="-77.676155">
        <ele>154.4</ele>
      </trkpt>
      <trkpt lat="39.155136" lon="-77.676056">
        <ele>154.5</ele>
      </trkpt>
      <trkpt lat="39.155159" lon="-77.675963">
        <ele>154.6</ele>
      </trkpt>
      <trkpt lat="39.155193" lon="-77.675873">
        <ele>154.8</ele>
      </trkpt>
      <trkpt lat="39.155239" lon="-77.675804">
        <ele>155.0</ele>
      </trkpt>
      <trkpt lat="39.155296" lon="-77.675743">
        <ele>155.2</ele>
      </trkpt>
      <trkpt lat="39.155354" lon="-77.67569">
        <ele>155.5</ele>
      </trkpt>
      <trkpt lat="39.155411" lon="-77.675652">
        <ele>155.8</ele>
      </trkpt>
      <trkpt lat="39.155472" lon="-77.675606">
        <ele>156.2</ele>
      </trkpt>
      <trkpt lat="39.155525" lon="-77.675575">
        <ele>156.4</ele>
      </trkpt>
      <trkpt lat="39.155586" lon="-77.675529">
        <ele>156.6</ele>
      </trkpt>
      <trkpt lat="39.15564" lon="-77.675484">
        <ele>156.8</ele>
      </trkpt>
      <trkpt lat="39.155693" lon="-77.675445">
        <ele>157.0</ele>
      </trkpt>
      <trkpt lat="39.155746" lon="-77.675415">
        <ele>157.1</ele>
      </trkpt>
      <trkpt lat="39.155796" lon="-77.675377">
        <ele>157.2</ele>
      </trkpt>
      <trkpt lat="39.155845" lon="-77.675338">
        <ele>157.2</ele>
      </trkpt>
      <trkpt lat="39.155899" lon="-77.675293">
        <ele>157.3</ele>
      </trkpt>
      <trkpt lat="39.155949" lon="-77.675255">
        <ele>157.3</ele>
      </trkpt>
      <trkpt lat="39.155994" lon="-77.675224">
        <ele>157.3</ele>
      </trkpt>
      <trkpt lat="39.156044" lon="-77.675194">
        <ele>157.3</ele>
      </trkpt>
      <trkpt lat="39.156094" lon="-77.675163">
        <ele>157.2</ele>
      </trkpt>
      <trkpt lat="39.156147" lon="-77.675125">
        <ele>157.2</ele>
      </trkpt>
      <trkpt lat="39.156193" lon="-77.675095">
        <ele>157.1</ele>
      </trkpt>
      <trkpt lat="39.156239" lon="-77.675056">
        <ele>157.0</ele>
      </trkpt>
      <trkpt lat="39.156284" lon="-77.675026">
        <ele>156.9</ele>
      </trkpt>
      <trkpt lat="39.156334" lon="-77.674995">
        <ele>156.7</ele>
      </trkpt>
      <trkpt lat="39.15638" lon="-77.674957">
        <ele>156.6</ele>
      </trkpt>
      <trkpt lat="39.156429" lon="-77.674919">
        <ele>156.5</ele>
      </trkpt>
      <trkpt lat="39.156475" lon="-77.674888">
        <ele>156.4</ele>
      </trkpt>
      <trkpt lat="39.156521" lon="-77.67485">
        <ele>156.3</ele>
      </trkpt>
      <trkpt lat="39.156563" lon="-77.67482">
        <ele>156.2</ele>
      </trkpt>
      <trkpt lat="39.156605" lon="-77.674789">
        <ele>156.2</ele>
      </trkpt>
      <trkpt lat="39.156643" lon="-77.674759">
        <ele>156.1</ele>
      </trkpt>
      <trkpt lat="39.156681" lon="-77.674728">
        <ele>156.1</ele>
      </trkpt>
      <trkpt lat="39.156719" lon="-77.67469">
        <ele>156.0</ele>
      </trkpt>
      <trkpt lat="39.15675" lon="-77.67466">
        <ele>156.0</ele>
      </trkpt>
      <trkpt lat="39.15678" lon="-77.674614">
        <ele>156.0</ele>
      </trkpt>
      <trkpt lat="39.156799" lon="-77.674567">
        <ele>156.0</ele>
      </trkpt>
      <trkpt lat="39.156807" lon="-77.67453">
        <ele>156.0</ele>
      </trkpt>
      <trkpt lat="39.156811" lon="-77.674484">
        <ele>156.0</ele>
      </trkpt>
      <trkpt lat="39.156802" lon="-77.674438">
        <ele>156.1</ele>
      </trkpt>
      <trkpt lat="39.156788" lon="-77.674385">
        <ele>156.1</ele>
      </trkpt>
      <trkpt lat="39.156773" lon="-77.674332">
        <ele>156.2</ele>
      </trkpt>
      <trkpt lat="39.156757" lon="-77.674278">
        <ele>156.3</ele>
      </trkpt>
      <trkpt lat="39.156738" lon="-77.674217">
        <ele>156.3</ele>
      </trkpt>
      <trkpt lat="39.156723" lon="-77.674156">
        <ele>156.4</ele>
      </trkpt>
      <trkpt lat="39.1567" lon="-77.67408">
        <ele>156.4</ele>
      </trkpt>
      <trkpt lat="39.156681" lon="-77.67401">
        <ele>156.5</ele>
      </trkpt>
      <trkpt lat="39.156662" lon="-77.673943">
        <ele>156.5</ele>
      </trkpt>
      <trkpt lat="39.156643" lon="-77.673866">
        <ele>156.6</ele>
      </trkpt>
      <trkpt lat="39.156624" lon="-77.67379">
        <ele>156.6</ele>
      </trkpt>
      <trkpt lat="39.156605" lon="-77.673706">
        <ele>156.6</ele>
      </trkpt>
      <trkpt lat="39.156586" lon="-77.67363">
        <ele>156.6</ele>
      </trkpt>
      <trkpt lat="39.156574" lon="-77.673546">
        <ele>156.6</ele>
      </trkpt>
      <trkpt lat="39.156563" lon="-77.673462">
        <ele>156.6</ele>
      </trkpt>
      <trkpt lat="39.156555" lon="-77.67337">
        <ele>156.6</ele>
      </trkpt>
      <trkpt lat="39.156555" lon="-77.673278">
        <ele>156.6</ele>
      </trkpt>
      <trkpt lat="39.156555" lon="-77.673203">
        <ele>156.7</ele>
      </trkpt>
      <trkpt lat="39.156559" lon="-77.673111">
        <ele>156.8</ele>
      </trkpt>
      <trkpt lat="39.156567" lon="-77.673019">
        <ele>156.9</ele>
      </trkpt>
      <trkpt lat="39.156574" lon="-77.672943">
        <ele>157.0</ele>
      </trkpt>
      <trkpt lat="39.156582" lon="-77.672873">
        <ele>157.2</ele>
      </trkpt>
      <trkpt lat="39.15659" lon="-77.672798">
        <ele>157.3</ele>
      </trkpt>
      <trkpt lat="39.156593" lon="-77.672729">
        <ele>157.5</ele>
      </trkpt>
      <trkpt lat="39.156601" lon="-77.672668">
        <ele>157.6</ele>
      </trkpt>
      <trkpt lat="39.156612" lon="-77.672592">
        <ele>157.8</ele>
      </trkpt>
      <trkpt lat="39.156619" lon="-77.672516">
        <ele>157.9</ele>
      </trkpt>
      <trkpt lat="39.156631" lon="-77.672447">
        <ele>158.1</ele>
      </trkpt>
      <trkpt lat="39.156643" lon="-77.672379">
        <ele>158.2</ele>
      </trkpt>
      <trkpt lat="39.15665" lon="-77.67231">
        <ele>158.3</ele>
      </trkpt>
      <trkpt lat="39.156658" lon="-77.672248">
        <ele>158.4</ele>
      </trkpt>
      <trkpt lat="39.156666" lon="-77.67218">
        <ele>158.4</ele>
      </trkpt>
      <trkpt lat="39.156677" lon="-77.672112">
        <ele>158.4</ele>
      </trkpt>
      <trkpt lat="39.156685" lon="-77.672034">
        <ele>158.4</ele>
      </trkpt>
      <trkpt lat="39.156693" lon="-77.671967">
        <ele>158.4</ele>
      </trkpt>
      <trkpt lat="39.1567" lon="-77.671898">
        <ele>158.3</ele>
      </trkpt>
      <trkpt lat="39.156708" lon="-77.671837">
        <ele>158.2</ele>
      </trkpt>
      <trkpt lat="39.156715" lon="-77.671768">
        <ele>158.0</ele>
      </trkpt>
      <trkpt lat="39.156723" lon="-77.671707">
        <ele>157.8</ele>
      </trkpt>
      <trkpt lat="39.156731" lon="-77.671638">
        <ele>157.6</ele>
      </trkpt>
      <trkpt lat="39.156738" lon="-77.67157">
        <ele>157.4</ele>
      </trkpt>
      <trkpt lat="39.156746" lon="-77.671501">
        <ele>157.1</ele>
      </trkpt>
      <trkpt lat="39.156757" lon="-77.671432">
        <ele>156.8</ele>
      </trkpt>
      <trkpt lat="39.156765" lon="-77.671356">
        <ele>156.5</ele>
      </trkpt>
      <trkpt lat="39.156773" lon="-77.67128">
        <ele>156.3</ele>
      </trkpt>
      <trkpt lat="39.15678" lon="-77.671204">
        <ele>156.0</ele>
      </trkpt>
      <trkpt lat="39.156788" lon="-77.671127">
        <ele>155.8</ele>
      </trkpt>
      <trkpt lat="39.156799" lon="-77.671059">
        <ele>155.6</ele>
      </trkpt>
      <trkpt lat="39.156811" lon="-77.670982">
        <ele>155.4</ele>
      </trkpt>
      <trkpt lat="39.156815" lon="-77.670906">
        <ele>155.2</ele>
      </trkpt>
      <trkpt lat="39.156822" lon="-77.670837">
        <ele>154.9</ele>
      </trkpt>
      <trkpt lat="39.156826" lon="-77.670761">
        <ele>154.7</ele>
      </trkpt>
      <trkpt lat="39.156822" lon="-77.670685">
        <ele>154.5</ele>
      </trkpt>
      <trkpt lat="39.156822" lon="-77.670624">
        <ele>154.3</ele>
      </trkpt>
      <trkpt lat="39.156815" lon="-77.670554">
        <ele>154.1</ele>
      </trkpt>
      <trkpt lat="39.156802" lon="-77.670479">
        <ele>153.8</ele>
      </trkpt>
      <trkpt lat="39.156792" lon="-77.67041">
        <ele>153.5</ele>
      </trkpt>
      <trkpt lat="39.156776" lon="-77.67034">
        <ele>153.3</ele>
      </trkpt>
      <trkpt lat="39.156761" lon="-77.670273">
        <ele>153.2</ele>
      </trkpt>
      <trkpt lat="39.156746" lon="-77.670212">
        <ele>153.0</ele>
      </trkpt>
      <trkpt lat="39.156726" lon="-77.670143">
        <ele>152.9</ele>
      </trkpt>
      <trkpt lat="39.156704" lon="-77.670074">
        <ele>152.7</ele>
      </trkpt>
      <trkpt lat="39.156685" lon="-77.670006">
        <ele>152.6</ele>
      </trkpt>
      <trkpt lat="39.156662" lon="-77.669929">
        <ele>152.4</ele>
      </trkpt>
      <trkpt lat="39.156639" lon="-77.669853">
        <ele>152.2</ele>
      </trkpt>
      <trkpt lat="39.156619" lon="-77.669777">
        <ele>151.9</ele>
      </trkpt>
      <trkpt lat="39.156597" lon="-77.669693">
        <ele>151.4</ele>
      </trkpt>
      <trkpt lat="39.156574" lon="-77.669609">
        <ele>150.8</ele>
      </trkpt>
      <trkpt lat="39.156555" lon="-77.669524">
        <ele>150.1</ele>
      </trkpt>
      <trkpt lat="39.156532" lon="-77.669441">
        <ele>149.3</ele>
      </trkpt>
      <trkpt lat="39.156509" lon="-77.669357">
        <ele>148.8</ele>
      </trkpt>
      <trkpt lat="39.156483" lon="-77.669265">
        <ele>148.3</ele>
      </trkpt>
      <trkpt lat="39.15646" lon="-77.669174">
        <ele>147.8</ele>
      </trkpt>
      <trkpt lat="39.156433" lon="-77.669083">
        <ele>147.1</ele>
      </trkpt>
      <trkpt lat="39.156405" lon="-77.668991">
        <ele>146.6</ele>
      </trkpt>
      <trkpt lat="39.15638" lon="-77.668899">
        <ele>146.6</ele>
      </trkpt>
      <trkpt lat="39.156357" lon="-77.668808">
        <ele>147.2</ele>
      </trkpt>
      <trkpt lat="39.156329" lon="-77.668709">
        <ele>147.7</ele>
      </trkpt>
      <trkpt lat="39.156303" lon="-77.668617">
        <ele>148.1</ele>
      </trkpt>
      <trkpt lat="39.156273" lon="-77.66851">
        <ele>148.4</ele>
      </trkpt>
      <trkpt lat="39.156246" lon="-77.668411">
        <ele>148.6</ele>
      </trkpt>
      <trkpt lat="39.156223" lon="-77.668312">
        <ele>149.0</ele>
      </trkpt>
      <trkpt lat="39.156193" lon="-77.668205">
        <ele>149.5</ele>
      </trkpt>
      <trkpt lat="39.15617" lon="-77.668106">
        <ele>150.0</ele>
      </trkpt>
      <trkpt lat="39.156143" lon="-77.668015">
        <ele>150.5</ele>
      </trkpt>
      <trkpt lat="39.15612" lon="-77.667914">
        <ele>150.8</ele>
      </trkpt>
      <trkpt lat="39.156094" lon="-77.667824">
        <ele>151.1</ele>
      </trkpt>
      <trkpt lat="39.156071" lon="-77.667732">
        <ele>151.3</ele>
      </trkpt>
      <trkpt lat="39.156048" lon="-77.667648">
        <ele>151.5</ele>
      </trkpt>
      <trkpt lat="39.156025" lon="-77.667564">
        <ele>151.6</ele>
      </trkpt>
      <trkpt lat="39.156002" lon="-77.66748">
        <ele>151.8</ele>
      </trkpt>
      <trkpt lat="39.155979" lon="-77.667404">
        <ele>152.0</ele>
      </trkpt>
      <trkpt lat="39.15596" lon="-77.667328">
        <ele>152.3</ele>
      </trkpt>
      <trkpt lat="39.155941" lon="-77.667259">
        <ele>152.7</ele>
      </trkpt>
      <trkpt lat="39.155921" lon="-77.667191">
        <ele>153.0</ele>
      </trkpt>
      <trkpt lat="39.155903" lon="-77.667122">
        <ele>153.3</ele>
      </trkpt>
      <trkpt lat="39.155888" lon="-77.667061">
        <ele>153.4</ele>
      </trkpt>
      <trkpt lat="39.155869" lon="-77.667">
        <ele>153.6</ele>
      </trkpt>
      <trkpt lat="39.155849" lon="-77.666939">
        <ele>153.7</ele>
      </trkpt>
      <trkpt lat="39.155834" lon="-77.666878">
        <ele>153.7</ele>
      </trkpt>
      <trkpt lat="39.155814" lon="-77.666817">
        <ele>153.8</ele>
      </trkpt>
      <trkpt lat="39.1558" lon="-77.666756">
        <ele>153.8</ele>
      </trkpt>
      <trkpt lat="39.155785" lon="-77.666702">
        <ele>153.8</ele>
      </trkpt>
      <trkpt lat="39.155769" lon="-77.666649">
        <ele>153.8</ele>
      </trkpt>
      <trkpt lat="39.15575" lon="-77.666595">
        <ele>153.8</ele>
      </trkpt>
      <trkpt lat="39.155735" lon="-77.666534">
        <ele>153.8</ele>
      </trkpt>
      <trkpt lat="39.15572" lon="-77.666489">
        <ele>153.7</ele>
      </trkpt>
      <trkpt lat="39.155704" lon="-77.666428">
        <ele>153.6</ele>
      </trkpt>
      <trkpt lat="39.155689" lon="-77.666374">
        <ele>153.6</ele>
      </trkpt>
      <trkpt lat="39.155674" lon="-77.666321">
        <ele>153.5</ele>
      </trkpt>
      <trkpt lat="39.155659" lon="-77.666267">
        <ele>153.3</ele>
      </trkpt>
      <trkpt lat="39.15564" lon="-77.666222">
        <ele>153.3</ele>
      </trkpt>
      <trkpt lat="39.155624" lon="-77.666175">
        <ele>153.2</ele>
      </trkpt>
      <trkpt lat="39.155617" lon="-77.666138">
        <ele>153.1</ele>
      </trkpt>
      <trkpt lat="39.155556" lon="-77.665916">
        <ele>152.5</ele>
      </trkpt>
      <trkpt lat="39.155548" lon="-77.665901">
        <ele>152.5</ele>
      </trkpt>
      <trkpt lat="39.15554" lon="-77.665871">
        <ele>152.6</ele>
      </trkpt>
      <trkpt lat="39.155533" lon="-77.665833">
        <ele>152.6</ele>
      </trkpt>
      <trkpt lat="39.155533" lon="-77.665779">
        <ele>152.6</ele>
      </trkpt>
      <trkpt lat="39.155537" lon="-77.665726">
        <ele>152.5</ele>
      </trkpt>
      <trkpt lat="39.155544" lon="-77.665672">
        <ele>152.5</ele>
      </trkpt>
      <trkpt lat="39.155563" lon="-77.665611">
        <ele>152.5</ele>
      </trkpt>
      <trkpt lat="39.155586" lon="-77.66555">
        <ele>152.5</ele>
      </trkpt>
      <trkpt lat="39.155609" lon="-77.665488">
        <ele>152.5</ele>
      </trkpt>
      <trkpt lat="39.155632" lon="-77.665428">
        <ele>152.6</ele>
      </trkpt>
      <trkpt lat="39.155662" lon="-77.665359">
        <ele>152.7</ele>
      </trkpt>
      <trkpt lat="39.155693" lon="-77.665298">
        <ele>152.7</ele>
      </trkpt>
      <trkpt lat="39.155724" lon="-77.665237">
        <ele>152.7</ele>
      </trkpt>
      <trkpt lat="39.155754" lon="-77.665184">
        <ele>152.7</ele>
      </trkpt>
      <trkpt lat="39.155777" lon="-77.665123">
        <ele>152.7</ele>
      </trkpt>
      <trkpt lat="39.155804" lon="-77.665062">
        <ele>152.6</ele>
      </trkpt>
      <trkpt lat="39.155834" lon="-77.665001">
        <ele>152.4</ele>
      </trkpt>
      <trkpt lat="39.155857" lon="-77.66494">
        <ele>152.1</ele>
      </trkpt>
      <trkpt lat="39.155884" lon="-77.664879">
        <ele>151.9</ele>
      </trkpt>
      <trkpt lat="39.15591" lon="-77.664824">
        <ele>151.7</ele>
      </trkpt>
      <trkpt lat="39.155933" lon="-77.664772">
        <ele>151.5</ele>
      </trkpt>
      <trkpt lat="39.15596" lon="-77.664726">
        <ele>151.3</ele>
      </trkpt>
      <trkpt lat="39.155987" lon="-77.664672">
        <ele>151.3</ele>
      </trkpt>
      <trkpt lat="39.15601" lon="-77.664619">
        <ele>151.2</ele>
      </trkpt>
      <trkpt lat="39.156036" lon="-77.664574">
        <ele>151.2</ele>
      </trkpt>
      <trkpt lat="39.156059" lon="-77.664528">
        <ele>151.1</ele>
      </trkpt>
      <trkpt lat="39.156078" lon="-77.664474">
        <ele>151.2</ele>
      </trkpt>
      <trkpt lat="39.156101" lon="-77.664429">
        <ele>151.1</ele>
      </trkpt>
      <trkpt lat="39.156124" lon="-77.664375">
        <ele>151.1</ele>
      </trkpt>
      <trkpt lat="39.156147" lon="-77.664322">
        <ele>151.1</ele>
      </trkpt>
      <trkpt lat="39.156166" lon="-77.664268">
        <ele>151.0</ele>
      </trkpt>
      <trkpt lat="39.156189" lon="-77.664215">
        <ele>150.9</ele>
      </trkpt>
      <trkpt lat="39.156211" lon="-77.664162">
        <ele>150.7</ele>
      </trkpt>
      <trkpt lat="39.156235" lon="-77.664116">
        <ele>150.5</ele>
      </trkpt>
      <trkpt lat="39.156261" lon="-77.66407">
        <ele>150.3</ele>
      </trkpt>
      <trkpt lat="39.156288" lon="-77.664024">
        <ele>150.1</ele>
      </trkpt>
      <trkpt lat="39.156311" lon="-77.663971">
        <ele>149.9</ele>
      </trkpt>
      <trkpt lat="39.156329" lon="-77.663925">
        <ele>149.7</ele>
      </trkpt>
      <trkpt lat="39.156357" lon="-77.663872">
        <ele>149.4</ele>
      </trkpt>
      <trkpt lat="39.15638" lon="-77.663818">
        <ele>149.2</ele>
      </trkpt>
      <trkpt lat="39.156399" lon="-77.663773">
        <ele>149.0</ele>
      </trkpt>
      <trkpt lat="39.156418" lon="-77.663719">
        <ele>148.9</ele>
      </trkpt>
      <trkpt lat="39.156441" lon="-77.663673">
        <ele>148.7</ele>
      </trkpt>
      <trkpt lat="39.156456" lon="-77.663628">
        <ele>148.6</ele>
      </trkpt>
      <trkpt lat="39.156475" lon="-77.663582">
        <ele>148.4</ele>
      </trkpt>
      <trkpt lat="39.156494" lon="-77.663528">
        <ele>148.3</ele>
      </trkpt>
      <trkpt lat="39.156512" lon="-77.663483">
        <ele>148.2</ele>
      </trkpt>
      <trkpt lat="39.156532" lon="-77.663437">
        <ele>148.1</ele>
      </trkpt>
      <trkpt lat="39.156555" lon="-77.663376">
        <ele>147.9</ele>
      </trkpt>
      <trkpt lat="39.156578" lon="-77.66333">
        <ele>147.8</ele>
      </trkpt>
      <trkpt lat="39.156601" lon="-77.663284">
        <ele>147.7</ele>
      </trkpt>
      <trkpt lat="39.156624" lon="-77.663231">
        <ele>147.5</ele>
      </trkpt>
      <trkpt lat="39.156647" lon="-77.663177">
        <ele>147.4</ele>
      </trkpt>
      <trkpt lat="39.15667" lon="-77.663132">
        <ele>147.2</ele>
      </trkpt>
      <trkpt lat="39.156693" lon="-77.663078">
        <ele>147.1</ele>
      </trkpt>
      <trkpt lat="39.156715" lon="-77.663033">
        <ele>147.0</ele>
      </trkpt>
      <trkpt lat="39.156738" lon="-77.662979">
        <ele>146.9</ele>
      </trkpt>
      <trkpt lat="39.156761" lon="-77.662926">
        <ele>146.8</ele>
      </trkpt>
      <trkpt lat="39.156788" lon="-77.662871">
        <ele>146.7</ele>
      </trkpt>
      <trkpt lat="39.156811" lon="-77.662819">
        <ele>146.6</ele>
      </trkpt>
      <trkpt lat="39.156834" lon="-77.662773">
        <ele>146.6</ele>
      </trkpt>
      <trkpt lat="39.156853" lon="-77.662727">
        <ele>146.5</ele>
      </trkpt>
      <trkpt lat="39.156875" lon="-77.662674">
        <ele>146.4</ele>
      </trkpt>
      <trkpt lat="39.156895" lon="-77.662621">
        <ele>146.2</ele>
      </trkpt>
      <trkpt lat="39.156918" lon="-77.662575">
        <ele>146.1</ele>
      </trkpt>
      <trkpt lat="39.156933" lon="-77.662529">
        <ele>146.0</ele>
      </trkpt>
      <trkpt lat="39.156951" lon="-77.662476">
        <ele>145.9</ele>
      </trkpt>
      <trkpt lat="39.156967" lon="-77.662422">
        <ele>145.8</ele>
      </trkpt>
      <trkpt lat="39.156979" lon="-77.662369">
        <ele>145.7</ele>
      </trkpt>
      <trkpt lat="39.15699" lon="-77.662315">
        <ele>145.7</ele>
      </trkpt>
      <trkpt lat="39.156998" lon="-77.662262">
        <ele>145.6</ele>
      </trkpt>
      <trkpt lat="39.157005" lon="-77.662209">
        <ele>145.6</ele>
      </trkpt>
      <trkpt lat="39.157013" lon="-77.662148">
        <ele>145.5</ele>
      </trkpt>
      <trkpt lat="39.157021" lon="-77.662094">
        <ele>145.5</ele>
      </trkpt>
      <trkpt lat="39.157024" lon="-77.662041">
        <ele>145.4</ele>
      </trkpt>
      <trkpt lat="39.157032" lon="-77.66198">
        <ele>145.3</ele>
      </trkpt>
      <trkpt lat="39.15704" lon="-77.661925">
        <ele>145.2</ele>
      </trkpt>
      <trkpt lat="39.157043" lon="-77.661873">
        <ele>145.1</ele>
      </trkpt>
      <trkpt lat="39.157047" lon="-77.661819">
        <ele>145.1</ele>
      </trkpt>
      <trkpt lat="39.157051" lon="-77.661758">
        <ele>145.0</ele>
      </trkpt>
      <trkpt lat="39.157058" lon="-77.661697">
        <ele>144.8</ele>
      </trkpt>
      <trkpt lat="39.157063" lon="-77.661644">
        <ele>144.7</ele>
      </trkpt>
      <trkpt lat="39.15707" lon="-77.661591">
        <ele>144.6</ele>
      </trkpt>
      <trkpt lat="39.157078" lon="-77.66153">
        <ele>144.4</ele>
      </trkpt>
      <trkpt lat="39.157082" lon="-77.661475">
        <ele>144.2</ele>
      </trkpt>
      <trkpt lat="39.157089" lon="-77.66143">
        <ele>144.1</ele>
      </trkpt>
      <trkpt lat="39.157097" lon="-77.661368">
        <ele>143.9</ele>
      </trkpt>
      <trkpt lat="39.157101" lon="-77.661308">
        <ele>143.8</ele>
      </trkpt>
      <trkpt lat="39.157103" lon="-77.661263">
        <ele>143.7</ele>
      </trkpt>
      <trkpt lat="39.157108" lon="-77.661201">
        <ele>143.5</ele>
      </trkpt>
      <trkpt lat="39.157112" lon="-77.661148">
        <ele>143.4</ele>
      </trkpt>
      <trkpt lat="39.157116" lon="-77.661102">
        <ele>143.2</ele>
      </trkpt>
      <trkpt lat="39.157124" lon="-77.661049">
        <ele>143.0</ele>
      </trkpt>
      <trkpt lat="39.157131" lon="-77.661002">
        <ele>142.9</ele>
      </trkpt>
      <trkpt lat="39.157134" lon="-77.66095">
        <ele>142.7</ele>
      </trkpt>
      <trkpt lat="39.157143" lon="-77.660904">
        <ele>142.6</ele>
      </trkpt>
      <trkpt lat="39.157146" lon="-77.66085">
        <ele>142.4</ele>
      </trkpt>
      <trkpt lat="39.15715" lon="-77.660797">
        <ele>142.2</ele>
      </trkpt>
      <trkpt lat="39.157158" lon="-77.660743">
        <ele>141.9</ele>
      </trkpt>
      <trkpt lat="39.157162" lon="-77.660698">
        <ele>141.7</ele>
      </trkpt>
      <trkpt lat="39.157169" lon="-77.660645">
        <ele>141.3</ele>
      </trkpt>
      <trkpt lat="39.157177" lon="-77.660599">
        <ele>141.0</ele>
      </trkpt>
      <trkpt lat="39.157177" lon="-77.660552">
        <ele>140.7</ele>
      </trkpt>
      <trkpt lat="39.157185" lon="-77.660507">
        <ele>140.4</ele>
      </trkpt>
      <trkpt lat="39.157185" lon="-77.660469">
        <ele>140.2</ele>
      </trkpt>
      <trkpt lat="39.157188" lon="-77.660431">
        <ele>140.0</ele>
      </trkpt>
      <trkpt lat="39.157188" lon="-77.660385">
        <ele>139.7</ele>
      </trkpt>
      <trkpt lat="39.157188" lon="-77.660347">
        <ele>139.6</ele>
      </trkpt>
      <trkpt lat="39.157188" lon="-77.660301">
        <ele>139.3</ele>
      </trkpt>
      <trkpt lat="39.157188" lon="-77.660255">
        <ele>139.1</ele>
      </trkpt>
      <trkpt lat="39.157192" lon="-77.66021">
        <ele>138.8</ele>
      </trkpt>
      <trkpt lat="39.157196" lon="-77.660172">
        <ele>138.6</ele>
      </trkpt>
      <trkpt lat="39.157196" lon="-77.660133">
        <ele>138.3</ele>
      </trkpt>
      <trkpt lat="39.157196" lon="-77.660095">
        <ele>137.9</ele>
      </trkpt>
      <trkpt lat="39.157196" lon="-77.660049">
        <ele>137.5</ele>
      </trkpt>
      <trkpt lat="39.157196" lon="-77.660004">
        <ele>137.1</ele>
      </trkpt>
      <trkpt lat="39.1572" lon="-77.65995">
        <ele>136.8</ele>
      </trkpt>
      <trkpt lat="39.1572" lon="-77.659904">
        <ele>136.5</ele>
      </trkpt>
      <trkpt lat="39.1572" lon="-77.659851">
        <ele>136.3</ele>
      </trkpt>
      <trkpt lat="39.157204" lon="-77.659805">
        <ele>136.1</ele>
      </trkpt>
      <trkpt lat="39.157207" lon="-77.659752">
        <ele>135.9</ele>
      </trkpt>
      <trkpt lat="39.157207" lon="-77.659698">
        <ele>135.7</ele>
      </trkpt>
      <trkpt lat="39.15721" lon="-77.659653">
        <ele>135.4</ele>
      </trkpt>
      <trkpt lat="39.15721" lon="-77.659599">
        <ele>135.0</ele>
      </trkpt>
      <trkpt lat="39.15721" lon="-77.659546">
        <ele>134.6</ele>
      </trkpt>
      <trkpt lat="39.157215" lon="-77.6595">
        <ele>134.3</ele>
      </trkpt>
      <trkpt lat="39.157215" lon="-77.659454">
        <ele>134.1</ele>
      </trkpt>
      <trkpt lat="39.157215" lon="-77.659409">
        <ele>133.8</ele>
      </trkpt>
      <trkpt lat="39.157215" lon="-77.659363">
        <ele>133.6</ele>
      </trkpt>
      <trkpt lat="39.157215" lon="-77.659317">
        <ele>133.3</ele>
      </trkpt>
      <trkpt lat="39.157215" lon="-77.659271">
        <ele>133.0</ele>
      </trkpt>
      <trkpt lat="39.157219" lon="-77.659225">
        <ele>132.7</ele>
      </trkpt>
      <trkpt lat="39.157223" lon="-77.65918">
        <ele>132.4</ele>
      </trkpt>
      <trkpt lat="39.157227" lon="-77.659134">
        <ele>132.1</ele>
      </trkpt>
      <trkpt lat="39.157227" lon="-77.659088">
        <ele>131.7</ele>
      </trkpt>
      <trkpt lat="39.157227" lon="-77.659042">
        <ele>131.5</ele>
      </trkpt>
      <trkpt lat="39.157227" lon="-77.658997">
        <ele>131.3</ele>
      </trkpt>
      <trkpt lat="39.15723" lon="-77.658958">
        <ele>131.1</ele>
      </trkpt>
      <trkpt lat="39.157234" lon="-77.65892">
        <ele>131.0</ele>
      </trkpt>
      <trkpt lat="39.157238" lon="-77.658875">
        <ele>130.7</ele>
      </trkpt>
      <trkpt lat="39.157238" lon="-77.658835">
        <ele>130.5</ele>
      </trkpt>
      <trkpt lat="39.157241" lon="-77.65879">
        <ele>130.2</ele>
      </trkpt>
      <trkpt lat="39.157249" lon="-77.658745">
        <ele>130.0</ele>
      </trkpt>
      <trkpt lat="39.157249" lon="-77.658691">
        <ele>129.7</ele>
      </trkpt>
      <trkpt lat="39.157253" lon="-77.658646">
        <ele>129.4</ele>
      </trkpt>
      <trkpt lat="39.157253" lon="-77.6586">
        <ele>129.2</ele>
      </trkpt>
      <trkpt lat="39.157253" lon="-77.658554">
        <ele>128.9</ele>
      </trkpt>
      <trkpt lat="39.157253" lon="-77.658501">
        <ele>128.7</ele>
      </trkpt>
      <trkpt lat="39.157257" lon="-77.658447">
        <ele>128.4</ele>
      </trkpt>
      <trkpt lat="39.157261" lon="-77.658394">
        <ele>128.1</ele>
      </trkpt>
      <trkpt lat="39.157265" lon="-77.65834">
        <ele>127.8</ele>
      </trkpt>
      <trkpt lat="39.157269" lon="-77.658287">
        <ele>127.5</ele>
      </trkpt>
      <trkpt lat="39.157269" lon="-77.658241">
        <ele>127.2</ele>
      </trkpt>
      <trkpt lat="39.157265" lon="-77.658188">
        <ele>126.9</ele>
      </trkpt>
      <trkpt lat="39.157261" lon="-77.658134">
        <ele>126.7</ele>
      </trkpt>
      <trkpt lat="39.157261" lon="-77.658081">
        <ele>126.4</ele>
      </trkpt>
      <trkpt lat="39.157261" lon="-77.658028">
        <ele>126.1</ele>
      </trkpt>
      <trkpt lat="39.157261" lon="-77.657967">
        <ele>125.6</ele>
      </trkpt>
      <trkpt lat="39.157261" lon="-77.657906">
        <ele>125.3</ele>
      </trkpt>
      <trkpt lat="39.157261" lon="-77.65786">
        <ele>125.0</ele>
      </trkpt>
      <trkpt lat="39.157261" lon="-77.657799">
        <ele>124.7</ele>
      </trkpt>
      <trkpt lat="39.157261" lon="-77.657745">
        <ele>124.4</ele>
      </trkpt>
      <trkpt lat="39.157265" lon="-77.657684">
        <ele>124.1</ele>
      </trkpt>
      <trkpt lat="39.157269" lon="-77.657623">
        <ele>123.9</ele>
      </trkpt>
      <trkpt lat="39.157265" lon="-77.657546">
        <ele>123.6</ele>
      </trkpt>
      <trkpt lat="39.157265" lon="-77.657486">
        <ele>123.3</ele>
      </trkpt>
      <trkpt lat="39.157261" lon="-77.65741">
        <ele>122.7</ele>
      </trkpt>
      <trkpt lat="39.157261" lon="-77.657341">
        <ele>122.1</ele>
      </trkpt>
      <trkpt lat="39.157265" lon="-77.657265">
        <ele>121.6</ele>
      </trkpt>
      <trkpt lat="39.157276" lon="-77.657188">
        <ele>121.3</ele>
      </trkpt>
      <trkpt lat="39.157299" lon="-77.657112">
        <ele>121.1</ele>
      </trkpt>
      <trkpt lat="39.157333" lon="-77.657043">
        <ele>121.1</ele>
      </trkpt>
      <trkpt lat="39.157372" lon="-77.656982">
        <ele>121.1</ele>
      </trkpt>
      <trkpt lat="39.157413" lon="-77.656929">
        <ele>121.0</ele>
      </trkpt>
      <trkpt lat="39.157459" lon="-77.656876">
        <ele>121.0</ele>
      </trkpt>
      <trkpt lat="39.157509" lon="-77.65683">
        <ele>120.9</ele>
      </trkpt>
      <trkpt lat="39.157558" lon="-77.656775">
        <ele>120.9</ele>
      </trkpt>
      <trkpt lat="39.157608" lon="-77.656723">
        <ele>120.8</ele>
      </trkpt>
      <trkpt lat="39.157661" lon="-77.656662">
        <ele>120.8</ele>
      </trkpt>
      <trkpt lat="39.157707" lon="-77.656601">
        <ele>120.7</ele>
      </trkpt>
      <trkpt lat="39.157756" lon="-77.656532">
        <ele>120.6</ele>
      </trkpt>
      <trkpt lat="39.157803" lon="-77.656456">
        <ele>120.4</ele>
      </trkpt>
      <trkpt lat="39.157845" lon="-77.65638">
        <ele>120.3</ele>
      </trkpt>
      <trkpt lat="39.15789" lon="-77.656296">
        <ele>120.1</ele>
      </trkpt>
      <trkpt lat="39.157932" lon="-77.656204">
        <ele>119.9</ele>
      </trkpt>
      <trkpt lat="39.157959" lon="-77.656105">
        <ele>119.6</ele>
      </trkpt>
      <trkpt lat="39.157974" lon="-77.655998">
        <ele>119.3</ele>
      </trkpt>
      <trkpt lat="39.15799" lon="-77.655876">
        <ele>119.2</ele>
      </trkpt>
      <trkpt lat="39.15799" lon="-77.655745">
        <ele>119.4</ele>
      </trkpt>
      <trkpt lat="39.157981" lon="-77.655624">
        <ele>119.8</ele>
      </trkpt>
      <trkpt lat="39.157981" lon="-77.655502">
        <ele>120.2</ele>
      </trkpt>
      <trkpt lat="39.15799" lon="-77.655396">
        <ele>120.5</ele>
      </trkpt>
      <trkpt lat="39.158012" lon="-77.655289">
        <ele>120.8</ele>
      </trkpt>
      <trkpt lat="39.158054" lon="-77.65519">
        <ele>120.8</ele>
      </trkpt>
      <trkpt lat="39.158108" lon="-77.655098">
        <ele>120.8</ele>
      </trkpt>
      <trkpt lat="39.158169" lon="-77.655014">
        <ele>120.8</ele>
      </trkpt>
      <trkpt lat="39.15823" lon="-77.654938">
        <ele>120.9</ele>
      </trkpt>
      <trkpt lat="39.158291" lon="-77.654861">
        <ele>120.9</ele>
      </trkpt>
      <trkpt lat="39.15836" lon="-77.654777">
        <ele>121.0</ele>
      </trkpt>
      <trkpt lat="39.158432" lon="-77.654701">
        <ele>121.0</ele>
      </trkpt>
      <trkpt lat="39.158508" lon="-77.654625">
        <ele>121.0</ele>
      </trkpt>
      <trkpt lat="39.158581" lon="-77.654549">
        <ele>121.0</ele>
      </trkpt>
      <trkpt lat="39.158653" lon="-77.654465">
        <ele>121.0</ele>
      </trkpt>
      <trkpt lat="39.158726" lon="-77.654388">
        <ele>121.0</ele>
      </trkpt>
      <trkpt lat="39.158794" lon="-77.654312">
        <ele>121.0</ele>
      </trkpt>
      <trkpt lat="39.158867" lon="-77.654236">
        <ele>120.9</ele>
      </trkpt>
      <trkpt lat="39.158936" lon="-77.654152">
        <ele>120.9</ele>
      </trkpt>
      <trkpt lat="39.159" lon="-77.65406">
        <ele>120.9</ele>
      </trkpt>
      <trkpt lat="39.159061" lon="-77.653969">
        <ele>120.9</ele>
      </trkpt>
      <trkpt lat="39.159111" lon="-77.653877">
        <ele>120.9</ele>
      </trkpt>
      <trkpt lat="39.159153" lon="-77.653778">
        <ele>120.9</ele>
      </trkpt>
      <trkpt lat="39.15918" lon="-77.653671">
        <ele>120.9</ele>
      </trkpt>
      <trkpt lat="39.159191" lon="-77.653564">
        <ele>120.9</ele>
      </trkpt>
      <trkpt lat="39.15918" lon="-77.65345">
        <ele>121.0</ele>
      </trkpt>
      <trkpt lat="39.159161" lon="-77.653343">
        <ele>121.0</ele>
      </trkpt>
      <trkpt lat="39.159138" lon="-77.653236">
        <ele>121.0</ele>
      </trkpt>
      <trkpt lat="39.159115" lon="-77.653137">
        <ele>120.9</ele>
      </trkpt>
      <trkpt lat="39.159087" lon="-77.653038">
        <ele>120.8</ele>
      </trkpt>
      <trkpt lat="39.159061" lon="-77.652939">
        <ele>120.8</ele>
      </trkpt>
      <trkpt lat="39.159031" lon="-77.65284">
        <ele>120.8</ele>
      </trkpt>
      <trkpt lat="39.159" lon="-77.652733">
        <ele>120.9</ele>
      </trkpt>
      <trkpt lat="39.158969" lon="-77.652634">
        <ele>121.4</ele>
      </trkpt>
      <trkpt lat="39.158932" lon="-77.652527">
        <ele>121.9</ele>
      </trkpt>
      <trkpt lat="39.15889" lon="-77.65242">
        <ele>122.3</ele>
      </trkpt>
      <trkpt lat="39.158852" lon="-77.652321">
        <ele>122.4</ele>
      </trkpt>
      <trkpt lat="39.158817" lon="-77.652222">
        <ele>122.5</ele>
      </trkpt>
      <trkpt lat="39.158786" lon="-77.65213">
        <ele>122.6</ele>
      </trkpt>
      <trkpt lat="39.158755" lon="-77.65203">
        <ele>122.7</ele>
      </trkpt>
      <trkpt lat="39.15873" lon="-77.651939">
        <ele>122.7</ele>
      </trkpt>
      <trkpt lat="39.158707" lon="-77.651848">
        <ele>122.6</ele>
      </trkpt>
      <trkpt lat="39.158691" lon="-77.651756">
        <ele>122.5</ele>
      </trkpt>
      <trkpt lat="39.158672" lon="-77.651672">
        <ele>122.4</ele>
      </trkpt>
      <trkpt lat="39.158657" lon="-77.65158">
        <ele>122.2</ele>
      </trkpt>
      <trkpt lat="39.158642" lon="-77.651482">
        <ele>121.8</ele>
      </trkpt>
      <trkpt lat="39.158627" lon="-77.65139">
        <ele>121.3</ele>
      </trkpt>
      <trkpt lat="39.158603" lon="-77.651299">
        <ele>120.8</ele>
      </trkpt>
      <trkpt lat="39.158581" lon="-77.651207">
        <ele>120.5</ele>
      </trkpt>
      <trkpt lat="39.158558" lon="-77.651115">
        <ele>120.4</ele>
      </trkpt>
      <trkpt lat="39.158531" lon="-77.651024">
        <ele>120.3</ele>
      </trkpt>
      <trkpt lat="39.158501" lon="-77.650925">
        <ele>120.1</ele>
      </trkpt>
      <trkpt lat="39.158474" lon="-77.650826">
        <ele>119.9</ele>
      </trkpt>
      <trkpt lat="39.158447" lon="-77.650734">
        <ele>119.7</ele>
      </trkpt>
      <trkpt lat="39.158421" lon="-77.650642">
        <ele>119.6</ele>
      </trkpt>
      <trkpt lat="39.15839" lon="-77.65055">
        <ele>119.6</ele>
      </trkpt>
      <trkpt lat="39.158356" lon="-77.650467">
        <ele>119.6</ele>
      </trkpt>
      <trkpt lat="39.158314" lon="-77.650398">
        <ele>119.7</ele>
      </trkpt>
      <trkpt lat="39.158268" lon="-77.650336">
        <ele>119.8</ele>
      </trkpt>
      <trkpt lat="39.158211" lon="-77.650299">
        <ele>119.9</ele>
      </trkpt>
      <trkpt lat="39.158142" lon="-77.650291">
        <ele>120.1</ele>
      </trkpt>
      <trkpt lat="39.158066" lon="-77.650307">
        <ele>120.4</ele>
      </trkpt>
      <trkpt lat="39.157981" lon="-77.650336">
        <ele>120.7</ele>
      </trkpt>
      <trkpt lat="39.157894" lon="-77.650368">
        <ele>121.0</ele>
      </trkpt>
      <trkpt lat="39.157806" lon="-77.650406">
        <ele>121.2</ele>
      </trkpt>
      <trkpt lat="39.157722" lon="-77.650452">
        <ele>121.5</ele>
      </trkpt>
      <trkpt lat="39.157639" lon="-77.65049">
        <ele>121.9</ele>
      </trkpt>
      <trkpt lat="39.157551" lon="-77.650536">
        <ele>122.1</ele>
      </trkpt>
      <trkpt lat="39.157463" lon="-77.650574">
        <ele>122.4</ele>
      </trkpt>
      <trkpt lat="39.157379" lon="-77.650604">
        <ele>122.7</ele>
      </trkpt>
      <trkpt lat="39.157295" lon="-77.650642">
        <ele>122.8</ele>
      </trkpt>
      <trkpt lat="39.157204" lon="-77.650688">
        <ele>123.2</ele>
      </trkpt>
      <trkpt lat="39.157112" lon="-77.650734">
        <ele>123.5</ele>
      </trkpt>
      <trkpt lat="39.157017" lon="-77.65078">
        <ele>123.9</ele>
      </trkpt>
      <trkpt lat="39.15692" lon="-77.650826">
        <ele>124.2</ele>
      </trkpt>
      <trkpt lat="39.156826" lon="-77.650879">
        <ele>124.6</ele>
      </trkpt>
      <trkpt lat="39.156734" lon="-77.650909">
        <ele>125.2</ele>
      </trkpt>
      <trkpt lat="39.156643" lon="-77.650932">
        <ele>125.6</ele>
      </trkpt>
      <trkpt lat="39.156543" lon="-77.650948">
        <ele>125.7</ele>
      </trkpt>
      <trkpt lat="39.156448" lon="-77.650948">
        <ele>125.9</ele>
      </trkpt>
      <trkpt lat="39.156353" lon="-77.650932">
        <ele>126.4</ele>
      </trkpt>
      <trkpt lat="39.156258" lon="-77.650909">
        <ele>126.9</ele>
      </trkpt>
      <trkpt lat="39.156166" lon="-77.650887">
        <ele>127.3</ele>
      </trkpt>
      <trkpt lat="39.156078" lon="-77.650864">
        <ele>127.6</ele>
      </trkpt>
      <trkpt lat="39.155991" lon="-77.650848">
        <ele>128.0</ele>
      </trkpt>
      <trkpt lat="39.155895" lon="-77.650826">
        <ele>128.6</ele>
      </trkpt>
      <trkpt lat="39.155804" lon="-77.650803">
        <ele>129.0</ele>
      </trkpt>
      <trkpt lat="39.155712" lon="-77.650786">
        <ele>129.3</ele>
      </trkpt>
      <trkpt lat="39.15562" lon="-77.650772">
        <ele>129.6</ele>
      </trkpt>
      <trkpt lat="39.155525" lon="-77.650749">
        <ele>129.8</ele>
      </trkpt>
      <trkpt lat="39.155426" lon="-77.650734">
        <ele>130.1</ele>
      </trkpt>
      <trkpt lat="39.15533" lon="-77.650726">
        <ele>130.3</ele>
      </trkpt>
      <trkpt lat="39.155235" lon="-77.650711">
        <ele>130.7</ele>
      </trkpt>
      <trkpt lat="39.15514" lon="-77.650688">
        <ele>131.3</ele>
      </trkpt>
      <trkpt lat="39.155045" lon="-77.650635">
        <ele>131.9</ele>
      </trkpt>
      <trkpt lat="39.154961" lon="-77.650566">
        <ele>132.5</ele>
      </trkpt>
      <trkpt lat="39.154884" lon="-77.65049">
        <ele>132.8</ele>
      </trkpt>
      <trkpt lat="39.154812" lon="-77.650406">
        <ele>133.1</ele>
      </trkpt>
      <trkpt lat="39.154739" lon="-77.650314">
        <ele>133.2</ele>
      </trkpt>
      <trkpt lat="39.154667" lon="-77.650223">
        <ele>133.2</ele>
      </trkpt>
      <trkpt lat="39.154598" lon="-77.650124">
        <ele>133.4</ele>
      </trkpt>
      <trkpt lat="39.15453" lon="-77.650032">
        <ele>133.6</ele>
      </trkpt>
      <trkpt lat="39.154457" lon="-77.649933">
        <ele>134.3</ele>
      </trkpt>
      <trkpt lat="39.154388" lon="-77.649834">
        <ele>135.1</ele>
      </trkpt>
      <trkpt lat="39.154316" lon="-77.649734">
        <ele>135.7</ele>
      </trkpt>
      <trkpt lat="39.154243" lon="-77.649643">
        <ele>136.2</ele>
      </trkpt>
      <trkpt lat="39.154167" lon="-77.649559">
        <ele>136.5</ele>
      </trkpt>
      <trkpt lat="39.154079" lon="-77.649483">
        <ele>136.5</ele>
      </trkpt>
      <trkpt lat="39.153988" lon="-77.649429">
        <ele>136.4</ele>
      </trkpt>
      <trkpt lat="39.1539" lon="-77.649391">
        <ele>136.3</ele>
      </trkpt>
      <trkpt lat="39.153809" lon="-77.649353">
        <ele>136.2</ele>
      </trkpt>
      <trkpt lat="39.153717" lon="-77.649323">
        <ele>136.2</ele>
      </trkpt>
      <trkpt lat="39.153625" lon="-77.649292">
        <ele>136.4</ele>
      </trkpt>
      <trkpt lat="39.15353" lon="-77.649261">
        <ele>136.8</ele>
      </trkpt>
      <trkpt lat="39.153435" lon="-77.649231">
        <ele>137.4</ele>
      </trkpt>
      <trkpt lat="39.153343" lon="-77.649199">
        <ele>138.1</ele>
      </trkpt>
      <trkpt lat="39.153252" lon="-77.64917">
        <ele>138.7</ele>
      </trkpt>
      <trkpt lat="39.153156" lon="-77.649132">
        <ele>139.1</ele>
      </trkpt>
      <trkpt lat="39.153069" lon="-77.649101">
        <ele>139.1</ele>
      </trkpt>
      <trkpt lat="39.15298" lon="-77.649063">
        <ele>139.4</ele>
      </trkpt>
      <trkpt lat="39.152889" lon="-77.649017">
        <ele>139.8</ele>
      </trkpt>
      <trkpt lat="39.152798" lon="-77.648987">
        <ele>140.1</ele>
      </trkpt>
      <trkpt lat="39.152706" lon="-77.648956">
        <ele>140.3</ele>
      </trkpt>
      <trkpt lat="39.152617" lon="-77.648933">
        <ele>140.8</ele>
      </trkpt>
      <trkpt lat="39.152531" lon="-77.648903">
        <ele>141.4</ele>
      </trkpt>
      <trkpt lat="39.152443" lon="-77.648888">
        <ele>141.9</ele>
      </trkpt>
      <trkpt lat="39.152351" lon="-77.64888">
        <ele>142.5</ele>
      </trkpt>
      <trkpt lat="39.152267" lon="-77.648895">
        <ele>142.9</ele>
      </trkpt>
      <trkpt lat="39.152191" lon="-77.648933">
        <ele>143.2</ele>
      </trkpt>
      <trkpt lat="39.152119" lon="-77.648987">
        <ele>143.5</ele>
      </trkpt>
      <trkpt lat="39.152039" lon="-77.649047">
        <ele>143.9</ele>
      </trkpt>
      <trkpt lat="39.151962" lon="-77.649101">
        <ele>144.4</ele>
      </trkpt>
      <trkpt lat="39.151886" lon="-77.649162">
        <ele>144.9</ele>
      </trkpt>
      <trkpt lat="39.151798" lon="-77.649223">
        <ele>145.4</ele>
      </trkpt>
      <trkpt lat="39.151711" lon="-77.649292">
        <ele>145.9</ele>
      </trkpt>
      <trkpt lat="39.151627" lon="-77.649353">
        <ele>146.2</ele>
      </trkpt>
      <trkpt lat="39.15155" lon="-77.649406">
        <ele>146.4</ele>
      </trkpt>
      <trkpt lat="39.15147" lon="-77.649452">
        <ele>146.8</ele>
      </trkpt>
      <trkpt lat="39.15139" lon="-77.649506">
        <ele>147.2</ele>
      </trkpt>
      <trkpt lat="39.15131" lon="-77.649559">
        <ele>147.6</ele>
      </trkpt>
      <trkpt lat="39.151234" lon="-77.649604">
        <ele>147.9</ele>
      </trkpt>
      <trkpt lat="39.151154" lon="-77.649658">
        <ele>148.2</ele>
      </trkpt>
      <trkpt lat="39.151077" lon="-77.649704">
        <ele>148.4</ele>
      </trkpt>
      <trkpt lat="39.151001" lon="-77.64975">
        <ele>148.6</ele>
      </trkpt>
      <trkpt lat="39.15092" lon="-77.649803">
        <ele>148.7</ele>
      </trkpt>
      <trkpt lat="39.150844" lon="-77.649857">
        <ele>148.9</ele>
      </trkpt>
      <trkpt lat="39.150768" lon="-77.649902">
        <ele>149.2</ele>
      </trkpt>
      <trkpt lat="39.150696" lon="-77.649948">
        <ele>149.3</ele>
      </trkpt>
      <trkpt lat="39.150627" lon="-77.649994">
        <ele>149.4</ele>
      </trkpt>
      <trkpt lat="39.150557" lon="-77.65004">
        <ele>149.5</ele>
      </trkpt>
      <trkpt lat="39.150494" lon="-77.650077">
        <ele>149.5</ele>
      </trkpt>
      <trkpt lat="39.150433" lon="-77.650124">
        <ele>149.6</ele>
      </trkpt>
      <trkpt lat="39.150368" lon="-77.650169">
        <ele>149.6</ele>
      </trkpt>
      <trkpt lat="39.150307" lon="-77.650215">
        <ele>149.5</ele>
      </trkpt>
      <trkpt lat="39.150242" lon="-77.650261">
        <ele>149.4</ele>
      </trkpt>
      <trkpt lat="39.150177" lon="-77.650307">
        <ele>149.4</ele>
      </trkpt>
      <trkpt lat="39.150108" lon="-77.650352">
        <ele>149.3</ele>
      </trkpt>
      <trkpt lat="39.150036" lon="-77.650398">
        <ele>149.0</ele>
      </trkpt>
      <trkpt lat="39.149963" lon="-77.650436">
        <ele>148.7</ele>
      </trkpt>
      <trkpt lat="39.149887" lon="-77.650452">
        <ele>148.3</ele>
      </trkpt>
      <trkpt lat="39.149807" lon="-77.650459">
        <ele>147.8</ele>
      </trkpt>
      <trkpt lat="39.149731" lon="-77.650436">
        <ele>147.4</ele>
      </trkpt>
      <trkpt lat="39.149658" lon="-77.650398">
        <ele>147.1</ele>
      </trkpt>
      <trkpt lat="39.14959" lon="-77.650345">
        <ele>146.9</ele>
      </trkpt>
      <trkpt lat="39.149521" lon="-77.650291">
        <ele>146.7</ele>
      </trkpt>
      <trkpt lat="39.149451" lon="-77.650223">
        <ele>146.5</ele>
      </trkpt>
      <trkpt lat="39.14938" lon="-77.650162">
        <ele>146.1</ele>
      </trkpt>
      <trkpt lat="39.149311" lon="-77.650093">
        <ele>145.7</ele>
      </trkpt>
      <trkpt lat="39.149239" lon="-77.650024">
        <ele>145.4</ele>
      </trkpt>
      <trkpt lat="39.149166" lon="-77.649963">
        <ele>145.0</ele>
      </trkpt>
      <trkpt lat="39.14909" lon="-77.649902">
        <ele>144.5</ele>
      </trkpt>
      <trkpt lat="39.149014" lon="-77.649834">
        <ele>144.1</ele>
      </trkpt>
      <trkpt lat="39.148941" lon="-77.649756">
        <ele>144.1</ele>
      </trkpt>
      <trkpt lat="39.14888" lon="-77.649666">
        <ele>144.3</ele>
      </trkpt>
      <trkpt lat="39.148829" lon="-77.649559">
        <ele>144.8</ele>
      </trkpt>
      <trkpt lat="39.148777" lon="-77.649445">
        <ele>145.3</ele>
      </trkpt>
      <trkpt lat="39.148731" lon="-77.649338">
        <ele>145.7</ele>
      </trkpt>
      <trkpt lat="39.148689" lon="-77.649231">
        <ele>146.1</ele>
      </trkpt>
      <trkpt lat="39.148646" lon="-77.649139">
        <ele>146.3</ele>
      </trkpt>
      <trkpt lat="39.148601" lon="-77.649047">
        <ele>146.6</ele>
      </trkpt>
      <trkpt lat="39.148556" lon="-77.648964">
        <ele>146.8</ele>
      </trkpt>
      <trkpt lat="39.148506" lon="-77.648888">
        <ele>147.2</ele>
      </trkpt>
      <trkpt lat="39.148457" lon="-77.648819">
        <ele>147.8</ele>
      </trkpt>
      <trkpt lat="39.148407" lon="-77.648766">
        <ele>148.5</ele>
      </trkpt>
      <trkpt lat="39.148357" lon="-77.648712">
        <ele>149.0</ele>
      </trkpt>
      <trkpt lat="39.148312" lon="-77.648659">
        <ele>149.2</ele>
      </trkpt>
      <trkpt lat="39.148269" lon="-77.648613">
        <ele>149.3</ele>
      </trkpt>
      <trkpt lat="39.148235" lon="-77.648574">
        <ele>149.4</ele>
      </trkpt>
      <trkpt lat="39.148205" lon="-77.648544">
        <ele>149.5</ele>
      </trkpt>
      <trkpt lat="39.148174" lon="-77.648506">
        <ele>149.7</ele>
      </trkpt>
      <trkpt lat="39.148148" lon="-77.648476">
        <ele>149.7</ele>
      </trkpt>
      <trkpt lat="39.148113" lon="-77.64846">
        <ele>149.9</ele>
      </trkpt>
      <trkpt lat="39.14809" lon="-77.64846">
        <ele>150.0</ele>
      </trkpt>
      <trkpt lat="39.148086" lon="-77.64846">
        <ele>150.0</ele>
      </trkpt>
      <trkpt lat="39.148079" lon="-77.64846">
        <ele>150.0</ele>
      </trkpt>
      <trkpt lat="39.148071" lon="-77.648468">
        <ele>150.0</ele>
      </trkpt>
      <trkpt lat="39.148064" lon="-77.648468">
        <ele>150.1</ele>
      </trkpt>
      <trkpt lat="39.148055" lon="-77.648476">
        <ele>150.1</ele>
      </trkpt>
      <trkpt lat="39.148041" lon="-77.648491">
        <ele>150.2</ele>
      </trkpt>
      <trkpt lat="39.148026" lon="-77.648506">
        <ele>150.2</ele>
      </trkpt>
      <trkpt lat="39.148003" lon="-77.648521">
        <ele>150.3</ele>
      </trkpt>
      <trkpt lat="39.147972" lon="-77.648552">
        <ele>150.4</ele>
      </trkpt>
      <trkpt lat="39.147938" lon="-77.648567">
        <ele>150.5</ele>
      </trkpt>
      <trkpt lat="39.147903" lon="-77.648598">
        <ele>150.6</ele>
      </trkpt>
      <trkpt lat="39.147865" lon="-77.648636">
        <ele>150.7</ele>
      </trkpt>
      <trkpt lat="39.147827" lon="-77.648666">
        <ele>150.8</ele>
      </trkpt>
      <trkpt lat="39.147789" lon="-77.648697">
        <ele>150.8</ele>
      </trkpt>
      <trkpt lat="39.147751" lon="-77.648735">
        <ele>150.8</ele>
      </trkpt>
      <trkpt lat="39.147713" lon="-77.648766">
        <ele>150.8</ele>
      </trkpt>
      <trkpt lat="39.147678" lon="-77.648796">
        <ele>150.8</ele>
      </trkpt>
      <trkpt lat="39.14764" lon="-77.648827">
        <ele>150.7</ele>
      </trkpt>
      <trkpt lat="39.147602" lon="-77.648857">
        <ele>150.6</ele>
      </trkpt>
      <trkpt lat="39.147564" lon="-77.648888">
        <ele>150.5</ele>
      </trkpt>
      <trkpt lat="39.14753" lon="-77.648918">
        <ele>150.3</ele>
      </trkpt>
      <trkpt lat="39.147495" lon="-77.648949">
        <ele>150.1</ele>
      </trkpt>
      <trkpt lat="39.147457" lon="-77.648979">
        <ele>149.7</ele>
      </trkpt>
      <trkpt lat="39.147423" lon="-77.64901">
        <ele>149.4</ele>
      </trkpt>
      <trkpt lat="39.147385" lon="-77.64904">
        <ele>149.1</ele>
      </trkpt>
      <trkpt lat="39.147346" lon="-77.649071">
        <ele>148.8</ele>
      </trkpt>
      <trkpt lat="39.147308" lon="-77.649094">
        <ele>148.7</ele>
      </trkpt>
      <trkpt lat="39.147274" lon="-77.649124">
        <ele>148.6</ele>
      </trkpt>
      <trkpt lat="39.147243" lon="-77.649154">
        <ele>148.5</ele>
      </trkpt>
      <trkpt lat="39.147205" lon="-77.649185">
        <ele>148.4</ele>
      </trkpt>
      <trkpt lat="39.147175" lon="-77.649216">
        <ele>148.3</ele>
      </trkpt>
      <trkpt lat="39.147137" lon="-77.649246">
        <ele>148.3</ele>
      </trkpt>
      <trkpt lat="39.147099" lon="-77.649277">
        <ele>148.2</ele>
      </trkpt>
      <trkpt lat="39.147064" lon="-77.649306">
        <ele>148.2</ele>
      </trkpt>
      <trkpt lat="39.147022" lon="-77.649345">
        <ele>148.2</ele>
      </trkpt>
      <trkpt lat="39.146984" lon="-77.649368">
        <ele>148.1</ele>
      </trkpt>
      <trkpt lat="39.146946" lon="-77.649406">
        <ele>148.0</ele>
      </trkpt>
      <trkpt lat="39.146908" lon="-77.649437">
        <ele>148.0</ele>
      </trkpt>
      <trkpt lat="39.14687" lon="-77.649467">
        <ele>147.9</ele>
      </trkpt>
      <trkpt lat="39.146832" lon="-77.649506">
        <ele>147.8</ele>
      </trkpt>
      <trkpt lat="39.146793" lon="-77.649536">
        <ele>147.7</ele>
      </trkpt>
      <trkpt lat="39.146759" lon="-77.649567">
        <ele>147.5</ele>
      </trkpt>
      <trkpt lat="39.146721" lon="-77.649597">
        <ele>147.4</ele>
      </trkpt>
      <trkpt lat="39.146687" lon="-77.649628">
        <ele>147.2</ele>
      </trkpt>
      <trkpt lat="39.146652" lon="-77.649658">
        <ele>147.0</ele>
      </trkpt>
      <trkpt lat="39.146617" lon="-77.649681">
        <ele>146.8</ele>
      </trkpt>
      <trkpt lat="39.14658" lon="-77.649711">
        <ele>146.4</ele>
      </trkpt>
      <trkpt lat="39.146545" lon="-77.649734">
        <ele>146.2</ele>
      </trkpt>
      <trkpt lat="39.146507" lon="-77.649765">
        <ele>146.0</ele>
      </trkpt>
      <trkpt lat="39.146477" lon="-77.649796">
        <ele>145.8</ele>
      </trkpt>
      <trkpt lat="39.146446" lon="-77.649826">
        <ele>145.7</ele>
      </trkpt>
      <trkpt lat="39.146412" lon="-77.649849">
        <ele>145.7</ele>
      </trkpt>
      <trkpt lat="39.146374" lon="-77.649879">
        <ele>145.7</ele>
      </trkpt>
      <trkpt lat="39.146339" lon="-77.64991">
        <ele>145.7</ele>
      </trkpt>
      <trkpt lat="39.146305" lon="-77.64994">
        <ele>145.7</ele>
      </trkpt>
      <trkpt lat="39.146271" lon="-77.64997">
        <ele>145.7</ele>
      </trkpt>
      <trkpt lat="39.146233" lon="-77.650002">
        <ele>145.6</ele>
      </trkpt>
      <trkpt lat="39.146194" lon="-77.650032">
        <ele>145.6</ele>
      </trkpt>
      <trkpt lat="39.146156" lon="-77.650063">
        <ele>145.5</ele>
      </trkpt>
      <trkpt lat="39.146122" lon="-77.650093">
        <ele>145.3</ele>
      </trkpt>
      <trkpt lat="39.146088" lon="-77.650124">
        <ele>144.9</ele>
      </trkpt>
      <trkpt lat="39.146046" lon="-77.650154">
        <ele>144.3</ele>
      </trkpt>
      <trkpt lat="39.146008" lon="-77.650184">
        <ele>143.7</ele>
      </trkpt>
      <trkpt lat="39.145969" lon="-77.650215">
        <ele>143.2</ele>
      </trkpt>
      <trkpt lat="39.145935" lon="-77.650246">
        <ele>142.8</ele>
      </trkpt>
      <trkpt lat="39.145897" lon="-77.650276">
        <ele>142.5</ele>
      </trkpt>
      <trkpt lat="39.145859" lon="-77.650307">
        <ele>142.4</ele>
      </trkpt>
      <trkpt lat="39.145821" lon="-77.650336">
        <ele>142.3</ele>
      </trkpt>
      <trkpt lat="39.145786" lon="-77.65036">
        <ele>142.3</ele>
      </trkpt>
      <trkpt lat="39.145752" lon="-77.650391">
        <ele>142.1</ele>
      </trkpt>
      <trkpt lat="39.145721" lon="-77.650421">
        <ele>141.9</ele>
      </trkpt>
      <trkpt lat="39.145687" lon="-77.650452">
        <ele>141.6</ele>
      </trkpt>
      <trkpt lat="39.145653" lon="-77.650482">
        <ele>141.2</ele>
      </trkpt>
      <trkpt lat="39.145615" lon="-77.650513">
        <ele>140.8</ele>
      </trkpt>
      <trkpt lat="39.145576" lon="-77.650543">
        <ele>140.2</ele>
      </trkpt>
      <trkpt lat="39.145535" lon="-77.650581">
        <ele>139.8</ele>
      </trkpt>
      <trkpt lat="39.145493" lon="-77.65062">
        <ele>139.6</ele>
      </trkpt>
      <trkpt lat="39.145451" lon="-77.650658">
        <ele>139.3</ele>
      </trkpt>
      <trkpt lat="39.145404" lon="-77.650688">
        <ele>139.1</ele>
      </trkpt>
      <trkpt lat="39.145355" lon="-77.650734">
        <ele>138.7</ele>
      </trkpt>
      <trkpt lat="39.145302" lon="-77.65078">
        <ele>138.1</ele>
      </trkpt>
      <trkpt lat="39.145245" lon="-77.650826">
        <ele>137.4</ele>
      </trkpt>
      <trkpt lat="39.145187" lon="-77.650871">
        <ele>136.7</ele>
      </trkpt>
      <trkpt lat="39.145126" lon="-77.650917">
        <ele>136.2</ele>
      </trkpt>
      <trkpt lat="39.145061" lon="-77.650978">
        <ele>135.3</ele>
      </trkpt>
      <trkpt lat="39.144993" lon="-77.651039">
        <ele>134.2</ele>
      </trkpt>
      <trkpt lat="39.14492" lon="-77.651093">
        <ele>133.1</ele>
      </trkpt>
      <trkpt lat="39.144844" lon="-77.651154">
        <ele>132.3</ele>
      </trkpt>
      <trkpt lat="39.144768" lon="-77.651207">
        <ele>132.6</ele>
      </trkpt>
      <trkpt lat="39.144691" lon="-77.651259">
        <ele>133.6</ele>
      </trkpt>
      <trkpt lat="39.144611" lon="-77.651306">
        <ele>134.3</ele>
      </trkpt>
      <trkpt lat="39.144531" lon="-77.651352">
        <ele>135.0</ele>
      </trkpt>
      <trkpt lat="39.14445" lon="-77.651398">
        <ele>135.9</ele>
      </trkpt>
      <trkpt lat="39.144374" lon="-77.651436">
        <ele>136.5</ele>
      </trkpt>
      <trkpt lat="39.144295" lon="-77.651473">
        <ele>136.9</ele>
      </trkpt>
      <trkpt lat="39.144218" lon="-77.651512">
        <ele>137.1</ele>
      </trkpt>
      <trkpt lat="39.144142" lon="-77.65155">
        <ele>137.3</ele>
      </trkpt>
      <trkpt lat="39.144066" lon="-77.651588">
        <ele>137.5</ele>
      </trkpt>
      <trkpt lat="39.143993" lon="-77.651619">
        <ele>137.5</ele>
      </trkpt>
      <trkpt lat="39.143921" lon="-77.651657">
        <ele>137.7</ele>
      </trkpt>
      <trkpt lat="39.143845" lon="-77.651695">
        <ele>137.8</ele>
      </trkpt>
      <trkpt lat="39.143772" lon="-77.651726">
        <ele>138.0</ele>
      </trkpt>
      <trkpt lat="39.143696" lon="-77.651764">
        <ele>138.2</ele>
      </trkpt>
      <trkpt lat="39.143623" lon="-77.651802">
        <ele>138.4</ele>
      </trkpt>
      <trkpt lat="39.143551" lon="-77.65184">
        <ele>138.6</ele>
      </trkpt>
      <trkpt lat="39.143475" lon="-77.651878">
        <ele>138.7</ele>
      </trkpt>
      <trkpt lat="39.143398" lon="-77.651917">
        <ele>138.8</ele>
      </trkpt>
      <trkpt lat="39.143322" lon="-77.651955">
        <ele>138.9</ele>
      </trkpt>
      <trkpt lat="39.143246" lon="-77.652">
        <ele>139.0</ele>
      </trkpt>
      <trkpt lat="39.143173" lon="-77.652039">
        <ele>139.1</ele>
      </trkpt>
      <trkpt lat="39.143101" lon="-77.652084">
        <ele>139.1</ele>
      </trkpt>
      <trkpt lat="39.143036" lon="-77.65213">
        <ele>139.0</ele>
      </trkpt>
      <trkpt lat="39.142963" lon="-77.652176">
        <ele>139.0</ele>
      </trkpt>
      <trkpt lat="39.142887" lon="-77.652222">
        <ele>139.0</ele>
      </trkpt>
      <trkpt lat="39.142807" lon="-77.65226">
        <ele>139.0</ele>
      </trkpt>
      <trkpt lat="39.142731" lon="-77.652298">
        <ele>139.0</ele>
      </trkpt>
      <trkpt lat="39.142651" lon="-77.652336">
        <ele>138.9</ele>
      </trkpt>
      <trkpt lat="39.142574" lon="-77.652374">
        <ele>138.8</ele>
      </trkpt>
      <trkpt lat="39.142494" lon="-77.65242">
        <ele>138.7</ele>
      </trkpt>
      <trkpt lat="39.142414" lon="-77.652458">
        <ele>138.7</ele>
      </trkpt>
      <trkpt lat="39.142334" lon="-77.652503">
        <ele>138.7</ele>
      </trkpt>
      <trkpt lat="39.142258" lon="-77.652542">
        <ele>138.8</ele>
      </trkpt>
      <trkpt lat="39.142181" lon="-77.652588">
        <ele>138.9</ele>
      </trkpt>
      <trkpt lat="39.142094" lon="-77.652641">
        <ele>138.9</ele>
      </trkpt>
      <trkpt lat="39.142006" lon="-77.652679">
        <ele>138.9</ele>
      </trkpt>
      <trkpt lat="39.141922" lon="-77.652725">
        <ele>138.9</ele>
      </trkpt>
      <trkpt lat="39.14183" lon="-77.652771">
        <ele>138.9</ele>
      </trkpt>
      <trkpt lat="39.141747" lon="-77.652817">
        <ele>138.8</ele>
      </trkpt>
      <trkpt lat="39.141663" lon="-77.652855">
        <ele>138.7</ele>
      </trkpt>
      <trkpt lat="39.141575" lon="-77.652893">
        <ele>138.7</ele>
      </trkpt>
      <trkpt lat="39.141483" lon="-77.652924">
        <ele>138.7</ele>
      </trkpt>
      <trkpt lat="39.141388" lon="-77.652962">
        <ele>138.6</ele>
      </trkpt>
      <trkpt lat="39.141289" lon="-77.652992">
        <ele>138.6</ele>
      </trkpt>
      <trkpt lat="39.141186" lon="-77.653">
        <ele>138.6</ele>
      </trkpt>
      <trkpt lat="39.141083" lon="-77.653">
        <ele>138.8</ele>
      </trkpt>
      <trkpt lat="39.140976" lon="-77.652992">
        <ele>139.0</ele>
      </trkpt>
      <trkpt lat="39.140865" lon="-77.652992">
        <ele>139.2</ele>
      </trkpt>
      <trkpt lat="39.140751" lon="-77.652985">
        <ele>139.4</ele>
      </trkpt>
      <trkpt lat="39.140633" lon="-77.652977">
        <ele>139.7</ele>
      </trkpt>
      <trkpt lat="39.14051" lon="-77.652969">
        <ele>139.8</ele>
      </trkpt>
      <trkpt lat="39.140392" lon="-77.652953">
        <ele>139.9</ele>
      </trkpt>
      <trkpt lat="39.140274" lon="-77.652939">
        <ele>140.2</ele>
      </trkpt>
      <trkpt lat="39.140156" lon="-77.652924">
        <ele>140.4</ele>
      </trkpt>
      <trkpt lat="39.140037" lon="-77.652916">
        <ele>140.6</ele>
      </trkpt>
      <trkpt lat="39.139923" lon="-77.652916">
        <ele>140.7</ele>
      </trkpt>
      <trkpt lat="39.139805" lon="-77.652908">
        <ele>141.1</ele>
      </trkpt>
      <trkpt lat="39.139683" lon="-77.652893">
        <ele>141.8</ele>
      </trkpt>
      <trkpt lat="39.139565" lon="-77.652893">
        <ele>142.5</ele>
      </trkpt>
      <trkpt lat="39.139446" lon="-77.652893">
        <ele>143.2</ele>
      </trkpt>
      <trkpt lat="39.139328" lon="-77.652885">
        <ele>143.9</ele>
      </trkpt>
      <trkpt lat="39.13921" lon="-77.652885">
        <ele>144.7</ele>
      </trkpt>
      <trkpt lat="39.139095" lon="-77.652885">
        <ele>145.6</ele>
      </trkpt>
      <trkpt lat="39.138976" lon="-77.652878">
        <ele>146.5</ele>
      </trkpt>
      <trkpt lat="39.138863" lon="-77.652863">
        <ele>147.3</ele>
      </trkpt>
      <trkpt lat="39.138756" lon="-77.652855">
        <ele>148.0</ele>
      </trkpt>
      <trkpt lat="39.138649" lon="-77.652847">
        <ele>148.8</ele>
      </trkpt>
      <trkpt lat="39.138542" lon="-77.65284">
        <ele>149.4</ele>
      </trkpt>
      <trkpt lat="39.138435" lon="-77.652824">
        <ele>150.1</ele>
      </trkpt>
      <trkpt lat="39.138332" lon="-77.652824">
        <ele>150.8</ele>
      </trkpt>
      <trkpt lat="39.138236" lon="-77.652817">
        <ele>151.5</ele>
      </trkpt>
      <trkpt lat="39.138145" lon="-77.652809">
        <ele>152.1</ele>
      </trkpt>
      <trkpt lat="39.138053" lon="-77.652809">
        <ele>152.6</ele>
      </trkpt>
      <trkpt lat="39.13797" lon="-77.652802">
        <ele>153.0</ele>
      </trkpt>
      <trkpt lat="39.137886" lon="-77.652794">
        <ele>153.5</ele>
      </trkpt>
      <trkpt lat="39.137802" lon="-77.652786">
        <ele>154.1</ele>
      </trkpt>
      <trkpt lat="39.137726" lon="-77.652779">
        <ele>154.6</ele>
      </trkpt>
      <trkpt lat="39.13765" lon="-77.652779">
        <ele>155.1</ele>
      </trkpt>
      <trkpt lat="39.137573" lon="-77.652771">
        <ele>155.4</ele>
      </trkpt>
      <trkpt lat="39.137497" lon="-77.652762">
        <ele>155.4</ele>
      </trkpt>
      <trkpt lat="39.137424" lon="-77.652762">
        <ele>155.5</ele>
      </trkpt>
      <trkpt lat="39.137348" lon="-77.652756">
        <ele>155.5</ele>
      </trkpt>
      <trkpt lat="39.137272" lon="-77.652748">
        <ele>155.5</ele>
      </trkpt>
      <trkpt lat="39.137199" lon="-77.65274">
        <ele>155.6</ele>
      </trkpt>
      <trkpt lat="39.137123" lon="-77.652733">
        <ele>155.6</ele>
      </trkpt>
      <trkpt lat="39.137047" lon="-77.652717">
        <ele>155.6</ele>
      </trkpt>
      <trkpt lat="39.136971" lon="-77.65271">
        <ele>155.6</ele>
      </trkpt>
      <trkpt lat="39.136898" lon="-77.652702">
        <ele>155.6</ele>
      </trkpt>
      <trkpt lat="39.136822" lon="-77.652702">
        <ele>155.6</ele>
      </trkpt>
      <trkpt lat="39.136745" lon="-77.652695">
        <ele>155.5</ele>
      </trkpt>
      <trkpt lat="39.136669" lon="-77.652695">
        <ele>155.3</ele>
      </trkpt>
      <trkpt lat="39.136589" lon="-77.652687">
        <ele>155.1</ele>
      </trkpt>
      <trkpt lat="39.136513" lon="-77.652679">
        <ele>155.1</ele>
      </trkpt>
      <trkpt lat="39.136429" lon="-77.652664">
        <ele>155.0</ele>
      </trkpt>
      <trkpt lat="39.136349" lon="-77.652657">
        <ele>154.7</ele>
      </trkpt>
      <trkpt lat="39.136265" lon="-77.652649">
        <ele>154.3</ele>
      </trkpt>
      <trkpt lat="39.136181" lon="-77.652641">
        <ele>154.3</ele>
      </trkpt>
      <trkpt lat="39.136093" lon="-77.652634">
        <ele>154.4</ele>
      </trkpt>
      <trkpt lat="39.136002" lon="-77.652618">
        <ele>154.5</ele>
      </trkpt>
      <trkpt lat="39.135902" lon="-77.652603">
        <ele>154.7</ele>
      </trkpt>
      <trkpt lat="39.135803" lon="-77.652596">
        <ele>154.9</ele>
      </trkpt>
      <trkpt lat="39.135703" lon="-77.652588">
        <ele>155.2</ele>
      </trkpt>
      <trkpt lat="39.135616" lon="-77.652573">
        <ele>155.7</ele>
      </trkpt>
      <trkpt lat="39.135529" lon="-77.652557">
        <ele>156.4</ele>
      </trkpt>
      <trkpt lat="39.135445" lon="-77.65255">
        <ele>157.0</ele>
      </trkpt>
      <trkpt lat="39.135365" lon="-77.652534">
        <ele>157.6</ele>
      </trkpt>
      <trkpt lat="39.135284" lon="-77.652519">
        <ele>158.1</ele>
      </trkpt>
      <trkpt lat="39.135212" lon="-77.652512">
        <ele>158.5</ele>
      </trkpt>
      <trkpt lat="39.135139" lon="-77.652496">
        <ele>158.9</ele>
      </trkpt>
      <trkpt lat="39.135071" lon="-77.652489">
        <ele>159.2</ele>
      </trkpt>
      <trkpt lat="39.135006" lon="-77.652473">
        <ele>159.6</ele>
      </trkpt>
      <trkpt lat="39.134937" lon="-77.652458">
        <ele>159.8</ele>
      </trkpt>
      <trkpt lat="39.134876" lon="-77.652451">
        <ele>160.0</ele>
      </trkpt>
      <trkpt lat="39.134819" lon="-77.652443">
        <ele>160.2</ele>
      </trkpt>
      <trkpt lat="39.134762" lon="-77.652435">
        <ele>160.2</ele>
      </trkpt>
      <trkpt lat="39.134708" lon="-77.652451">
        <ele>160.3</ele>
      </trkpt>
      <trkpt lat="39.134659" lon="-77.652489">
        <ele>160.4</ele>
      </trkpt>
      <trkpt lat="39.134624" lon="-77.652542">
        <ele>160.4</ele>
      </trkpt>
      <trkpt lat="39.134605" lon="-77.652603">
        <ele>160.5</ele>
      </trkpt>
      <trkpt lat="39.134586" lon="-77.652679">
        <ele>160.5</ele>
      </trkpt>
      <trkpt lat="39.134571" lon="-77.652748">
        <ele>160.5</ele>
      </trkpt>
      <trkpt lat="39.134556" lon="-77.652809">
        <ele>160.5</ele>
      </trkpt>
      <trkpt lat="39.134537" lon="-77.652878">
        <ele>160.5</ele>
      </trkpt>
      <trkpt lat="39.134514" lon="-77.652946">
        <ele>160.6</ele>
      </trkpt>
      <trkpt lat="39.134499" lon="-77.653008">
        <ele>160.6</ele>
      </trkpt>
      <trkpt lat="39.134483" lon="-77.653069">
        <ele>160.6</ele>
      </trkpt>
      <trkpt lat="39.134472" lon="-77.65313">
        <ele>160.6</ele>
      </trkpt>
      <trkpt lat="39.134457" lon="-77.653191">
        <ele>160.5</ele>
      </trkpt>
      <trkpt lat="39.134445" lon="-77.653244">
        <ele>160.4</ele>
      </trkpt>
      <trkpt lat="39.134434" lon="-77.653305">
        <ele>160.3</ele>
      </trkpt>
      <trkpt lat="39.134422" lon="-77.653358">
        <ele>160.3</ele>
      </trkpt>
      <trkpt lat="39.134415" lon="-77.653419">
        <ele>160.2</ele>
      </trkpt>
      <trkpt lat="39.134403" lon="-77.653481">
        <ele>160.1</ele>
      </trkpt>
      <trkpt lat="39.134392" lon="-77.653533">
        <ele>160.1</ele>
      </trkpt>
      <trkpt lat="39.13438" lon="-77.653603">
        <ele>160.1</ele>
      </trkpt>
      <trkpt lat="39.134369" lon="-77.653671">
        <ele>160.0</ele>
      </trkpt>
      <trkpt lat="39.134361" lon="-77.653732">
        <ele>160.0</ele>
      </trkpt>
      <trkpt lat="39.134346" lon="-77.653809">
        <ele>160.0</ele>
      </trkpt>
      <trkpt lat="39.134335" lon="-77.653885">
        <ele>160.0</ele>
      </trkpt>
      <trkpt lat="39.134327" lon="-77.653961">
        <ele>160.0</ele>
      </trkpt>
      <trkpt lat="39.134315" lon="-77.654037">
        <ele>160.0</ele>
      </trkpt>
      <trkpt lat="39.134304" lon="-77.654114">
        <ele>160.0</ele>
      </trkpt>
      <trkpt lat="39.134289" lon="-77.65419">
        <ele>160.0</ele>
      </trkpt>
      <trkpt lat="39.134274" lon="-77.654266">
        <ele>160.1</ele>
      </trkpt>
      <trkpt lat="39.134258" lon="-77.654343">
        <ele>160.2</ele>
      </trkpt>
      <trkpt lat="39.134251" lon="-77.654419">
        <ele>160.2</ele>
      </trkpt>
      <trkpt lat="39.134239" lon="-77.654488">
        <ele>160.3</ele>
      </trkpt>
      <trkpt lat="39.134224" lon="-77.654556">
        <ele>160.4</ele>
      </trkpt>
      <trkpt lat="39.134212" lon="-77.654617">
        <ele>160.5</ele>
      </trkpt>
      <trkpt lat="39.134201" lon="-77.654663">
        <ele>160.6</ele>
      </trkpt>
      <trkpt lat="39.134182" lon="-77.654701">
        <ele>160.6</ele>
      </trkpt>
      <trkpt lat="39.134163" lon="-77.654732">
        <ele>160.7</ele>
      </trkpt>
      <trkpt lat="39.134151" lon="-77.654739">
        <ele>160.7</ele>
      </trkpt>
      <trkpt lat="39.134144" lon="-77.654747">
        <ele>160.8</ele>
      </trkpt>
      <trkpt lat="39.134132" lon="-77.654755">
        <ele>160.8</ele>
      </trkpt>
      <trkpt lat="39.134125" lon="-77.654755">
        <ele>160.9</ele>
      </trkpt>
      <trkpt lat="39.134109" lon="-77.654755">
        <ele>160.9</ele>
      </trkpt>
      <trkpt lat="39.134087" lon="-77.654762">
        <ele>161.0</ele>
      </trkpt>
      <trkpt lat="39.134056" lon="-77.654762">
        <ele>161.2</ele>
      </trkpt>
      <trkpt lat="39.134026" lon="-77.654762">
        <ele>161.4</ele>
      </trkpt>
      <trkpt lat="39.133987" lon="-77.654755">
        <ele>161.7</ele>
      </trkpt>
      <trkpt lat="39.133945" lon="-77.654747">
        <ele>162.1</ele>
      </trkpt>
      <trkpt lat="39.133907" lon="-77.654747">
        <ele>162.5</ele>
      </trkpt>
      <trkpt lat="39.133869" lon="-77.654747">
        <ele>162.9</ele>
      </trkpt>
      <trkpt lat="39.133826" lon="-77.654747">
        <ele>163.3</ele>
      </trkpt>
      <trkpt lat="39.133785" lon="-77.654739">
        <ele>163.7</ele>
      </trkpt>
      <trkpt lat="39.133743" lon="-77.654739">
        <ele>164.0</ele>
      </trkpt>
      <trkpt lat="39.133698" lon="-77.654739">
        <ele>164.3</ele>
      </trkpt>
      <trkpt lat="39.133652" lon="-77.654732">
        <ele>164.4</ele>
      </trkpt>
      <trkpt lat="39.133598" lon="-77.654732">
        <ele>164.5</ele>
      </trkpt>
      <trkpt lat="39.133545" lon="-77.654724">
        <ele>164.5</ele>
      </trkpt>
      <trkpt lat="39.133495" lon="-77.654724">
        <ele>164.5</ele>
      </trkpt>
      <trkpt lat="39.133442" lon="-77.654724">
        <ele>164.5</ele>
      </trkpt>
      <trkpt lat="39.133389" lon="-77.654724">
        <ele>164.3</ele>
      </trkpt>
      <trkpt lat="39.133331" lon="-77.654715">
        <ele>164.2</ele>
      </trkpt>
      <trkpt lat="39.133266" lon="-77.654715">
        <ele>164.0</ele>
      </trkpt>
      <trkpt lat="39.133202" lon="-77.654715">
        <ele>163.8</ele>
      </trkpt>
      <trkpt lat="39.133141" lon="-77.654715">
        <ele>163.7</ele>
      </trkpt>
      <trkpt lat="39.133072" lon="-77.654715">
        <ele>163.5</ele>
      </trkpt>
      <trkpt lat="39.133007" lon="-77.654715">
        <ele>163.2</ele>
      </trkpt>
      <trkpt lat="39.132938" lon="-77.654715">
        <ele>163.0</ele>
      </trkpt>
      <trkpt lat="39.132869" lon="-77.654715">
        <ele>162.8</ele>
      </trkpt>
      <trkpt lat="39.132801" lon="-77.654709">
        <ele>162.8</ele>
      </trkpt>
      <trkpt lat="39.132732" lon="-77.654701">
        <ele>162.7</ele>
      </trkpt>
      <trkpt lat="39.132664" lon="-77.654701">
        <ele>162.7</ele>
      </trkpt>
      <trkpt lat="39.132591" lon="-77.654701">
        <ele>162.8</ele>
      </trkpt>
      <trkpt lat="39.132523" lon="-77.654701">
        <ele>162.9</ele>
      </trkpt>
      <trkpt lat="39.13245" lon="-77.654694">
        <ele>163.0</ele>
      </trkpt>
      <trkpt lat="39.132381" lon="-77.654694">
        <ele>163.2</ele>
      </trkpt>
      <trkpt lat="39.132313" lon="-77.654694">
        <ele>163.4</ele>
      </trkpt>
      <trkpt lat="39.132244" lon="-77.654694">
        <ele>163.6</ele>
      </trkpt>
      <trkpt lat="39.132179" lon="-77.654686">
        <ele>163.7</ele>
      </trkpt>
      <trkpt lat="39.132114" lon="-77.654686">
        <ele>163.8</ele>
      </trkpt>
      <trkpt lat="39.13205" lon="-77.654678">
        <ele>163.9</ele>
      </trkpt>
      <trkpt lat="39.131989" lon="-77.654678">
        <ele>164.0</ele>
      </trkpt>
      <trkpt lat="39.131931" lon="-77.654678">
        <ele>164.2</ele>
      </trkpt>
      <trkpt lat="39.131874" lon="-77.654678">
        <ele>164.3</ele>
      </trkpt>
      <trkpt lat="39.131817" lon="-77.654678">
        <ele>164.4</ele>
      </trkpt>
      <trkpt lat="39.13176" lon="-77.65467">
        <ele>164.5</ele>
      </trkpt>
      <trkpt lat="39.131706" lon="-77.65467">
        <ele>164.5</ele>
      </trkpt>
      <trkpt lat="39.131657" lon="-77.654663">
        <ele>164.6</ele>
      </trkpt>
      <trkpt lat="39.131607" lon="-77.654663">
        <ele>164.6</ele>
      </trkpt>
      <trkpt lat="39.131561" lon="-77.65467">
        <ele>164.6</ele>
      </trkpt>
      <trkpt lat="39.131516" lon="-77.65467">
        <ele>164.5</ele>
      </trkpt>
      <trkpt lat="39.131474" lon="-77.65467">
        <ele>164.3</ele>
      </trkpt>
      <trkpt lat="39.131428" lon="-77.65467">
        <ele>164.0</ele>
      </trkpt>
      <trkpt lat="39.131386" lon="-77.65467">
        <ele>163.7</ele>
      </trkpt>
      <trkpt lat="39.131348" lon="-77.654663">
        <ele>163.3</ele>
      </trkpt>
      <trkpt lat="39.131306" lon="-77.654663">
        <ele>162.8</ele>
      </trkpt>
      <trkpt lat="39.131264" lon="-77.654663">
        <ele>162.3</ele>
      </trkpt>
      <trkpt lat="39.131217" lon="-77.654663">
        <ele>161.8</ele>
      </trkpt>
      <trkpt lat="39.131172" lon="-77.654655">
        <ele>161.3</ele>
      </trkpt>
      <trkpt lat="39.131126" lon="-77.654655">
        <ele>160.9</ele>
      </trkpt>
      <trkpt lat="39.131081" lon="-77.654655">
        <ele>160.6</ele>
      </trkpt>
      <trkpt lat="39.131031" lon="-77.654655">
        <ele>160.4</ele>
      </trkpt>
      <trkpt lat="39.130981" lon="-77.654655">
        <ele>160.1</ele>
      </trkpt>
      <trkpt lat="39.130928" lon="-77.654655">
        <ele>159.8</ele>
      </trkpt>
      <trkpt lat="39.130875" lon="-77.654655">
        <ele>159.6</ele>
      </trkpt>
      <trkpt lat="39.130821" lon="-77.654648">
        <ele>159.3</ele>
      </trkpt>
      <trkpt lat="39.130768" lon="-77.654648">
        <ele>159.0</ele>
      </trkpt>
      <trkpt lat="39.130714" lon="-77.654648">
        <ele>158.7</ele>
      </trkpt>
      <trkpt lat="39.130657" lon="-77.65464">
        <ele>158.3</ele>
      </trkpt>
      <trkpt lat="39.130604" lon="-77.65464">
        <ele>158.0</ele>
      </trkpt>
      <trkpt lat="39.130547" lon="-77.65464">
        <ele>157.7</ele>
      </trkpt>
      <trkpt lat="39.130486" lon="-77.654633">
        <ele>157.6</ele>
      </trkpt>
      <trkpt lat="39.130428" lon="-77.654633">
        <ele>157.4</ele>
      </trkpt>
      <trkpt lat="39.130367" lon="-77.654625">
        <ele>157.4</ele>
      </trkpt>
      <trkpt lat="39.130306" lon="-77.654625">
        <ele>157.3</ele>
      </trkpt>
      <trkpt lat="39.130241" lon="-77.654617">
        <ele>157.3</ele>
      </trkpt>
      <trkpt lat="39.130177" lon="-77.65461">
        <ele>157.2</ele>
      </trkpt>
      <trkpt lat="39.130111" lon="-77.654602">
        <ele>157.1</ele>
      </trkpt>
      <trkpt lat="39.130047" lon="-77.654602">
        <ele>156.9</ele>
      </trkpt>
      <trkpt lat="39.129982" lon="-77.654594">
        <ele>156.7</ele>
      </trkpt>
      <trkpt lat="39.129917" lon="-77.654587">
        <ele>156.6</ele>
      </trkpt>
      <trkpt lat="39.129848" lon="-77.654579">
        <ele>156.4</ele>
      </trkpt>
      <trkpt lat="39.129779" lon="-77.654572">
        <ele>156.3</ele>
      </trkpt>
      <trkpt lat="39.129715" lon="-77.654563">
        <ele>156.3</ele>
      </trkpt>
      <trkpt lat="39.129646" lon="-77.654556">
        <ele>156.2</ele>
      </trkpt>
      <trkpt lat="39.129578" lon="-77.654549">
        <ele>156.2</ele>
      </trkpt>
      <trkpt lat="39.129513" lon="-77.654541">
        <ele>156.2</ele>
      </trkpt>
      <trkpt lat="39.129444" lon="-77.654526">
        <ele>156.2</ele>
      </trkpt>
      <trkpt lat="39.129375" lon="-77.654526">
        <ele>156.2</ele>
      </trkpt>
      <trkpt lat="39.129307" lon="-77.654518">
        <ele>156.3</ele>
      </trkpt>
      <trkpt lat="39.129242" lon="-77.65451">
        <ele>156.4</ele>
      </trkpt>
      <trkpt lat="39.129177" lon="-77.65451">
        <ele>156.4</ele>
      </trkpt>
      <trkpt lat="39.129112" lon="-77.654503">
        <ele>156.5</ele>
      </trkpt>
      <trkpt lat="39.12905" lon="-77.654495">
        <ele>156.6</ele>
      </trkpt>
      <trkpt lat="39.128986" lon="-77.654488">
        <ele>156.6</ele>
      </trkpt>
      <trkpt lat="39.128925" lon="-77.65448">
        <ele>156.6</ele>
      </trkpt>
      <trkpt lat="39.128868" lon="-77.654472">
        <ele>156.6</ele>
      </trkpt>
      <trkpt lat="39.128815" lon="-77.654465">
        <ele>156.6</ele>
      </trkpt>
      <trkpt lat="39.128757" lon="-77.654456">
        <ele>156.4</ele>
      </trkpt>
      <trkpt lat="39.128704" lon="-77.654442">
        <ele>156.3</ele>
      </trkpt>
      <trkpt lat="39.128654" lon="-77.654434">
        <ele>156.2</ele>
      </trkpt>
      <trkpt lat="39.128605" lon="-77.654427">
        <ele>156.0</ele>
      </trkpt>
      <trkpt lat="39.128551" lon="-77.654427">
        <ele>155.7</ele>
      </trkpt>
      <trkpt lat="39.128506" lon="-77.654419">
        <ele>155.5</ele>
      </trkpt>
      <trkpt lat="39.128459" lon="-77.654411">
        <ele>155.2</ele>
      </trkpt>
      <trkpt lat="39.128414" lon="-77.654404">
        <ele>154.9</ele>
      </trkpt>
      <trkpt lat="39.128368" lon="-77.654396">
        <ele>154.8</ele>
      </trkpt>
      <trkpt lat="39.128323" lon="-77.654396">
        <ele>154.7</ele>
      </trkpt>
      <trkpt lat="39.128281" lon="-77.654396">
        <ele>154.6</ele>
      </trkpt>
      <trkpt lat="39.128234" lon="-77.654388">
        <ele>154.5</ele>
      </trkpt>
      <trkpt lat="39.128189" lon="-77.654381">
        <ele>154.3</ele>
      </trkpt>
      <trkpt lat="39.128151" lon="-77.654373">
        <ele>154.2</ele>
      </trkpt>
      <trkpt lat="39.128113" lon="-77.654373">
        <ele>153.9</ele>
      </trkpt>
      <trkpt lat="39.128078" lon="-77.654366">
        <ele>153.6</ele>
      </trkpt>
      <trkpt lat="39.128036" lon="-77.654358">
        <ele>153.2</ele>
      </trkpt>
      <trkpt lat="39.127991" lon="-77.654358">
        <ele>152.8</ele>
      </trkpt>
      <trkpt lat="39.127949" lon="-77.654349">
        <ele>152.4</ele>
      </trkpt>
      <trkpt lat="39.127907" lon="-77.654349">
        <ele>152.1</ele>
      </trkpt>
      <trkpt lat="39.127865" lon="-77.654349">
        <ele>151.7</ele>
      </trkpt>
      <trkpt lat="39.127823" lon="-77.654349">
        <ele>151.5</ele>
      </trkpt>
      <trkpt lat="39.127785" lon="-77.654349">
        <ele>151.3</ele>
      </trkpt>
      <trkpt lat="39.127739" lon="-77.654358">
        <ele>151.0</ele>
      </trkpt>
      <trkpt lat="39.127697" lon="-77.654358">
        <ele>150.7</ele>
      </trkpt>
      <trkpt lat="39.127659" lon="-77.654366">
        <ele>150.5</ele>
      </trkpt>
      <trkpt lat="39.127621" lon="-77.654373">
        <ele>150.2</ele>
      </trkpt>
      <trkpt lat="39.127586" lon="-77.654381">
        <ele>150.0</ele>
      </trkpt>
      <trkpt lat="39.12756" lon="-77.654388">
        <ele>149.9</ele>
      </trkpt>
      <trkpt lat="39.127533" lon="-77.654388">
        <ele>149.8</ele>
      </trkpt>
      <trkpt lat="39.127398" lon="-77.654366">
        <ele>150.1</ele>
      </trkpt>
      <trkpt lat="39.127369" lon="-77.654358">
        <ele>150.4</ele>
      </trkpt>
      <trkpt lat="39.127331" lon="-77.654343">
        <ele>150.8</ele>
      </trkpt>
      <trkpt lat="39.127289" lon="-77.654343">
        <ele>151.3</ele>
      </trkpt>
      <trkpt lat="39.127243" lon="-77.654335">
        <ele>151.8</ele>
      </trkpt>
      <trkpt lat="39.127197" lon="-77.654327">
        <ele>152.3</ele>
      </trkpt>
      <trkpt lat="39.127148" lon="-77.654327">
        <ele>152.9</ele>
      </trkpt>
      <trkpt lat="39.127094" lon="-77.654327">
        <ele>153.5</ele>
      </trkpt>
      <trkpt lat="39.127037" lon="-77.654312">
        <ele>154.2</ele>
      </trkpt>
      <trkpt lat="39.126976" lon="-77.654304">
        <ele>154.9</ele>
      </trkpt>
      <trkpt lat="39.126907" lon="-77.654297">
        <ele>155.8</ele>
      </trkpt>
      <trkpt lat="39.126838" lon="-77.654282">
        <ele>156.7</ele>
      </trkpt>
      <trkpt lat="39.126778" lon="-77.654274">
        <ele>157.4</ele>
      </trkpt>
      <trkpt lat="39.12672" lon="-77.654251">
        <ele>158.1</ele>
      </trkpt>
      <trkpt lat="39.126671" lon="-77.654221">
        <ele>158.6</ele>
      </trkpt>
      <trkpt lat="39.126625" lon="-77.65419">
        <ele>158.9</ele>
      </trkpt>
      <trkpt lat="39.126575" lon="-77.654144">
        <ele>159.3</ele>
      </trkpt>
      <trkpt lat="39.126534" lon="-77.654099">
        <ele>159.7</ele>
      </trkpt>
      <trkpt lat="39.126495" lon="-77.654053">
        <ele>160.1</ele>
      </trkpt>
      <trkpt lat="39.126453" lon="-77.653992">
        <ele>160.6</ele>
      </trkpt>
      <trkpt lat="39.126411" lon="-77.653931">
        <ele>161.0</ele>
      </trkpt>
      <trkpt lat="39.126381" lon="-77.653877">
        <ele>161.2</ele>
      </trkpt>
      <trkpt lat="39.126354" lon="-77.653824">
        <ele>161.2</ele>
      </trkpt>
      <trkpt lat="39.126328" lon="-77.653763">
        <ele>161.2</ele>
      </trkpt>
      <trkpt lat="39.126305" lon="-77.653702">
        <ele>161.0</ele>
      </trkpt>
      <trkpt lat="39.126286" lon="-77.653648">
        <ele>160.8</ele>
      </trkpt>
      <trkpt lat="39.126263" lon="-77.653587">
        <ele>160.5</ele>
      </trkpt>
      <trkpt lat="39.12624" lon="-77.653526">
        <ele>160.3</ele>
      </trkpt>
      <trkpt lat="39.126221" lon="-77.653465">
        <ele>160.1</ele>
      </trkpt>
      <trkpt lat="39.126198" lon="-77.653397">
        <ele>159.8</ele>
      </trkpt>
      <trkpt lat="39.126171" lon="-77.653336">
        <ele>159.6</ele>
      </trkpt>
      <trkpt lat="39.126143" lon="-77.653274">
        <ele>159.3</ele>
      </trkpt>
      <trkpt lat="39.126114" lon="-77.653221">
        <ele>159.2</ele>
      </trkpt>
      <trkpt lat="39.126087" lon="-77.653175">
        <ele>159.0</ele>
      </trkpt>
      <trkpt lat="39.12606" lon="-77.653122">
        <ele>159.0</ele>
      </trkpt>
      <trkpt lat="39.12603" lon="-77.653076">
        <ele>159.0</ele>
      </trkpt>
      <trkpt lat="39.125999" lon="-77.65303">
        <ele>158.9</ele>
      </trkpt>
      <trkpt lat="39.125969" lon="-77.652969">
        <ele>159.0</ele>
      </trkpt>
      <trkpt lat="39.125935" lon="-77.652908">
        <ele>158.9</ele>
      </trkpt>
      <trkpt lat="39.1259" lon="-77.652855">
        <ele>158.8</ele>
      </trkpt>
      <trkpt lat="39.125866" lon="-77.652794">
        <ele>158.8</ele>
      </trkpt>
      <trkpt lat="39.125835" lon="-77.65274">
        <ele>158.7</ele>
      </trkpt>
      <trkpt lat="39.125805" lon="-77.652687">
        <ele>158.7</ele>
      </trkpt>
      <trkpt lat="39.125774" lon="-77.652634">
        <ele>158.6</ele>
      </trkpt>
      <trkpt lat="39.125744" lon="-77.65258">
        <ele>158.6</ele>
      </trkpt>
      <trkpt lat="39.125713" lon="-77.652519">
        <ele>158.6</ele>
      </trkpt>
      <trkpt lat="39.125687" lon="-77.652458">
        <ele>158.6</ele>
      </trkpt>
      <trkpt lat="39.125664" lon="-77.652396">
        <ele>158.6</ele>
      </trkpt>
      <trkpt lat="39.125641" lon="-77.652351">
        <ele>158.6</ele>
      </trkpt>
      <trkpt lat="39.125614" lon="-77.652298">
        <ele>158.6</ele>
      </trkpt>
      <trkpt lat="39.125591" lon="-77.652244">
        <ele>158.6</ele>
      </trkpt>
      <trkpt lat="39.125568" lon="-77.652191">
        <ele>158.5</ele>
      </trkpt>
      <trkpt lat="39.125546" lon="-77.652137">
        <ele>158.5</ele>
      </trkpt>
      <trkpt lat="39.125523" lon="-77.652084">
        <ele>158.4</ele>
      </trkpt>
      <trkpt lat="39.125507" lon="-77.65203">
        <ele>158.4</ele>
      </trkpt>
      <trkpt lat="39.125488" lon="-77.651985">
        <ele>158.3</ele>
      </trkpt>
      <trkpt lat="39.125469" lon="-77.651932">
        <ele>158.2</ele>
      </trkpt>
      <trkpt lat="39.125454" lon="-77.651886">
        <ele>158.0</ele>
      </trkpt>
      <trkpt lat="39.125439" lon="-77.65184">
        <ele>157.7</ele>
      </trkpt>
      <trkpt lat="39.125427" lon="-77.651787">
        <ele>157.3</ele>
      </trkpt>
      <trkpt lat="39.125416" lon="-77.651732">
        <ele>156.9</ele>
      </trkpt>
      <trkpt lat="39.1254" lon="-77.65168">
        <ele>156.4</ele>
      </trkpt>
      <trkpt lat="39.125389" lon="-77.651627">
        <ele>156.0</ele>
      </trkpt>
      <trkpt lat="39.125369" lon="-77.651566">
        <ele>155.4</ele>
      </trkpt>
      <trkpt lat="39.125355" lon="-77.65152">
        <ele>155.2</ele>
      </trkpt>
      <trkpt lat="39.125336" lon="-77.651466">
        <ele>155.0</ele>
      </trkpt>
      <trkpt lat="39.125313" lon="-77.651413">
        <ele>154.9</ele>
      </trkpt>
      <trkpt lat="39.12529" lon="-77.651366">
        <ele>154.7</ele>
      </trkpt>
      <trkpt lat="39.125259" lon="-77.651314">
        <ele>154.6</ele>
      </trkpt>
      <trkpt lat="39.125229" lon="-77.651259">
        <ele>154.5</ele>
      </trkpt>
      <trkpt lat="39.125198" lon="-77.651207">
        <ele>154.4</ele>
      </trkpt>
      <trkpt lat="39.125164" lon="-77.651161">
        <ele>154.2</ele>
      </trkpt>
      <trkpt lat="39.12513" lon="-77.651107">
        <ele>154.0</ele>
      </trkpt>
      <trkpt lat="39.125088" lon="-77.651047">
        <ele>154.0</ele>
      </trkpt>
      <trkpt lat="39.12505" lon="-77.651">
        <ele>154.0</ele>
      </trkpt>
      <trkpt lat="39.125015" lon="-77.650948">
        <ele>154.2</ele>
      </trkpt>
      <trkpt lat="39.124981" lon="-77.650902">
        <ele>154.3</ele>
      </trkpt>
      <trkpt lat="39.124943" lon="-77.650848">
        <ele>154.5</ele>
      </trkpt>
      <trkpt lat="39.124901" lon="-77.650795">
        <ele>154.5</ele>
      </trkpt>
      <trkpt lat="39.124854" lon="-77.650734">
        <ele>154.5</ele>
      </trkpt>
      <trkpt lat="39.124805" lon="-77.650681">
        <ele>154.4</ele>
      </trkpt>
      <trkpt lat="39.124747" lon="-77.65062">
        <ele>154.0</ele>
      </trkpt>
      <trkpt lat="39.124683" lon="-77.650566">
        <ele>153.3</ele>
      </trkpt>
      <trkpt lat="39.124607" lon="-77.65052">
        <ele>152.6</ele>
      </trkpt>
      <trkpt lat="39.124527" lon="-77.650482">
        <ele>152.0</ele>
      </trkpt>
      <trkpt lat="39.124443" lon="-77.650452">
        <ele>151.3</ele>
      </trkpt>
      <trkpt lat="39.124359" lon="-77.650429">
        <ele>150.6</ele>
      </trkpt>
      <trkpt lat="39.124275" lon="-77.650398">
        <ele>150.1</ele>
      </trkpt>
      <trkpt lat="39.124187" lon="-77.650375">
        <ele>150.1</ele>
      </trkpt>
      <trkpt lat="39.124096" lon="-77.650345">
        <ele>150.4</ele>
      </trkpt>
      <trkpt lat="39.124004" lon="-77.650322">
        <ele>150.9</ele>
      </trkpt>
      <trkpt lat="39.123917" lon="-77.650299">
        <ele>151.3</ele>
      </trkpt>
      <trkpt lat="39.123829" lon="-77.650269">
        <ele>151.8</ele>
      </trkpt>
      <trkpt lat="39.123741" lon="-77.650246">
        <ele>152.3</ele>
      </trkpt>
      <trkpt lat="39.123661" lon="-77.650223">
        <ele>152.9</ele>
      </trkpt>
      <trkpt lat="39.123581" lon="-77.650192">
        <ele>153.7</ele>
      </trkpt>
      <trkpt lat="39.123505" lon="-77.650169">
        <ele>154.5</ele>
      </trkpt>
      <trkpt lat="39.123432" lon="-77.650139">
        <ele>155.2</ele>
      </trkpt>
      <trkpt lat="39.123367" lon="-77.650108">
        <ele>155.6</ele>
      </trkpt>
      <trkpt lat="39.123309" lon="-77.65007">
        <ele>155.9</ele>
      </trkpt>
      <trkpt lat="39.12326" lon="-77.650024">
        <ele>156.1</ele>
      </trkpt>
      <trkpt lat="39.123215" lon="-77.649979">
        <ele>156.3</ele>
      </trkpt>
      <trkpt lat="39.12318" lon="-77.649933">
        <ele>156.5</ele>
      </trkpt>
      <trkpt lat="39.123146" lon="-77.649887">
        <ele>156.7</ele>
      </trkpt>
      <trkpt lat="39.123112" lon="-77.649841">
        <ele>156.9</ele>
      </trkpt>
      <trkpt lat="39.123081" lon="-77.649796">
        <ele>157.1</ele>
      </trkpt>
      <trkpt lat="39.123047" lon="-77.649742">
        <ele>157.3</ele>
      </trkpt>
      <trkpt lat="39.123019" lon="-77.649696">
        <ele>157.5</ele>
      </trkpt>
      <trkpt lat="39.122993" lon="-77.649651">
        <ele>157.6</ele>
      </trkpt>
      <trkpt lat="39.122967" lon="-77.649597">
        <ele>157.8</ele>
      </trkpt>
      <trkpt lat="39.12294" lon="-77.649551">
        <ele>157.9</ele>
      </trkpt>
      <trkpt lat="39.122917" lon="-77.649506">
        <ele>158.0</ele>
      </trkpt>
      <trkpt lat="39.122887" lon="-77.64946">
        <ele>158.0</ele>
      </trkpt>
      <trkpt lat="39.12286" lon="-77.649413">
        <ele>158.0</ele>
      </trkpt>
      <trkpt lat="39.122836" lon="-77.649368">
        <ele>158.0</ele>
      </trkpt>
      <trkpt lat="39.122814" lon="-77.649323">
        <ele>158.0</ele>
      </trkpt>
      <trkpt lat="39.122787" lon="-77.649277">
        <ele>157.9</ele>
      </trkpt>
      <trkpt lat="39.12276" lon="-77.649223">
        <ele>157.8</ele>
      </trkpt>
      <trkpt lat="39.122734" lon="-77.649178">
        <ele>157.7</ele>
      </trkpt>
      <trkpt lat="39.122707" lon="-77.649124">
        <ele>157.6</ele>
      </trkpt>
      <trkpt lat="39.122681" lon="-77.649071">
        <ele>157.4</ele>
      </trkpt>
      <trkpt lat="39.12265" lon="-77.64901">
        <ele>157.1</ele>
      </trkpt>
      <trkpt lat="39.122616" lon="-77.648956">
        <ele>156.6</ele>
      </trkpt>
      <trkpt lat="39.122585" lon="-77.648903">
        <ele>156.1</ele>
      </trkpt>
      <trkpt lat="39.122551" lon="-77.648842">
        <ele>155.6</ele>
      </trkpt>
      <trkpt lat="39.12252" lon="-77.648781">
        <ele>155.2</ele>
      </trkpt>
      <trkpt lat="39.122486" lon="-77.64872">
        <ele>155.0</ele>
      </trkpt>
      <trkpt lat="39.122452" lon="-77.648659">
        <ele>154.8</ele>
      </trkpt>
      <trkpt lat="39.122421" lon="-77.648598">
        <ele>154.7</ele>
      </trkpt>
      <trkpt lat="39.122387" lon="-77.648544">
        <ele>154.6</ele>
      </trkpt>
      <trkpt lat="39.122352" lon="-77.648483">
        <ele>154.6</ele>
      </trkpt>
      <trkpt lat="39.122321" lon="-77.64843">
        <ele>154.5</ele>
      </trkpt>
      <trkpt lat="39.122288" lon="-77.648369">
        <ele>154.5</ele>
      </trkpt>
      <trkpt lat="39.122257" lon="-77.648315">
        <ele>154.5</ele>
      </trkpt>
      <trkpt lat="39.122227" lon="-77.648262">
        <ele>154.5</ele>
      </trkpt>
      <trkpt lat="39.1222" lon="-77.648209">
        <ele>154.5</ele>
      </trkpt>
      <trkpt lat="39.122172" lon="-77.648155">
        <ele>154.5</ele>
      </trkpt>
      <trkpt lat="39.122147" lon="-77.648102">
        <ele>154.5</ele>
      </trkpt>
      <trkpt lat="39.12212" lon="-77.648041">
        <ele>154.5</ele>
      </trkpt>
      <trkpt lat="39.122096" lon="-77.647995">
        <ele>154.5</ele>
      </trkpt>
      <trkpt lat="39.122074" lon="-77.647949">
        <ele>154.6</ele>
      </trkpt>
      <trkpt lat="39.122051" lon="-77.647903">
        <ele>154.6</ele>
      </trkpt>
      <trkpt lat="39.122028" lon="-77.647865">
        <ele>154.6</ele>
      </trkpt>
      <trkpt lat="39.122005" lon="-77.64782">
        <ele>154.6</ele>
      </trkpt>
      <trkpt lat="39.121983" lon="-77.647781">
        <ele>154.7</ele>
      </trkpt>
      <trkpt lat="39.12196" lon="-77.647743">
        <ele>154.7</ele>
      </trkpt>
      <trkpt lat="39.121941" lon="-77.647705">
        <ele>154.7</ele>
      </trkpt>
      <trkpt lat="39.121918" lon="-77.647667">
        <ele>154.7</ele>
      </trkpt>
      <trkpt lat="39.121895" lon="-77.647629">
        <ele>154.7</ele>
      </trkpt>
      <trkpt lat="39.121876" lon="-77.647598">
        <ele>154.7</ele>
      </trkpt>
      <trkpt lat="39.121861" lon="-77.647568">
        <ele>154.7</ele>
      </trkpt>
      <trkpt lat="39.121841" lon="-77.64753">
        <ele>154.7</ele>
      </trkpt>
      <trkpt lat="39.121822" lon="-77.647499">
        <ele>154.7</ele>
      </trkpt>
      <trkpt lat="39.121806" lon="-77.647461">
        <ele>154.7</ele>
      </trkpt>
      <trkpt lat="39.121788" lon="-77.64743">
        <ele>154.6</ele>
      </trkpt>
      <trkpt lat="39.121765" lon="-77.6474">
        <ele>154.5</ele>
      </trkpt>
      <trkpt lat="39.121746" lon="-77.647362">
        <ele>154.4</ele>
      </trkpt>
      <trkpt lat="39.12173" lon="-77.647331">
        <ele>154.3</ele>
      </trkpt>
      <trkpt lat="39.121712" lon="-77.647301">
        <ele>154.2</ele>
      </trkpt>
      <trkpt lat="39.121696" lon="-77.64727">
        <ele>154.1</ele>
      </trkpt>
      <trkpt lat="39.121677" lon="-77.64724">
        <ele>154.0</ele>
      </trkpt>
      <trkpt lat="39.121657" lon="-77.647201">
        <ele>153.9</ele>
      </trkpt>
      <trkpt lat="39.121639" lon="-77.647171">
        <ele>153.8</ele>
      </trkpt>
      <trkpt lat="39.121616" lon="-77.647141">
        <ele>153.6</ele>
      </trkpt>
      <trkpt lat="39.121597" lon="-77.647102">
        <ele>153.5</ele>
      </trkpt>
      <trkpt lat="39.121578" lon="-77.647064">
        <ele>153.4</ele>
      </trkpt>
      <trkpt lat="39.121563" lon="-77.647034">
        <ele>153.3</ele>
      </trkpt>
      <trkpt lat="39.121544" lon="-77.647003">
        <ele>153.2</ele>
      </trkpt>
      <trkpt lat="39.121529" lon="-77.646973">
        <ele>153.2</ele>
      </trkpt>
      <trkpt lat="39.12151" lon="-77.646942">
        <ele>153.1</ele>
      </trkpt>
      <trkpt lat="39.121494" lon="-77.646912">
        <ele>153.0</ele>
      </trkpt>
      <trkpt lat="39.121479" lon="-77.64688">
        <ele>153.0</ele>
      </trkpt>
      <trkpt lat="39.12146" lon="-77.646851">
        <ele>152.9</ele>
      </trkpt>
      <trkpt lat="39.121445" lon="-77.646828">
        <ele>152.8</ele>
      </trkpt>
      <trkpt lat="39.121426" lon="-77.646797">
        <ele>152.7</ele>
      </trkpt>
      <trkpt lat="39.121414" lon="-77.646767">
        <ele>152.6</ele>
      </trkpt>
      <trkpt lat="39.121398" lon="-77.646744">
        <ele>152.5</ele>
      </trkpt>
      <trkpt lat="39.12138" lon="-77.646713">
        <ele>152.3</ele>
      </trkpt>
      <trkpt lat="39.121365" lon="-77.646683">
        <ele>152.1</ele>
      </trkpt>
      <trkpt lat="39.121349" lon="-77.646652">
        <ele>151.9</ele>
      </trkpt>
      <trkpt lat="39.121334" lon="-77.646629">
        <ele>151.7</ele>
      </trkpt>
      <trkpt lat="39.121322" lon="-77.646606">
        <ele>151.4</ele>
      </trkpt>
      <trkpt lat="39.121307" lon="-77.646576">
        <ele>151.2</ele>
      </trkpt>
      <trkpt lat="39.121288" lon="-77.646545">
        <ele>150.9</ele>
      </trkpt>
      <trkpt lat="39.121269" lon="-77.646514">
        <ele>150.5</ele>
      </trkpt>
      <trkpt lat="39.121254" lon="-77.646484">
        <ele>150.3</ele>
      </trkpt>
      <trkpt lat="39.121235" lon="-77.646446">
        <ele>150.0</ele>
      </trkpt>
      <trkpt lat="39.121215" lon="-77.646416">
        <ele>149.8</ele>
      </trkpt>
      <trkpt lat="39.121197" lon="-77.646378">
        <ele>149.6</ele>
      </trkpt>
      <trkpt lat="39.121178" lon="-77.646347">
        <ele>149.3</ele>
      </trkpt>
      <trkpt lat="39.121162" lon="-77.646317">
        <ele>149.0</ele>
      </trkpt>
      <trkpt lat="39.121147" lon="-77.646294">
        <ele>148.8</ele>
      </trkpt>
      <trkpt lat="39.121132" lon="-77.646263">
        <ele>148.5</ele>
      </trkpt>
      <trkpt lat="39.121117" lon="-77.64624">
        <ele>148.3</ele>
      </trkpt>
      <trkpt lat="39.121105" lon="-77.646216">
        <ele>148.1</ele>
      </trkpt>
      <trkpt lat="39.121094" lon="-77.646187">
        <ele>147.8</ele>
      </trkpt>
      <trkpt lat="39.121078" lon="-77.646156">
        <ele>147.5</ele>
      </trkpt>
      <trkpt lat="39.121063" lon="-77.646133">
        <ele>147.3</ele>
      </trkpt>
      <trkpt lat="39.121048" lon="-77.646103">
        <ele>147.0</ele>
      </trkpt>
      <trkpt lat="39.121037" lon="-77.64608">
        <ele>146.8</ele>
      </trkpt>
      <trkpt lat="39.121025" lon="-77.646049">
        <ele>146.5</ele>
      </trkpt>
      <trkpt lat="39.121014" lon="-77.646027">
        <ele>146.3</ele>
      </trkpt>
      <trkpt lat="39.121002" lon="-77.645996">
        <ele>146.1</ele>
      </trkpt>
      <trkpt lat="39.120987" lon="-77.645966">
        <ele>145.8</ele>
      </trkpt>
      <trkpt lat="39.120972" lon="-77.645943">
        <ele>145.6</ele>
      </trkpt>
      <trkpt lat="39.120956" lon="-77.645912">
        <ele>145.4</ele>
      </trkpt>
      <trkpt lat="39.120937" lon="-77.645874">
        <ele>145.1</ele>
      </trkpt>
      <trkpt lat="39.120918" lon="-77.645836">
        <ele>144.9</ele>
      </trkpt>
      <trkpt lat="39.120899" lon="-77.645798">
        <ele>144.6</ele>
      </trkpt>
      <trkpt lat="39.12088" lon="-77.645767">
        <ele>144.4</ele>
      </trkpt>
      <trkpt lat="39.120861" lon="-77.645721">
        <ele>144.1</ele>
      </trkpt>
      <trkpt lat="39.120842" lon="-77.645676">
        <ele>143.9</ele>
      </trkpt>
      <trkpt lat="39.120815" lon="-77.64563">
        <ele>143.8</ele>
      </trkpt>
      <trkpt lat="39.120789" lon="-77.645584">
        <ele>143.6</ele>
      </trkpt>
      <trkpt lat="39.120754" lon="-77.645523">
        <ele>143.4</ele>
      </trkpt>
      <trkpt lat="39.120716" lon="-77.645462">
        <ele>143.2</ele>
      </trkpt>
      <trkpt lat="39.120678" lon="-77.645401">
        <ele>142.7</ele>
      </trkpt>
      <trkpt lat="39.120632" lon="-77.645325">
        <ele>141.9</ele>
      </trkpt>
      <trkpt lat="39.12059" lon="-77.645248">
        <ele>141.3</ele>
      </trkpt>
      <trkpt lat="39.120556" lon="-77.645172">
        <ele>140.7</ele>
      </trkpt>
      <trkpt lat="39.120514" lon="-77.645088">
        <ele>140.1</ele>
      </trkpt>
      <trkpt lat="39.120468" lon="-77.644997">
        <ele>139.6</ele>
      </trkpt>
      <trkpt lat="39.120419" lon="-77.644913">
        <ele>139.1</ele>
      </trkpt>
      <trkpt lat="39.120365" lon="-77.64482">
        <ele>138.5</ele>
      </trkpt>
      <trkpt lat="39.120312" lon="-77.644737">
        <ele>138.0</ele>
      </trkpt>
      <trkpt lat="39.120255" lon="-77.644646">
        <ele>137.5</ele>
      </trkpt>
      <trkpt lat="39.120185" lon="-77.644554">
        <ele>137.0</ele>
      </trkpt>
      <trkpt lat="39.120113" lon="-77.644463">
        <ele>136.6</ele>
      </trkpt>
      <trkpt lat="39.120037" lon="-77.644379">
        <ele>136.3</ele>
      </trkpt>
      <trkpt lat="39.119965" lon="-77.644295">
        <ele>136.1</ele>
      </trkpt>
      <trkpt lat="39.1199" lon="-77.644226">
        <ele>136.0</ele>
      </trkpt>
      <trkpt lat="39.119835" lon="-77.644157">
        <ele>136.1</ele>
      </trkpt>
      <trkpt lat="39.119766" lon="-77.644088">
        <ele>136.3</ele>
      </trkpt>
      <trkpt lat="39.119698" lon="-77.64402">
        <ele>136.6</ele>
      </trkpt>
      <trkpt lat="39.119629" lon="-77.643959">
        <ele>137.0</ele>
      </trkpt>
      <trkpt lat="39.119563" lon="-77.643897">
        <ele>137.5</ele>
      </trkpt>
      <trkpt lat="39.119499" lon="-77.643837">
        <ele>138.0</ele>
      </trkpt>
      <trkpt lat="39.119442" lon="-77.643776">
        <ele>138.5</ele>
      </trkpt>
      <trkpt lat="39.119389" lon="-77.643715">
        <ele>139.0</ele>
      </trkpt>
      <trkpt lat="39.119338" lon="-77.643646">
        <ele>139.3</ele>
      </trkpt>
      <trkpt lat="39.119289" lon="-77.643578">
        <ele>139.5</ele>
      </trkpt>
      <trkpt lat="39.119247" lon="-77.643501">
        <ele>139.8</ele>
      </trkpt>
      <trkpt lat="39.119205" lon="-77.643424">
        <ele>140.1</ele>
      </trkpt>
      <trkpt lat="39.119164" lon="-77.643349">
        <ele>140.4</ele>
      </trkpt>
      <trkpt lat="39.119122" lon="-77.64328">
        <ele>140.9</ele>
      </trkpt>
      <trkpt lat="39.119083" lon="-77.643204">
        <ele>141.3</ele>
      </trkpt>
      <trkpt lat="39.119045" lon="-77.643135">
        <ele>141.5</ele>
      </trkpt>
      <trkpt lat="39.119007" lon="-77.643058">
        <ele>141.7</ele>
      </trkpt>
      <trkpt lat="39.118972" lon="-77.642982">
        <ele>141.9</ele>
      </trkpt>
      <trkpt lat="39.118935" lon="-77.642906">
        <ele>141.9</ele>
      </trkpt>
      <trkpt lat="39.118896" lon="-77.64283">
        <ele>142.0</ele>
      </trkpt>
      <trkpt lat="39.118855" lon="-77.642746">
        <ele>142.1</ele>
      </trkpt>
      <trkpt lat="39.118813" lon="-77.642653">
        <ele>142.1</ele>
      </trkpt>
      <trkpt lat="39.118767" lon="-77.642563">
        <ele>142.2</ele>
      </trkpt>
      <trkpt lat="39.118716" lon="-77.642464">
        <ele>142.2</ele>
      </trkpt>
      <trkpt lat="39.118668" lon="-77.642365">
        <ele>142.3</ele>
      </trkpt>
      <trkpt lat="39.118618" lon="-77.642258">
        <ele>142.3</ele>
      </trkpt>
      <trkpt lat="39.118564" lon="-77.642143">
        <ele>142.2</ele>
      </trkpt>
      <trkpt lat="39.118515" lon="-77.642036">
        <ele>142.1</ele>
      </trkpt>
      <trkpt lat="39.118462" lon="-77.641914">
        <ele>141.9</ele>
      </trkpt>
      <trkpt lat="39.118401" lon="-77.641785">
        <ele>141.4</ele>
      </trkpt>
      <trkpt lat="39.118343" lon="-77.641655">
        <ele>140.4</ele>
      </trkpt>
      <trkpt lat="39.118286" lon="-77.641525">
        <ele>139.8</ele>
      </trkpt>
      <trkpt lat="39.118232" lon="-77.641388">
        <ele>139.7</ele>
      </trkpt>
      <trkpt lat="39.118176" lon="-77.641251">
        <ele>139.7</ele>
      </trkpt>
      <trkpt lat="39.118114" lon="-77.641105">
        <ele>139.7</ele>
      </trkpt>
      <trkpt lat="39.118053" lon="-77.640961">
        <ele>139.7</ele>
      </trkpt>
      <trkpt lat="39.118" lon="-77.640816">
        <ele>139.9</ele>
      </trkpt>
      <trkpt lat="39.11795" lon="-77.640671">
        <ele>140.2</ele>
      </trkpt>
      <trkpt lat="39.117901" lon="-77.640526">
        <ele>140.5</ele>
      </trkpt>
      <trkpt lat="39.117855" lon="-77.640381">
        <ele>140.9</ele>
      </trkpt>
      <trkpt lat="39.117805" lon="-77.640244">
        <ele>141.4</ele>
      </trkpt>
      <trkpt lat="39.117756" lon="-77.640099">
        <ele>141.8</ele>
      </trkpt>
      <trkpt lat="39.117706" lon="-77.639961">
        <ele>142.3</ele>
      </trkpt>
      <trkpt lat="39.117657" lon="-77.639816">
        <ele>142.8</ele>
      </trkpt>
      <trkpt lat="39.11761" lon="-77.639679">
        <ele>143.3</ele>
      </trkpt>
      <trkpt lat="39.117561" lon="-77.639542">
        <ele>143.8</ele>
      </trkpt>
      <trkpt lat="39.117516" lon="-77.639411">
        <ele>144.5</ele>
      </trkpt>
      <trkpt lat="39.11747" lon="-77.639275">
        <ele>145.3</ele>
      </trkpt>
      <trkpt lat="39.117424" lon="-77.639145">
        <ele>146.0</ele>
      </trkpt>
      <trkpt lat="39.117378" lon="-77.639015">
        <ele>146.6</ele>
      </trkpt>
      <trkpt lat="39.117332" lon="-77.638885">
        <ele>147.1</ele>
      </trkpt>
      <trkpt lat="39.117289" lon="-77.638756">
        <ele>147.6</ele>
      </trkpt>
      <trkpt lat="39.117244" lon="-77.638634">
        <ele>148.2</ele>
      </trkpt>
      <trkpt lat="39.117203" lon="-77.638512">
        <ele>148.9</ele>
      </trkpt>
      <trkpt lat="39.117161" lon="-77.638397">
        <ele>149.4</ele>
      </trkpt>
      <trkpt lat="39.117123" lon="-77.638283">
        <ele>149.9</ele>
      </trkpt>
      <trkpt lat="39.117081" lon="-77.638161">
        <ele>150.4</ele>
      </trkpt>
      <trkpt lat="39.117043" lon="-77.638046">
        <ele>150.8</ele>
      </trkpt>
      <trkpt lat="39.117001" lon="-77.637939">
        <ele>151.2</ele>
      </trkpt>
      <trkpt lat="39.116966" lon="-77.637833">
        <ele>151.7</ele>
      </trkpt>
      <trkpt lat="39.116932" lon="-77.637733">
        <ele>152.2</ele>
      </trkpt>
      <trkpt lat="39.116898" lon="-77.637634">
        <ele>153.1</ele>
      </trkpt>
      <trkpt lat="39.116859" lon="-77.637542">
        <ele>154.1</ele>
      </trkpt>
      <trkpt lat="39.116821" lon="-77.637451">
        <ele>155.1</ele>
      </trkpt>
      <trkpt lat="39.116791" lon="-77.63736">
        <ele>155.8</ele>
      </trkpt>
      <trkpt lat="39.116772" lon="-77.637276">
        <ele>156.2</ele>
      </trkpt>
      <trkpt lat="39.116753" lon="-77.637177">
        <ele>156.5</ele>
      </trkpt>
      <trkpt lat="39.116737" lon="-77.637092">
        <ele>156.9</ele>
      </trkpt>
      <trkpt lat="39.116726" lon="-77.637009">
        <ele>157.4</ele>
      </trkpt>
      <trkpt lat="39.116711" lon="-77.636932">
        <ele>158.0</ele>
      </trkpt>
      <trkpt lat="39.116692" lon="-77.636848">
        <ele>158.7</ele>
      </trkpt>
      <trkpt lat="39.116676" lon="-77.636757">
        <ele>159.2</ele>
      </trkpt>
      <trkpt lat="39.116653" lon="-77.636664">
        <ele>159.7</ele>
      </trkpt>
      <trkpt lat="39.116634" lon="-77.636566">
        <ele>160.2</ele>
      </trkpt>
      <trkpt lat="39.116611" lon="-77.636459">
        <ele>160.8</ele>
      </trkpt>
      <trkpt lat="39.116596" lon="-77.636353">
        <ele>161.6</ele>
      </trkpt>
      <trkpt lat="39.11658" lon="-77.636253">
        <ele>162.6</ele>
      </trkpt>
      <trkpt lat="39.116566" lon="-77.636146">
        <ele>163.4</ele>
      </trkpt>
      <trkpt lat="39.116549" lon="-77.636055">
        <ele>164.4</ele>
      </trkpt>
      <trkpt lat="39.116539" lon="-77.635971">
        <ele>165.6</ele>
      </trkpt>
      <trkpt lat="39.116528" lon="-77.635887">
        <ele>166.3</ele>
      </trkpt>
      <trkpt lat="39.11652" lon="-77.635796">
        <ele>166.7</ele>
      </trkpt>
      <trkpt lat="39.116516" lon="-77.635712">
        <ele>167.0</ele>
      </trkpt>
      <trkpt lat="39.116516" lon="-77.635643">
        <ele>167.6</ele>
      </trkpt>
      <trkpt lat="39.116512" lon="-77.635574">
        <ele>168.5</ele>
      </trkpt>
      <trkpt lat="39.116516" lon="-77.635498">
        <ele>169.4</ele>
      </trkpt>
      <trkpt lat="39.11652" lon="-77.635445">
        <ele>169.9</ele>
      </trkpt>
      <trkpt lat="39.116531" lon="-77.635406">
        <ele>170.3</ele>
      </trkpt>
      <trkpt lat="39.116539" lon="-77.635375">
        <ele>170.5</ele>
      </trkpt>
      <trkpt lat="39.116554" lon="-77.635361">
        <ele>170.8</ele>
      </trkpt>
      <trkpt lat="39.11657" lon="-77.635345">
        <ele>171.1</ele>
      </trkpt>
      <trkpt lat="39.116589" lon="-77.635338">
        <ele>171.4</ele>
      </trkpt>
      <trkpt lat="39.116608" lon="-77.635323">
        <ele>171.8</ele>
      </trkpt>
      <trkpt lat="39.116627" lon="-77.635315">
        <ele>172.1</ele>
      </trkpt>
      <trkpt lat="39.116642" lon="-77.6353">
        <ele>172.4</ele>
      </trkpt>
      <trkpt lat="39.116665" lon="-77.635284">
        <ele>172.8</ele>
      </trkpt>
      <trkpt lat="39.116688" lon="-77.635277">
        <ele>173.1</ele>
      </trkpt>
      <trkpt lat="39.116718" lon="-77.635268">
        <ele>173.6</ele>
      </trkpt>
      <trkpt lat="39.116753" lon="-77.635262">
        <ele>174.2</ele>
      </trkpt>
      <trkpt lat="39.116795" lon="-77.635246">
        <ele>174.9</ele>
      </trkpt>
      <trkpt lat="39.11684" lon="-77.635231">
        <ele>175.6</ele>
      </trkpt>
      <trkpt lat="39.11689" lon="-77.635216">
        <ele>176.0</ele>
      </trkpt>
      <trkpt lat="39.11694" lon="-77.635201">
        <ele>176.4</ele>
      </trkpt>
      <trkpt lat="39.116985" lon="-77.635185">
        <ele>176.6</ele>
      </trkpt>
      <trkpt lat="39.117031" lon="-77.635155">
        <ele>177.4</ele>
      </trkpt>
      <trkpt lat="39.117077" lon="-77.635124">
        <ele>178.1</ele>
      </trkpt>
      <trkpt lat="39.117123" lon="-77.635077">
        <ele>178.6</ele>
      </trkpt>
      <trkpt lat="39.117171" lon="-77.635033">
        <ele>178.8</ele>
      </trkpt>
      <trkpt lat="39.117218" lon="-77.634979">
        <ele>178.9</ele>
      </trkpt>
      <trkpt lat="39.117264" lon="-77.634911">
        <ele>178.9</ele>
      </trkpt>
      <trkpt lat="39.117302" lon="-77.634834">
        <ele>179.0</ele>
      </trkpt>
      <trkpt lat="39.117332" lon="-77.63475">
        <ele>179.3</ele>
      </trkpt>
      <trkpt lat="39.117355" lon="-77.634659">
        <ele>180.2</ele>
      </trkpt>
      <trkpt lat="39.117374" lon="-77.634559">
        <ele>181.2</ele>
      </trkpt>
      <trkpt lat="39.11739" lon="-77.63446">
        <ele>182.0</ele>
      </trkpt>
      <trkpt lat="39.117401" lon="-77.634361">
        <ele>183.1</ele>
      </trkpt>
      <trkpt lat="39.117409" lon="-77.634262">
        <ele>184.0</ele>
      </trkpt>
      <trkpt lat="39.11742" lon="-77.634171">
        <ele>184.9</ele>
      </trkpt>
      <trkpt lat="39.117432" lon="-77.634086">
        <ele>185.7</ele>
      </trkpt>
      <trkpt lat="39.117443" lon="-77.634003">
        <ele>186.6</ele>
      </trkpt>
      <trkpt lat="39.117462" lon="-77.633911">
        <ele>187.4</ele>
      </trkpt>
      <trkpt lat="39.117489" lon="-77.63382">
        <ele>188.2</ele>
      </trkpt>
      <trkpt lat="39.117516" lon="-77.633743">
        <ele>189.1</ele>
      </trkpt>
      <trkpt lat="39.117538" lon="-77.633667">
        <ele>190.0</ele>
      </trkpt>
      <trkpt lat="39.117561" lon="-77.633583">
        <ele>191.1</ele>
      </trkpt>
      <trkpt lat="39.117592" lon="-77.633507">
        <ele>192.1</ele>
      </trkpt>
      <trkpt lat="39.117615" lon="-77.633438">
        <ele>192.9</ele>
      </trkpt>
      <trkpt lat="39.117634" lon="-77.633385">
        <ele>193.6</ele>
      </trkpt>
      <trkpt lat="39.117641" lon="-77.633339">
        <ele>194.2</ele>
      </trkpt>
      <trkpt lat="39.117645" lon="-77.633301">
        <ele>194.6</ele>
      </trkpt>
      <trkpt lat="39.117653" lon="-77.633263">
        <ele>195.0</ele>
      </trkpt>
      <trkpt lat="39.117664" lon="-77.633224">
        <ele>195.4</ele>
      </trkpt>
      <trkpt lat="39.117672" lon="-77.633202">
        <ele>195.5</ele>
      </trkpt>
      <trkpt lat="39.117683" lon="-77.633163">
        <ele>195.7</ele>
      </trkpt>
      <trkpt lat="39.117691" lon="-77.633118">
        <ele>195.9</ele>
      </trkpt>
      <trkpt lat="39.117661" lon="-77.63311">
        <ele>196.0</ele>
      </trkpt>
      <trkpt lat="39.117619" lon="-77.633101">
        <ele>196.2</ele>
      </trkpt>
      <trkpt lat="39.117561" lon="-77.633095">
        <ele>196.4</ele>
      </trkpt>
      <trkpt lat="39.1175" lon="-77.633087">
        <ele>196.7</ele>
      </trkpt>
      <trkpt lat="39.117432" lon="-77.63308">
        <ele>197.4</ele>
      </trkpt>
      <trkpt lat="39.117363" lon="-77.633056">
        <ele>198.1</ele>
      </trkpt>
      <trkpt lat="39.117302" lon="-77.633026">
        <ele>198.8</ele>
      </trkpt>
      <trkpt lat="39.117244" lon="-77.633003">
        <ele>199.4</ele>
      </trkpt>
      <trkpt lat="39.117176" lon="-77.632965">
        <ele>200.0</ele>
      </trkpt>
      <trkpt lat="39.1171" lon="-77.632927">
        <ele>200.6</ele>
      </trkpt>
      <trkpt lat="39.117023" lon="-77.632896">
        <ele>201.1</ele>
      </trkpt>
      <trkpt lat="39.11694" lon="-77.632874">
        <ele>201.5</ele>
      </trkpt>
      <trkpt lat="39.116848" lon="-77.632843">
        <ele>201.8</ele>
      </trkpt>
      <trkpt lat="39.116753" lon="-77.632797">
        <ele>201.9</ele>
      </trkpt>
      <trkpt lat="39.11665" lon="-77.632751">
        <ele>201.8</ele>
      </trkpt>
      <trkpt lat="39.116543" lon="-77.632706">
        <ele>201.8</ele>
      </trkpt>
      <trkpt lat="39.116432" lon="-77.63266">
        <ele>201.9</ele>
      </trkpt>
      <trkpt lat="39.116321" lon="-77.632606">
        <ele>202.3</ele>
      </trkpt>
      <trkpt lat="39.116214" lon="-77.632561">
        <ele>202.8</ele>
      </trkpt>
      <trkpt lat="39.116107" lon="-77.632507">
        <ele>203.3</ele>
      </trkpt>
      <trkpt lat="39.116001" lon="-77.632454">
        <ele>203.9</ele>
      </trkpt>
      <trkpt lat="39.115898" lon="-77.632401">
        <ele>204.8</ele>
      </trkpt>
      <trkpt lat="39.115791" lon="-77.632355">
        <ele>205.8</ele>
      </trkpt>
      <trkpt lat="39.115688" lon="-77.632317">
        <ele>206.6</ele>
      </trkpt>
      <trkpt lat="39.115582" lon="-77.632271">
        <ele>207.6</ele>
      </trkpt>
      <trkpt lat="39.115471" lon="-77.632225">
        <ele>208.6</ele>
      </trkpt>
      <trkpt lat="39.115364" lon="-77.632178">
        <ele>209.5</ele>
      </trkpt>
      <trkpt lat="39.11526" lon="-77.632133">
        <ele>210.6</ele>
      </trkpt>
      <trkpt lat="39.115162" lon="-77.632095">
        <ele>211.8</ele>
      </trkpt>
      <trkpt lat="39.115063" lon="-77.63205">
        <ele>213.0</ele>
      </trkpt>
      <trkpt lat="39.114971" lon="-77.632004">
        <ele>214.1</ele>
      </trkpt>
      <trkpt lat="39.114883" lon="-77.631966">
        <ele>215.1</ele>
      </trkpt>
      <trkpt lat="39.114799" lon="-77.631935">
        <ele>215.9</ele>
      </trkpt>
      <trkpt lat="39.114719" lon="-77.631897">
        <ele>216.7</ele>
      </trkpt>
      <trkpt lat="39.114638" lon="-77.631859">
        <ele>217.6</ele>
      </trkpt>
      <trkpt lat="39.114571" lon="-77.631828">
        <ele>218.2</ele>
      </trkpt>
      <trkpt lat="39.11451" lon="-77.631798">
        <ele>218.7</ele>
      </trkpt>
      <trkpt lat="39.114452" lon="-77.631752">
        <ele>219.2</ele>
      </trkpt>
      <trkpt lat="39.114403" lon="-77.631706">
        <ele>219.6</ele>
      </trkpt>
      <trkpt lat="39.114357" lon="-77.63166">
        <ele>219.9</ele>
      </trkpt>
      <trkpt lat="39.114311" lon="-77.631615">
        <ele>220.1</ele>
      </trkpt>
      <trkpt lat="39.114265" lon="-77.631569">
        <ele>220.4</ele>
      </trkpt>
      <trkpt lat="39.114216" lon="-77.631523">
        <ele>220.5</ele>
      </trkpt>
      <trkpt lat="39.114159" lon="-77.6315">
        <ele>220.6</ele>
      </trkpt>
      <trkpt lat="39.114094" lon="-77.631485">
        <ele>220.6</ele>
      </trkpt>
      <trkpt lat="39.114016" lon="-77.631477">
        <ele>220.5</ele>
      </trkpt>
      <trkpt lat="39.113937" lon="-77.631493">
        <ele>220.3</ele>
      </trkpt>
      <trkpt lat="39.113853" lon="-77.631523">
        <ele>220.2</ele>
      </trkpt>
      <trkpt lat="39.11377" lon="-77.631554">
        <ele>220.1</ele>
      </trkpt>
      <trkpt lat="39.113693" lon="-77.631592">
        <ele>220.1</ele>
      </trkpt>
      <trkpt lat="39.113617" lon="-77.631621">
        <ele>220.0</ele>
      </trkpt>
      <trkpt lat="39.113541" lon="-77.63166">
        <ele>220.0</ele>
      </trkpt>
      <trkpt lat="39.113464" lon="-77.631706">
        <ele>220.1</ele>
      </trkpt>
      <trkpt lat="39.113388" lon="-77.631752">
        <ele>220.2</ele>
      </trkpt>
      <trkpt lat="39.113304" lon="-77.63179">
        <ele>220.4</ele>
      </trkpt>
      <trkpt lat="39.113213" lon="-77.631836">
        <ele>220.9</ele>
      </trkpt>
      <trkpt lat="39.113124" lon="-77.631874">
        <ele>221.5</ele>
      </trkpt>
      <trkpt lat="39.113033" lon="-77.631912">
        <ele>222.0</ele>
      </trkpt>
      <trkpt lat="39.112941" lon="-77.631943">
        <ele>222.7</ele>
      </trkpt>
      <trkpt lat="39.112858" lon="-77.631981">
        <ele>223.5</ele>
      </trkpt>
      <trkpt lat="39.112778" lon="-77.632011">
        <ele>224.3</ele>
      </trkpt>
      <trkpt lat="39.11269" lon="-77.632034">
        <ele>225.1</ele>
      </trkpt>
      <trkpt lat="39.112602" lon="-77.63205">
        <ele>225.7</ele>
      </trkpt>
      <trkpt lat="39.112518" lon="-77.632057">
        <ele>226.2</ele>
      </trkpt>
      <trkpt lat="39.112438" lon="-77.632057">
        <ele>226.7</ele>
      </trkpt>
      <trkpt lat="39.112362" lon="-77.63205">
        <ele>227.1</ele>
      </trkpt>
      <trkpt lat="39.112286" lon="-77.632034">
        <ele>227.5</ele>
      </trkpt>
      <trkpt lat="39.112209" lon="-77.632019">
        <ele>227.8</ele>
      </trkpt>
      <trkpt lat="39.112137" lon="-77.632011">
        <ele>228.1</ele>
      </trkpt>
      <trkpt lat="39.112061" lon="-77.632004">
        <ele>228.7</ele>
      </trkpt>
      <trkpt lat="39.111984" lon="-77.631996">
        <ele>229.3</ele>
      </trkpt>
      <trkpt lat="39.111908" lon="-77.631989">
        <ele>229.8</ele>
      </trkpt>
      <trkpt lat="39.111835" lon="-77.631981">
        <ele>230.2</ele>
      </trkpt>
      <trkpt lat="39.111767" lon="-77.631973">
        <ele>230.5</ele>
      </trkpt>
      <trkpt lat="39.111702" lon="-77.631973">
        <ele>230.6</ele>
      </trkpt>
      <trkpt lat="39.111637" lon="-77.631966">
        <ele>230.7</ele>
      </trkpt>
      <trkpt lat="39.111572" lon="-77.631958">
        <ele>230.8</ele>
      </trkpt>
      <trkpt lat="39.111507" lon="-77.631958">
        <ele>230.8</ele>
      </trkpt>
      <trkpt lat="39.111446" lon="-77.63195">
        <ele>230.8</ele>
      </trkpt>
      <trkpt lat="39.111389" lon="-77.631943">
        <ele>230.8</ele>
      </trkpt>
      <trkpt lat="39.111336" lon="-77.631935">
        <ele>230.8</ele>
      </trkpt>
      <trkpt lat="39.111282" lon="-77.631927">
        <ele>230.7</ele>
      </trkpt>
      <trkpt lat="39.111229" lon="-77.631912">
        <ele>230.8</ele>
      </trkpt>
      <trkpt lat="39.111172" lon="-77.631905">
        <ele>230.7</ele>
      </trkpt>
      <trkpt lat="39.111115" lon="-77.631905">
        <ele>230.6</ele>
      </trkpt>
      <trkpt lat="39.111057" lon="-77.631905">
        <ele>230.6</ele>
      </trkpt>
      <trkpt lat="39.111" lon="-77.631897">
        <ele>230.6</ele>
      </trkpt>
      <trkpt lat="39.110943" lon="-77.631889">
        <ele>230.6</ele>
      </trkpt>
      <trkpt lat="39.110886" lon="-77.631882">
        <ele>230.6</ele>
      </trkpt>
      <trkpt lat="39.110828" lon="-77.631874">
        <ele>230.6</ele>
      </trkpt>
      <trkpt lat="39.110779" lon="-77.631874">
        <ele>230.6</ele>
      </trkpt>
      <trkpt lat="39.110729" lon="-77.631866">
        <ele>230.6</ele>
      </trkpt>
      <trkpt lat="39.11068" lon="-77.631859">
        <ele>230.7</ele>
      </trkpt>
      <trkpt lat="39.110622" lon="-77.631859">
        <ele>230.7</ele>
      </trkpt>
      <trkpt lat="39.110573" lon="-77.631859">
        <ele>230.6</ele>
      </trkpt>
      <trkpt lat="39.110518" lon="-77.631851">
        <ele>230.7</ele>
      </trkpt>
      <trkpt lat="39.11047" lon="-77.631836">
        <ele>230.7</ele>
      </trkpt>
      <trkpt lat="39.110424" lon="-77.631828">
        <ele>230.7</ele>
      </trkpt>
      <trkpt lat="39.110378" lon="-77.631828">
        <ele>230.6</ele>
      </trkpt>
      <trkpt lat="39.110329" lon="-77.631828">
        <ele>230.5</ele>
      </trkpt>
      <trkpt lat="39.110283" lon="-77.631828">
        <ele>230.4</ele>
      </trkpt>
      <trkpt lat="39.110237" lon="-77.631828">
        <ele>230.2</ele>
      </trkpt>
      <trkpt lat="39.110188" lon="-77.631821">
        <ele>230.1</ele>
      </trkpt>
      <trkpt lat="39.110134" lon="-77.631821">
        <ele>229.9</ele>
      </trkpt>
      <trkpt lat="39.110076" lon="-77.631805">
        <ele>229.8</ele>
      </trkpt>
      <trkpt lat="39.11002" lon="-77.63179">
        <ele>229.5</ele>
      </trkpt>
      <trkpt lat="39.109969" lon="-77.63176">
        <ele>229.2</ele>
      </trkpt>
      <trkpt lat="39.109924" lon="-77.631714">
        <ele>228.9</ele>
      </trkpt>
      <trkpt lat="39.109901" lon="-77.631645">
        <ele>229.0</ele>
      </trkpt>
      <trkpt lat="39.109898" lon="-77.631569">
        <ele>229.7</ele>
      </trkpt>
      <trkpt lat="39.109921" lon="-77.631485">
        <ele>230.7</ele>
      </trkpt>
      <trkpt lat="39.109955" lon="-77.631409">
        <ele>231.5</ele>
      </trkpt>
      <trkpt lat="39.109997" lon="-77.631332">
        <ele>232.2</ele>
      </trkpt>
      <trkpt lat="39.110043" lon="-77.631255">
        <ele>232.9</ele>
      </trkpt>
      <trkpt lat="39.110092" lon="-77.63118">
        <ele>233.4</ele>
      </trkpt>
      <trkpt lat="39.110142" lon="-77.631096">
        <ele>234.0</ele>
      </trkpt>
      <trkpt lat="39.110191" lon="-77.63102">
        <ele>234.7</ele>
      </trkpt>
      <trkpt lat="39.110233" lon="-77.630951">
        <ele>235.6</ele>
      </trkpt>
      <trkpt lat="39.110275" lon="-77.630882">
        <ele>236.3</ele>
      </trkpt>
      <trkpt lat="39.110317" lon="-77.630821">
        <ele>236.9</ele>
      </trkpt>
      <trkpt lat="39.110352" lon="-77.63076">
        <ele>237.4</ele>
      </trkpt>
      <trkpt lat="39.110382" lon="-77.630699">
        <ele>237.8</ele>
      </trkpt>
      <trkpt lat="39.110413" lon="-77.630646">
        <ele>238.2</ele>
      </trkpt>
      <trkpt lat="39.1105" lon="-77.630424">
        <ele>239.2</ele>
      </trkpt>
      <trkpt lat="39.110512" lon="-77.630402">
        <ele>239.3</ele>
      </trkpt>
      <trkpt lat="39.110531" lon="-77.630363">
        <ele>239.4</ele>
      </trkpt>
      <trkpt lat="39.11055" lon="-77.630318">
        <ele>239.6</ele>
      </trkpt>
      <trkpt lat="39.110569" lon="-77.630264">
        <ele>239.7</ele>
      </trkpt>
      <trkpt lat="39.110591" lon="-77.630211">
        <ele>240.0</ele>
      </trkpt>
      <trkpt lat="39.110611" lon="-77.63015">
        <ele>240.2</ele>
      </trkpt>
      <trkpt lat="39.11063" lon="-77.630096">
        <ele>240.5</ele>
      </trkpt>
      <trkpt lat="39.110649" lon="-77.630043">
        <ele>240.8</ele>
      </trkpt>
      <trkpt lat="39.110667" lon="-77.629997">
        <ele>241.1</ele>
      </trkpt>
      <trkpt lat="39.110683" lon="-77.629944">
        <ele>241.2</ele>
      </trkpt>
      <trkpt lat="39.110698" lon="-77.629898">
        <ele>241.4</ele>
      </trkpt>
      <trkpt lat="39.110714" lon="-77.629859">
        <ele>241.5</ele>
      </trkpt>
      <trkpt lat="39.110729" lon="-77.629822">
        <ele>241.6</ele>
      </trkpt>
      <trkpt lat="39.110743" lon="-77.629776">
        <ele>241.7</ele>
      </trkpt>
      <trkpt lat="39.110756" lon="-77.629738">
        <ele>241.8</ele>
      </trkpt>
      <trkpt lat="39.110767" lon="-77.629707">
        <ele>241.8</ele>
      </trkpt>
      <trkpt lat="39.110771" lon="-77.629669">
        <ele>241.8</ele>
      </trkpt>
      <trkpt lat="39.110779" lon="-77.629623">
        <ele>241.9</ele>
      </trkpt>
      <trkpt lat="39.11079" lon="-77.629585">
        <ele>241.9</ele>
      </trkpt>
      <trkpt lat="39.110802" lon="-77.629539">
        <ele>242.0</ele>
      </trkpt>
      <trkpt lat="39.110813" lon="-77.629501">
        <ele>242.0</ele>
      </trkpt>
      <trkpt lat="39.110825" lon="-77.629456">
        <ele>242.1</ele>
      </trkpt>
      <trkpt lat="39.110832" lon="-77.629409">
        <ele>242.1</ele>
      </trkpt>
      <trkpt lat="39.110844" lon="-77.629364">
        <ele>242.1</ele>
      </trkpt>
      <trkpt lat="39.11085" lon="-77.629318">
        <ele>242.1</ele>
      </trkpt>
      <trkpt lat="39.110863" lon="-77.629265">
        <ele>242.0</ele>
      </trkpt>
      <trkpt lat="39.11087" lon="-77.629227">
        <ele>242.0</ele>
      </trkpt>
      <trkpt lat="39.110878" lon="-77.629181">
        <ele>241.9</ele>
      </trkpt>
      <trkpt lat="39.110881" lon="-77.629135">
        <ele>241.8</ele>
      </trkpt>
      <trkpt lat="39.110881" lon="-77.629088">
        <ele>241.6</ele>
      </trkpt>
      <trkpt lat="39.110889" lon="-77.629043">
        <ele>241.3</ele>
      </trkpt>
      <trkpt lat="39.110897" lon="-77.628998">
        <ele>241.0</ele>
      </trkpt>
      <trkpt lat="39.110901" lon="-77.628952">
        <ele>240.7</ele>
      </trkpt>
      <trkpt lat="39.110905" lon="-77.628906">
        <ele>240.3</ele>
      </trkpt>
      <trkpt lat="39.110909" lon="-77.628853">
        <ele>239.9</ele>
      </trkpt>
      <trkpt lat="39.110909" lon="-77.628807">
        <ele>239.4</ele>
      </trkpt>
      <trkpt lat="39.110916" lon="-77.628761">
        <ele>239.1</ele>
      </trkpt>
      <trkpt lat="39.11092" lon="-77.628708">
        <ele>238.7</ele>
      </trkpt>
      <trkpt lat="39.110924" lon="-77.628654">
        <ele>238.2</ele>
      </trkpt>
      <trkpt lat="39.110924" lon="-77.628609">
        <ele>237.9</ele>
      </trkpt>
      <trkpt lat="39.110928" lon="-77.628555">
        <ele>237.4</ele>
      </trkpt>
      <trkpt lat="39.110931" lon="-77.62851">
        <ele>237.1</ele>
      </trkpt>
      <trkpt lat="39.110931" lon="-77.628463">
        <ele>236.7</ele>
      </trkpt>
      <trkpt lat="39.110928" lon="-77.628418">
        <ele>236.4</ele>
      </trkpt>
      <trkpt lat="39.110928" lon="-77.628372">
        <ele>236.0</ele>
      </trkpt>
      <trkpt lat="39.110931" lon="-77.628326">
        <ele>235.6</ele>
      </trkpt>
      <trkpt lat="39.110935" lon="-77.628272">
        <ele>235.3</ele>
      </trkpt>
      <trkpt lat="39.110939" lon="-77.62822">
        <ele>234.9</ele>
      </trkpt>
      <trkpt lat="39.110943" lon="-77.628174">
        <ele>234.5</ele>
      </trkpt>
      <trkpt lat="39.110943" lon="-77.62812">
        <ele>234.2</ele>
      </trkpt>
      <trkpt lat="39.110943" lon="-77.628067">
        <ele>233.8</ele>
      </trkpt>
      <trkpt lat="39.110939" lon="-77.628006">
        <ele>233.5</ele>
      </trkpt>
      <trkpt lat="39.110943" lon="-77.627945">
        <ele>233.1</ele>
      </trkpt>
      <trkpt lat="39.110943" lon="-77.627884">
        <ele>232.9</ele>
      </trkpt>
      <trkpt lat="39.110943" lon="-77.627815">
        <ele>232.7</ele>
      </trkpt>
      <trkpt lat="39.11095" lon="-77.627747">
        <ele>232.5</ele>
      </trkpt>
      <trkpt lat="39.110957" lon="-77.627686">
        <ele>232.3</ele>
      </trkpt>
      <trkpt lat="39.110966" lon="-77.627617">
        <ele>232.2</ele>
      </trkpt>
      <trkpt lat="39.11097" lon="-77.627556">
        <ele>232.1</ele>
      </trkpt>
      <trkpt lat="39.110977" lon="-77.627487">
        <ele>232.0</ele>
      </trkpt>
      <trkpt lat="39.110981" lon="-77.627426">
        <ele>231.8</ele>
      </trkpt>
      <trkpt lat="39.110988" lon="-77.627365">
        <ele>231.5</ele>
      </trkpt>
      <trkpt lat="39.110992" lon="-77.627304">
        <ele>231.2</ele>
      </trkpt>
      <trkpt lat="39.111004" lon="-77.627243">
        <ele>230.7</ele>
      </trkpt>
      <trkpt lat="39.111015" lon="-77.627182">
        <ele>230.3</ele>
      </trkpt>
      <trkpt lat="39.11103" lon="-77.627121">
        <ele>229.8</ele>
      </trkpt>
      <trkpt lat="39.111046" lon="-77.627068">
        <ele>229.6</ele>
      </trkpt>
      <trkpt lat="39.111065" lon="-77.627007">
        <ele>229.4</ele>
      </trkpt>
      <trkpt lat="39.11108" lon="-77.626945">
        <ele>229.3</ele>
      </trkpt>
      <trkpt lat="39.111103" lon="-77.626876">
        <ele>229.1</ele>
      </trkpt>
      <trkpt lat="39.111122" lon="-77.626823">
        <ele>229.0</ele>
      </trkpt>
      <trkpt lat="39.111141" lon="-77.626778">
        <ele>228.8</ele>
      </trkpt>
      <trkpt lat="39.111164" lon="-77.626724">
        <ele>228.6</ele>
      </trkpt>
      <trkpt lat="39.111187" lon="-77.626678">
        <ele>228.4</ele>
      </trkpt>
      <trkpt lat="39.11121" lon="-77.626625">
        <ele>228.1</ele>
      </trkpt>
      <trkpt lat="39.111237" lon="-77.626572">
        <ele>227.7</ele>
      </trkpt>
      <trkpt lat="39.111258" lon="-77.626526">
        <ele>227.5</ele>
      </trkpt>
      <trkpt lat="39.111289" lon="-77.626472">
        <ele>227.2</ele>
      </trkpt>
      <trkpt lat="39.111317" lon="-77.626419">
        <ele>226.9</ele>
      </trkpt>
      <trkpt lat="39.111347" lon="-77.626366">
        <ele>226.6</ele>
      </trkpt>
      <trkpt lat="39.111374" lon="-77.62632">
        <ele>226.4</ele>
      </trkpt>
      <trkpt lat="39.111404" lon="-77.626259">
        <ele>226.2</ele>
      </trkpt>
      <trkpt lat="39.111435" lon="-77.626213">
        <ele>225.9</ele>
      </trkpt>
      <trkpt lat="39.111462" lon="-77.62616">
        <ele>225.7</ele>
      </trkpt>
      <trkpt lat="39.111488" lon="-77.626105">
        <ele>225.4</ele>
      </trkpt>
      <trkpt lat="39.111515" lon="-77.626045">
        <ele>224.9</ele>
      </trkpt>
      <trkpt lat="39.111538" lon="-77.625998">
        <ele>224.5</ele>
      </trkpt>
      <trkpt lat="39.111568" lon="-77.625938">
        <ele>224.1</ele>
      </trkpt>
      <trkpt lat="39.111591" lon="-77.625877">
        <ele>223.6</ele>
      </trkpt>
      <trkpt lat="39.111614" lon="-77.625816">
        <ele>223.2</ele>
      </trkpt>
      <trkpt lat="39.111645" lon="-77.625755">
        <ele>222.8</ele>
      </trkpt>
      <trkpt lat="39.111675" lon="-77.625687">
        <ele>222.4</ele>
      </trkpt>
      <trkpt lat="39.111706" lon="-77.625626">
        <ele>221.9</ele>
      </trkpt>
      <trkpt lat="39.11174" lon="-77.625549">
        <ele>221.2</ele>
      </trkpt>
      <trkpt lat="39.111771" lon="-77.625473">
        <ele>220.5</ele>
      </trkpt>
      <trkpt lat="39.111794" lon="-77.625397">
        <ele>220.0</ele>
      </trkpt>
      <trkpt lat="39.111824" lon="-77.625313">
        <ele>219.4</ele>
      </trkpt>
      <trkpt lat="39.111851" lon="-77.625229">
        <ele>218.6</ele>
      </trkpt>
      <trkpt lat="39.111874" lon="-77.625137">
        <ele>217.9</ele>
      </trkpt>
      <trkpt lat="39.111893" lon="-77.625061">
        <ele>217.3</ele>
      </trkpt>
      <trkpt lat="39.111911" lon="-77.624977">
        <ele>216.7</ele>
      </trkpt>
      <trkpt lat="39.111927" lon="-77.624886">
        <ele>216.2</ele>
      </trkpt>
      <trkpt lat="39.111942" lon="-77.624802">
        <ele>215.9</ele>
      </trkpt>
      <trkpt lat="39.111958" lon="-77.624709">
        <ele>215.6</ele>
      </trkpt>
      <trkpt lat="39.111973" lon="-77.624619">
        <ele>215.4</ele>
      </trkpt>
      <trkpt lat="39.111984" lon="-77.624535">
        <ele>215.3</ele>
      </trkpt>
      <trkpt lat="39.112" lon="-77.624435">
        <ele>215.2</ele>
      </trkpt>
      <trkpt lat="39.112015" lon="-77.624343">
        <ele>215.1</ele>
      </trkpt>
      <trkpt lat="39.11203" lon="-77.624245">
        <ele>214.8</ele>
      </trkpt>
      <trkpt lat="39.112045" lon="-77.624146">
        <ele>214.6</ele>
      </trkpt>
      <trkpt lat="39.112061" lon="-77.624039">
        <ele>214.4</ele>
      </trkpt>
      <trkpt lat="39.11208" lon="-77.623932">
        <ele>214.3</ele>
      </trkpt>
      <trkpt lat="39.112103" lon="-77.623817">
        <ele>214.2</ele>
      </trkpt>
      <trkpt lat="39.112125" lon="-77.623703">
        <ele>214.2</ele>
      </trkpt>
      <trkpt lat="39.112152" lon="-77.623596">
        <ele>214.1</ele>
      </trkpt>
      <trkpt lat="39.112183" lon="-77.623482">
        <ele>214.1</ele>
      </trkpt>
      <trkpt lat="39.112221" lon="-77.623367">
        <ele>214.2</ele>
      </trkpt>
      <trkpt lat="39.112259" lon="-77.623253">
        <ele>214.2</ele>
      </trkpt>
      <trkpt lat="39.112297" lon="-77.623146">
        <ele>214.3</ele>
      </trkpt>
      <trkpt lat="39.112339" lon="-77.623039">
        <ele>214.5</ele>
      </trkpt>
      <trkpt lat="39.112377" lon="-77.62294">
        <ele>214.7</ele>
      </trkpt>
      <trkpt lat="39.112419" lon="-77.62284">
        <ele>214.9</ele>
      </trkpt>
      <trkpt lat="39.112461" lon="-77.622742">
        <ele>215.1</ele>
      </trkpt>
      <trkpt lat="39.112502" lon="-77.622658">
        <ele>215.4</ele>
      </trkpt>
      <trkpt lat="39.112545" lon="-77.622574">
        <ele>215.8</ele>
      </trkpt>
      <trkpt lat="39.112578" lon="-77.62249">
        <ele>216.2</ele>
      </trkpt>
      <trkpt lat="39.112617" lon="-77.622414">
        <ele>216.6</ele>
      </trkpt>
      <trkpt lat="39.112656" lon="-77.62233">
        <ele>216.9</ele>
      </trkpt>
      <trkpt lat="39.112685" lon="-77.622261">
        <ele>217.0</ele>
      </trkpt>
      <trkpt lat="39.11272" lon="-77.622192">
        <ele>217.1</ele>
      </trkpt>
      <trkpt lat="39.112751" lon="-77.622124">
        <ele>217.2</ele>
      </trkpt>
      <trkpt lat="39.112778" lon="-77.622055">
        <ele>217.2</ele>
      </trkpt>
      <trkpt lat="39.112808" lon="-77.621979">
        <ele>217.3</ele>
      </trkpt>
      <trkpt lat="39.112834" lon="-77.621917">
        <ele>217.4</ele>
      </trkpt>
      <trkpt lat="39.112865" lon="-77.621857">
        <ele>217.5</ele>
      </trkpt>
      <trkpt lat="39.1129" lon="-77.621796">
        <ele>217.4</ele>
      </trkpt>
      <trkpt lat="39.11293" lon="-77.621735">
        <ele>217.4</ele>
      </trkpt>
      <trkpt lat="39.112961" lon="-77.621666">
        <ele>217.3</ele>
      </trkpt>
      <trkpt lat="39.112988" lon="-77.621605">
        <ele>217.2</ele>
      </trkpt>
      <trkpt lat="39.113017" lon="-77.621544">
        <ele>217.1</ele>
      </trkpt>
      <trkpt lat="39.113045" lon="-77.621483">
        <ele>217.0</ele>
      </trkpt>
      <trkpt lat="39.113071" lon="-77.621422">
        <ele>216.8</ele>
      </trkpt>
      <trkpt lat="39.113102" lon="-77.62136">
        <ele>216.6</ele>
      </trkpt>
      <trkpt lat="39.113136" lon="-77.621307">
        <ele>216.3</ele>
      </trkpt>
      <trkpt lat="39.113171" lon="-77.621246">
        <ele>216.1</ele>
      </trkpt>
      <trkpt lat="39.113209" lon="-77.621185">
        <ele>215.8</ele>
      </trkpt>
      <trkpt lat="39.113243" lon="-77.621124">
        <ele>215.7</ele>
      </trkpt>
      <trkpt lat="39.113285" lon="-77.621063">
        <ele>215.4</ele>
      </trkpt>
      <trkpt lat="39.113327" lon="-77.621002">
        <ele>215.1</ele>
      </trkpt>
      <trkpt lat="39.113369" lon="-77.620941">
        <ele>214.9</ele>
      </trkpt>
      <trkpt lat="39.113411" lon="-77.62088">
        <ele>214.7</ele>
      </trkpt>
      <trkpt lat="39.113453" lon="-77.620811">
        <ele>214.6</ele>
      </trkpt>
      <trkpt lat="39.113499" lon="-77.620735">
        <ele>214.6</ele>
      </trkpt>
      <trkpt lat="39.113541" lon="-77.620667">
        <ele>214.6</ele>
      </trkpt>
      <trkpt lat="39.113586" lon="-77.62059">
        <ele>214.6</ele>
      </trkpt>
      <trkpt lat="39.113632" lon="-77.620521">
        <ele>214.5</ele>
      </trkpt>
      <trkpt lat="39.113674" lon="-77.620461">
        <ele>214.5</ele>
      </trkpt>
      <trkpt lat="39.11372" lon="-77.620392">
        <ele>214.5</ele>
      </trkpt>
      <trkpt lat="39.113762" lon="-77.62033">
        <ele>214.5</ele>
      </trkpt>
      <trkpt lat="39.113804" lon="-77.620262">
        <ele>214.4</ele>
      </trkpt>
      <trkpt lat="39.113842" lon="-77.620201">
        <ele>214.4</ele>
      </trkpt>
      <trkpt lat="39.11388" lon="-77.620132">
        <ele>214.4</ele>
      </trkpt>
      <trkpt lat="39.113918" lon="-77.620079">
        <ele>214.4</ele>
      </trkpt>
      <trkpt lat="39.113956" lon="-77.620026">
        <ele>214.2</ele>
      </trkpt>
      <trkpt lat="39.113995" lon="-77.619972">
        <ele>214.1</ele>
      </trkpt>
      <trkpt lat="39.114033" lon="-77.619919">
        <ele>214.0</ele>
      </trkpt>
      <trkpt lat="39.114071" lon="-77.619865">
        <ele>213.9</ele>
      </trkpt>
      <trkpt lat="39.114109" lon="-77.619812">
        <ele>213.7</ele>
      </trkpt>
      <trkpt lat="39.114147" lon="-77.619759">
        <ele>213.5</ele>
      </trkpt>
      <trkpt lat="39.114185" lon="-77.619705">
        <ele>213.3</ele>
      </trkpt>
      <trkpt lat="39.114223" lon="-77.619659">
        <ele>213.0</ele>
      </trkpt>
      <trkpt lat="39.114258" lon="-77.619614">
        <ele>212.7</ele>
      </trkpt>
      <trkpt lat="39.114292" lon="-77.619568">
        <ele>212.4</ele>
      </trkpt>
      <trkpt lat="39.114319" lon="-77.619522">
        <ele>212.2</ele>
      </trkpt>
      <trkpt lat="39.114349" lon="-77.619484">
        <ele>212.0</ele>
      </trkpt>
      <trkpt lat="39.11438" lon="-77.619446">
        <ele>211.9</ele>
      </trkpt>
      <trkpt lat="39.114407" lon="-77.6194">
        <ele>211.7</ele>
      </trkpt>
      <trkpt lat="39.114437" lon="-77.619354">
        <ele>211.5</ele>
      </trkpt>
      <trkpt lat="39.114468" lon="-77.619308">
        <ele>211.4</ele>
      </trkpt>
      <trkpt lat="39.114498" lon="-77.619263">
        <ele>211.2</ele>
      </trkpt>
      <trkpt lat="39.114529" lon="-77.619217">
        <ele>211.1</ele>
      </trkpt>
      <trkpt lat="39.114559" lon="-77.619171">
        <ele>210.9</ele>
      </trkpt>
      <trkpt lat="39.11459" lon="-77.619125">
        <ele>210.7</ele>
      </trkpt>
      <trkpt lat="39.114616" lon="-77.61908">
        <ele>210.5</ele>
      </trkpt>
      <trkpt lat="39.114647" lon="-77.619034">
        <ele>210.3</ele>
      </trkpt>
      <trkpt lat="39.114677" lon="-77.618979">
        <ele>209.9</ele>
      </trkpt>
      <trkpt lat="39.114704" lon="-77.618927">
        <ele>209.5</ele>
      </trkpt>
      <trkpt lat="39.114727" lon="-77.618881">
        <ele>209.2</ele>
      </trkpt>
      <trkpt lat="39.114754" lon="-77.618835">
        <ele>208.9</ele>
      </trkpt>
      <trkpt lat="39.114776" lon="-77.618782">
        <ele>208.4</ele>
      </trkpt>
      <trkpt lat="39.114799" lon="-77.618736">
        <ele>208.1</ele>
      </trkpt>
      <trkpt lat="39.114821" lon="-77.61869">
        <ele>207.7</ele>
      </trkpt>
      <trkpt lat="39.114841" lon="-77.618645">
        <ele>207.3</ele>
      </trkpt>
      <trkpt lat="39.114861" lon="-77.618599">
        <ele>206.9</ele>
      </trkpt>
      <trkpt lat="39.11488" lon="-77.618553">
        <ele>206.6</ele>
      </trkpt>
      <trkpt lat="39.114899" lon="-77.618506">
        <ele>206.3</ele>
      </trkpt>
      <trkpt lat="39.114918" lon="-77.618461">
        <ele>206.0</ele>
      </trkpt>
      <trkpt lat="39.114933" lon="-77.618416">
        <ele>205.8</ele>
      </trkpt>
      <trkpt lat="39.114952" lon="-77.61837">
        <ele>205.5</ele>
      </trkpt>
      <trkpt lat="39.114971" lon="-77.618324">
        <ele>205.3</ele>
      </trkpt>
      <trkpt lat="39.11499" lon="-77.618279">
        <ele>205.0</ele>
      </trkpt>
      <trkpt lat="39.115004" lon="-77.61824">
        <ele>204.7</ele>
      </trkpt>
      <trkpt lat="39.115021" lon="-77.618195">
        <ele>204.4</ele>
      </trkpt>
      <trkpt lat="39.115032" lon="-77.618156">
        <ele>204.1</ele>
      </trkpt>
      <trkpt lat="39.11504" lon="-77.618111">
        <ele>203.7</ele>
      </trkpt>
      <trkpt lat="39.115044" lon="-77.618073">
        <ele>203.3</ele>
      </trkpt>
      <trkpt lat="39.115046" lon="-77.618027">
        <ele>202.7</ele>
      </trkpt>
      <trkpt lat="39.115055" lon="-77.617989">
        <ele>202.3</ele>
      </trkpt>
      <trkpt lat="39.115063" lon="-77.617949">
        <ele>201.8</ele>
      </trkpt>
      <trkpt lat="39.11507" lon="-77.617904">
        <ele>201.2</ele>
      </trkpt>
      <trkpt lat="39.115077" lon="-77.617859">
        <ele>200.7</ele>
      </trkpt>
      <trkpt lat="39.115077" lon="-77.617813">
        <ele>200.3</ele>
      </trkpt>
      <trkpt lat="39.115077" lon="-77.617767">
        <ele>200.0</ele>
      </trkpt>
      <trkpt lat="39.115074" lon="-77.617722">
        <ele>199.6</ele>
      </trkpt>
      <trkpt lat="39.11507" lon="-77.617668">
        <ele>199.3</ele>
      </trkpt>
      <trkpt lat="39.115067" lon="-77.617607">
        <ele>198.9</ele>
      </trkpt>
      <trkpt lat="39.115059" lon="-77.617554">
        <ele>198.6</ele>
      </trkpt>
      <trkpt lat="39.115051" lon="-77.617493">
        <ele>198.3</ele>
      </trkpt>
      <trkpt lat="39.115044" lon="-77.617439">
        <ele>198.0</ele>
      </trkpt>
      <trkpt lat="39.115036" lon="-77.617371">
        <ele>197.6</ele>
      </trkpt>
      <trkpt lat="39.115032" lon="-77.61731">
        <ele>197.1</ele>
      </trkpt>
      <trkpt lat="39.115021" lon="-77.617241">
        <ele>196.7</ele>
      </trkpt>
      <trkpt lat="39.115009" lon="-77.617172">
        <ele>196.4</ele>
      </trkpt>
      <trkpt lat="39.114998" lon="-77.617104">
        <ele>196.2</ele>
      </trkpt>
      <trkpt lat="39.114986" lon="-77.617035">
        <ele>196.0</ele>
      </trkpt>
      <trkpt lat="39.114975" lon="-77.616959">
        <ele>195.9</ele>
      </trkpt>
      <trkpt lat="39.114967" lon="-77.616882">
        <ele>195.8</ele>
      </trkpt>
      <trkpt lat="39.114956" lon="-77.616814">
        <ele>195.7</ele>
      </trkpt>
      <trkpt lat="39.114944" lon="-77.616737">
        <ele>195.6</ele>
      </trkpt>
      <trkpt lat="39.114941" lon="-77.61666">
        <ele>195.6</ele>
      </trkpt>
      <trkpt lat="39.114933" lon="-77.616585">
        <ele>195.5</ele>
      </trkpt>
      <trkpt lat="39.114925" lon="-77.616516">
        <ele>195.5</ele>
      </trkpt>
      <trkpt lat="39.114914" lon="-77.61644">
        <ele>195.5</ele>
      </trkpt>
      <trkpt lat="39.114902" lon="-77.616371">
        <ele>195.6</ele>
      </trkpt>
      <trkpt lat="39.114891" lon="-77.616302">
        <ele>195.5</ele>
      </trkpt>
      <trkpt lat="39.11488" lon="-77.616226">
        <ele>195.5</ele>
      </trkpt>
      <trkpt lat="39.114868" lon="-77.61615">
        <ele>195.4</ele>
      </trkpt>
      <trkpt lat="39.114861" lon="-77.616089">
        <ele>195.4</ele>
      </trkpt>
      <trkpt lat="39.114849" lon="-77.61602">
        <ele>195.4</ele>
      </trkpt>
      <trkpt lat="39.114838" lon="-77.615944">
        <ele>195.4</ele>
      </trkpt>
      <trkpt lat="39.114826" lon="-77.615875">
        <ele>195.4</ele>
      </trkpt>
      <trkpt lat="39.114819" lon="-77.615814">
        <ele>195.4</ele>
      </trkpt>
      <trkpt lat="39.114811" lon="-77.615746">
        <ele>195.4</ele>
      </trkpt>
      <trkpt lat="39.114799" lon="-77.615677">
        <ele>195.4</ele>
      </trkpt>
      <trkpt lat="39.114792" lon="-77.615616">
        <ele>195.2</ele>
      </trkpt>
      <trkpt lat="39.114784" lon="-77.615555">
        <ele>195.0</ele>
      </trkpt>
      <trkpt lat="39.114773" lon="-77.615486">
        <ele>194.7</ele>
      </trkpt>
      <trkpt lat="39.114761" lon="-77.615425">
        <ele>194.4</ele>
      </trkpt>
      <trkpt lat="39.114754" lon="-77.615371">
        <ele>194.3</ele>
      </trkpt>
      <trkpt lat="39.114742" lon="-77.615318">
        <ele>193.9</ele>
      </trkpt>
      <trkpt lat="39.114738" lon="-77.615257">
        <ele>193.4</ele>
      </trkpt>
      <trkpt lat="39.114731" lon="-77.615196">
        <ele>192.6</ele>
      </trkpt>
      <trkpt lat="39.114723" lon="-77.615143">
        <ele>192.0</ele>
      </trkpt>
      <trkpt lat="39.114719" lon="-77.615097">
        <ele>191.5</ele>
      </trkpt>
      <trkpt lat="39.114712" lon="-77.615044">
        <ele>191.3</ele>
      </trkpt>
      <trkpt lat="39.114704" lon="-77.614998">
        <ele>191.1</ele>
      </trkpt>
      <trkpt lat="39.1147" lon="-77.614944">
        <ele>190.7</ele>
      </trkpt>
      <trkpt lat="39.114693" lon="-77.614891">
        <ele>190.1</ele>
      </trkpt>
      <trkpt lat="39.114681" lon="-77.614845">
        <ele>189.5</ele>
      </trkpt>
      <trkpt lat="39.114677" lon="-77.614799">
        <ele>189.0</ele>
      </trkpt>
      <trkpt lat="39.114674" lon="-77.614754">
        <ele>188.6</ele>
      </trkpt>
      <trkpt lat="39.114662" lon="-77.6147">
        <ele>188.2</ele>
      </trkpt>
      <trkpt lat="39.114655" lon="-77.614655">
        <ele>188.0</ele>
      </trkpt>
      <trkpt lat="39.114651" lon="-77.614609">
        <ele>187.8</ele>
      </trkpt>
      <trkpt lat="39.114647" lon="-77.614555">
        <ele>187.5</ele>
      </trkpt>
      <trkpt lat="39.114643" lon="-77.614502">
        <ele>187.2</ele>
      </trkpt>
      <trkpt lat="39.114635" lon="-77.614456">
        <ele>186.9</ele>
      </trkpt>
      <trkpt lat="39.114628" lon="-77.614403">
        <ele>186.6</ele>
      </trkpt>
      <trkpt lat="39.114624" lon="-77.614349">
        <ele>186.4</ele>
      </trkpt>
      <trkpt lat="39.114616" lon="-77.614296">
        <ele>186.2</ele>
      </trkpt>
      <trkpt lat="39.114605" lon="-77.614234">
        <ele>185.9</ele>
      </trkpt>
      <trkpt lat="39.114593" lon="-77.614174">
        <ele>185.6</ele>
      </trkpt>
      <trkpt lat="39.114586" lon="-77.614113">
        <ele>185.4</ele>
      </trkpt>
      <trkpt lat="39.114578" lon="-77.614052">
        <ele>185.2</ele>
      </trkpt>
      <trkpt lat="39.114571" lon="-77.613991">
        <ele>184.8</ele>
      </trkpt>
      <trkpt lat="39.114562" lon="-77.61393">
        <ele>184.4</ele>
      </trkpt>
      <trkpt lat="39.114555" lon="-77.613868">
        <ele>184.1</ele>
      </trkpt>
      <trkpt lat="39.114548" lon="-77.6138">
        <ele>183.8</ele>
      </trkpt>
      <trkpt lat="39.11454" lon="-77.613739">
        <ele>183.8</ele>
      </trkpt>
      <trkpt lat="39.11454" lon="-77.613677">
        <ele>183.6</ele>
      </trkpt>
      <trkpt lat="39.11454" lon="-77.613617">
        <ele>183.5</ele>
      </trkpt>
      <trkpt lat="39.11454" lon="-77.613556">
        <ele>183.3</ele>
      </trkpt>
      <trkpt lat="39.11454" lon="-77.613503">
        <ele>183.2</ele>
      </trkpt>
      <trkpt lat="39.11454" lon="-77.613441">
        <ele>183.0</ele>
      </trkpt>
      <trkpt lat="39.114536" lon="-77.613373">
        <ele>182.8</ele>
      </trkpt>
      <trkpt lat="39.114536" lon="-77.613311">
        <ele>182.6</ele>
      </trkpt>
      <trkpt lat="39.114536" lon="-77.613258">
        <ele>182.5</ele>
      </trkpt>
      <trkpt lat="39.11454" lon="-77.613197">
        <ele>182.3</ele>
      </trkpt>
      <trkpt lat="39.11454" lon="-77.613144">
        <ele>182.3</ele>
      </trkpt>
      <trkpt lat="39.114548" lon="-77.613083">
        <ele>182.2</ele>
      </trkpt>
      <trkpt lat="39.114552" lon="-77.613029">
        <ele>182.0</ele>
      </trkpt>
      <trkpt lat="39.114559" lon="-77.612968">
        <ele>181.8</ele>
      </trkpt>
      <trkpt lat="39.114571" lon="-77.612915">
        <ele>181.3</ele>
      </trkpt>
      <trkpt lat="39.114578" lon="-77.612862">
        <ele>180.8</ele>
      </trkpt>
      <trkpt lat="39.11459" lon="-77.612808">
        <ele>180.4</ele>
      </trkpt>
      <trkpt lat="39.114601" lon="-77.612755">
        <ele>179.9</ele>
      </trkpt>
      <trkpt lat="39.114613" lon="-77.612701">
        <ele>179.5</ele>
      </trkpt>
      <trkpt lat="39.11462" lon="-77.61264">
        <ele>179.0</ele>
      </trkpt>
      <trkpt lat="39.114635" lon="-77.612587">
        <ele>178.5</ele>
      </trkpt>
      <trkpt lat="39.114651" lon="-77.612534">
        <ele>178.0</ele>
      </trkpt>
      <trkpt lat="39.114666" lon="-77.61248">
        <ele>177.5</ele>
      </trkpt>
      <trkpt lat="39.114681" lon="-77.612419">
        <ele>177.0</ele>
      </trkpt>
      <trkpt lat="39.1147" lon="-77.612358">
        <ele>176.5</ele>
      </trkpt>
      <trkpt lat="39.114719" lon="-77.612305">
        <ele>176.1</ele>
      </trkpt>
      <trkpt lat="39.114738" lon="-77.612244">
        <ele>175.6</ele>
      </trkpt>
      <trkpt lat="39.114754" lon="-77.61219">
        <ele>175.2</ele>
      </trkpt>
      <trkpt lat="39.114769" lon="-77.612129">
        <ele>174.8</ele>
      </trkpt>
      <trkpt lat="39.114784" lon="-77.612076">
        <ele>174.5</ele>
      </trkpt>
      <trkpt lat="39.114796" lon="-77.612015">
        <ele>174.3</ele>
      </trkpt>
      <trkpt lat="39.114811" lon="-77.611954">
        <ele>174.2</ele>
      </trkpt>
      <trkpt lat="39.114826" lon="-77.6119">
        <ele>174.0</ele>
      </trkpt>
      <trkpt lat="39.114838" lon="-77.611839">
        <ele>173.9</ele>
      </trkpt>
      <trkpt lat="39.114849" lon="-77.611778">
        <ele>173.7</ele>
      </trkpt>
      <trkpt lat="39.114861" lon="-77.611725">
        <ele>173.5</ele>
      </trkpt>
      <trkpt lat="39.114876" lon="-77.611664">
        <ele>173.3</ele>
      </trkpt>
      <trkpt lat="39.114883" lon="-77.61161">
        <ele>173.0</ele>
      </trkpt>
      <trkpt lat="39.114887" lon="-77.611549">
        <ele>172.7</ele>
      </trkpt>
      <trkpt lat="39.114891" lon="-77.611496">
        <ele>172.3</ele>
      </trkpt>
      <trkpt lat="39.114895" lon="-77.611435">
        <ele>171.8</ele>
      </trkpt>
      <trkpt lat="39.114895" lon="-77.611382">
        <ele>171.4</ele>
      </trkpt>
      <trkpt lat="39.114895" lon="-77.611328">
        <ele>170.9</ele>
      </trkpt>
      <trkpt lat="39.114895" lon="-77.611282">
        <ele>170.5</ele>
      </trkpt>
      <trkpt lat="39.114895" lon="-77.611229">
        <ele>170.1</ele>
      </trkpt>
      <trkpt lat="39.114895" lon="-77.611176">
        <ele>169.7</ele>
      </trkpt>
      <trkpt lat="39.114895" lon="-77.611122">
        <ele>169.2</ele>
      </trkpt>
      <trkpt lat="39.114891" lon="-77.611069">
        <ele>168.6</ele>
      </trkpt>
      <trkpt lat="39.114887" lon="-77.611023">
        <ele>168.1</ele>
      </trkpt>
      <trkpt lat="39.114883" lon="-77.610977">
        <ele>167.6</ele>
      </trkpt>
      <trkpt lat="39.114883" lon="-77.610916">
        <ele>166.9</ele>
      </trkpt>
      <trkpt lat="39.114876" lon="-77.610863">
        <ele>166.4</ele>
      </trkpt>
      <trkpt lat="39.114872" lon="-77.610809">
        <ele>165.8</ele>
      </trkpt>
      <trkpt lat="39.114872" lon="-77.610764">
        <ele>165.3</ele>
      </trkpt>
      <trkpt lat="39.114868" lon="-77.61071">
        <ele>164.7</ele>
      </trkpt>
      <trkpt lat="39.114868" lon="-77.610649">
        <ele>164.1</ele>
      </trkpt>
      <trkpt lat="39.114864" lon="-77.610596">
        <ele>163.7</ele>
      </trkpt>
      <trkpt lat="39.114861" lon="-77.610535">
        <ele>163.2</ele>
      </trkpt>
      <trkpt lat="39.114857" lon="-77.610466">
        <ele>162.5</ele>
      </trkpt>
      <trkpt lat="39.114852" lon="-77.610405">
        <ele>161.9</ele>
      </trkpt>
      <trkpt lat="39.114852" lon="-77.610328">
        <ele>161.2</ele>
      </trkpt>
      <trkpt lat="39.114852" lon="-77.61026">
        <ele>160.6</ele>
      </trkpt>
      <trkpt lat="39.114857" lon="-77.610184">
        <ele>160.0</ele>
      </trkpt>
      <trkpt lat="39.114857" lon="-77.610107">
        <ele>159.5</ele>
      </trkpt>
      <trkpt lat="39.114857" lon="-77.610023">
        <ele>158.8</ele>
      </trkpt>
      <trkpt lat="39.114852" lon="-77.609932">
        <ele>158.4</ele>
      </trkpt>
      <trkpt lat="39.114849" lon="-77.60984">
        <ele>158.2</ele>
      </trkpt>
      <trkpt lat="39.114849" lon="-77.609748">
        <ele>158.2</ele>
      </trkpt>
      <trkpt lat="39.114845" lon="-77.60965">
        <ele>158.3</ele>
      </trkpt>
      <trkpt lat="39.114841" lon="-77.60955">
        <ele>158.4</ele>
      </trkpt>
      <trkpt lat="39.114841" lon="-77.609451">
        <ele>158.5</ele>
      </trkpt>
      <trkpt lat="39.114838" lon="-77.609352">
        <ele>158.6</ele>
      </trkpt>
      <trkpt lat="39.114834" lon="-77.609261">
        <ele>158.6</ele>
      </trkpt>
      <trkpt lat="39.11483" lon="-77.609161">
        <ele>158.6</ele>
      </trkpt>
      <trkpt lat="39.11483" lon="-77.609062">
        <ele>158.7</ele>
      </trkpt>
      <trkpt lat="39.114826" lon="-77.608971">
        <ele>158.8</ele>
      </trkpt>
      <trkpt lat="39.114826" lon="-77.608879">
        <ele>158.9</ele>
      </trkpt>
      <trkpt lat="39.114826" lon="-77.608795">
        <ele>159.0</ele>
      </trkpt>
      <trkpt lat="39.114826" lon="-77.608711">
        <ele>159.1</ele>
      </trkpt>
      <trkpt lat="39.114826" lon="-77.608635">
        <ele>159.2</ele>
      </trkpt>
      <trkpt lat="39.114826" lon="-77.608551">
        <ele>159.2</ele>
      </trkpt>
      <trkpt lat="39.11483" lon="-77.608482">
        <ele>159.1</ele>
      </trkpt>
      <trkpt lat="39.11483" lon="-77.608406">
        <ele>159.1</ele>
      </trkpt>
      <trkpt lat="39.114834" lon="-77.60833">
        <ele>158.9</ele>
      </trkpt>
      <trkpt lat="39.114838" lon="-77.608269">
        <ele>158.7</ele>
      </trkpt>
      <trkpt lat="39.114845" lon="-77.608192">
        <ele>158.5</ele>
      </trkpt>
      <trkpt lat="39.114852" lon="-77.608131">
        <ele>158.3</ele>
      </trkpt>
      <trkpt lat="39.114864" lon="-77.608063">
        <ele>158.1</ele>
      </trkpt>
      <trkpt lat="39.114872" lon="-77.608002">
        <ele>158.0</ele>
      </trkpt>
      <trkpt lat="39.11488" lon="-77.607933">
        <ele>157.9</ele>
      </trkpt>
      <trkpt lat="39.114891" lon="-77.607872">
        <ele>157.9</ele>
      </trkpt>
      <trkpt lat="39.114899" lon="-77.607811">
        <ele>157.8</ele>
      </trkpt>
      <trkpt lat="39.114906" lon="-77.60775">
        <ele>157.8</ele>
      </trkpt>
      <trkpt lat="39.114914" lon="-77.607681">
        <ele>157.7</ele>
      </trkpt>
      <trkpt lat="39.114922" lon="-77.60762">
        <ele>157.7</ele>
      </trkpt>
      <trkpt lat="39.114925" lon="-77.607552">
        <ele>157.6</ele>
      </trkpt>
      <trkpt lat="39.114928" lon="-77.607491">
        <ele>157.4</ele>
      </trkpt>
      <trkpt lat="39.114933" lon="-77.607422">
        <ele>157.1</ele>
      </trkpt>
      <trkpt lat="39.114937" lon="-77.607353">
        <ele>156.6</ele>
      </trkpt>
      <trkpt lat="39.114937" lon="-77.607292">
        <ele>156.1</ele>
      </trkpt>
      <trkpt lat="39.114937" lon="-77.607231">
        <ele>155.6</ele>
      </trkpt>
      <trkpt lat="39.114928" lon="-77.60717">
        <ele>155.1</ele>
      </trkpt>
      <trkpt lat="39.114922" lon="-77.607109">
        <ele>154.7</ele>
      </trkpt>
      <trkpt lat="39.114914" lon="-77.607048">
        <ele>154.2</ele>
      </trkpt>
      <trkpt lat="39.114902" lon="-77.606987">
        <ele>153.8</ele>
      </trkpt>
      <trkpt lat="39.114887" lon="-77.606926">
        <ele>153.4</ele>
      </trkpt>
      <trkpt lat="39.114872" lon="-77.606857">
        <ele>153.0</ele>
      </trkpt>
      <trkpt lat="39.114852" lon="-77.606796">
        <ele>152.8</ele>
      </trkpt>
      <trkpt lat="39.114838" lon="-77.606735">
        <ele>152.6</ele>
      </trkpt>
      <trkpt lat="39.114815" lon="-77.606667">
        <ele>152.6</ele>
      </trkpt>
      <trkpt lat="39.114792" lon="-77.606606">
        <ele>152.6</ele>
      </trkpt>
      <trkpt lat="39.114765" lon="-77.606544">
        <ele>152.7</ele>
      </trkpt>
      <trkpt lat="39.114735" lon="-77.606483">
        <ele>152.8</ele>
      </trkpt>
      <trkpt lat="39.114708" lon="-77.60643">
        <ele>152.8</ele>
      </trkpt>
      <trkpt lat="39.114681" lon="-77.606377">
        <ele>152.9</ele>
      </trkpt>
      <trkpt lat="39.114651" lon="-77.606323">
        <ele>152.9</ele>
      </trkpt>
      <trkpt lat="39.114624" lon="-77.60627">
        <ele>153.0</ele>
      </trkpt>
      <trkpt lat="39.114593" lon="-77.606216">
        <ele>153.0</ele>
      </trkpt>
      <trkpt lat="39.114562" lon="-77.606171">
        <ele>153.1</ele>
      </trkpt>
      <trkpt lat="39.114536" lon="-77.606125">
        <ele>153.2</ele>
      </trkpt>
      <trkpt lat="39.11451" lon="-77.606071">
        <ele>153.0</ele>
      </trkpt>
      <trkpt lat="39.114479" lon="-77.606033">
        <ele>153.0</ele>
      </trkpt>
      <trkpt lat="39.114452" lon="-77.605988">
        <ele>153.0</ele>
      </trkpt>
      <trkpt lat="39.114426" lon="-77.605942">
        <ele>152.8</ele>
      </trkpt>
      <trkpt lat="39.114403" lon="-77.605904">
        <ele>152.6</ele>
      </trkpt>
      <trkpt lat="39.11438" lon="-77.605858">
        <ele>152.4</ele>
      </trkpt>
      <trkpt lat="39.114353" lon="-77.60582">
        <ele>152.3</ele>
      </trkpt>
      <trkpt lat="39.114334" lon="-77.605782">
        <ele>151.9</ele>
      </trkpt>
      <trkpt lat="39.114319" lon="-77.605743">
        <ele>151.6</ele>
      </trkpt>
      <trkpt lat="39.1143" lon="-77.605705">
        <ele>151.2</ele>
      </trkpt>
      <trkpt lat="39.114281" lon="-77.605667">
        <ele>150.9</ele>
      </trkpt>
      <trkpt lat="39.114265" lon="-77.605628">
        <ele>150.5</ele>
      </trkpt>
      <trkpt lat="39.114243" lon="-77.605583">
        <ele>150.1</ele>
      </trkpt>
      <trkpt lat="39.114223" lon="-77.605537">
        <ele>149.6</ele>
      </trkpt>
      <trkpt lat="39.114204" lon="-77.605507">
        <ele>149.3</ele>
      </trkpt>
      <trkpt lat="39.114182" lon="-77.605469">
        <ele>149.0</ele>
      </trkpt>
      <trkpt lat="39.114159" lon="-77.605431">
        <ele>148.6</ele>
      </trkpt>
      <trkpt lat="39.11414" lon="-77.605392">
        <ele>148.3</ele>
      </trkpt>
      <trkpt lat="39.114117" lon="-77.605347">
        <ele>147.9</ele>
      </trkpt>
      <trkpt lat="39.114094" lon="-77.605309">
        <ele>147.6</ele>
      </trkpt>
      <trkpt lat="39.114071" lon="-77.605278">
        <ele>147.3</ele>
      </trkpt>
      <trkpt lat="39.114047" lon="-77.60524">
        <ele>146.9</ele>
      </trkpt>
      <trkpt lat="39.114029" lon="-77.605209">
        <ele>146.7</ele>
      </trkpt>
      <trkpt lat="39.11401" lon="-77.605186">
        <ele>146.4</ele>
      </trkpt>
      <trkpt lat="39.113991" lon="-77.605155">
        <ele>146.1</ele>
      </trkpt>
      <trkpt lat="39.113971" lon="-77.605125">
        <ele>145.7</ele>
      </trkpt>
      <trkpt lat="39.113949" lon="-77.605095">
        <ele>145.3</ele>
      </trkpt>
      <trkpt lat="39.113926" lon="-77.605064">
        <ele>144.7</ele>
      </trkpt>
      <trkpt lat="39.113907" lon="-77.605042">
        <ele>144.2</ele>
      </trkpt>
      <trkpt lat="39.113888" lon="-77.605011">
        <ele>143.7</ele>
      </trkpt>
      <trkpt lat="39.113864" lon="-77.604973">
        <ele>143.1</ele>
      </trkpt>
      <trkpt lat="39.113842" lon="-77.604942">
        <ele>142.6</ele>
      </trkpt>
      <trkpt lat="39.113822" lon="-77.604904">
        <ele>142.1</ele>
      </trkpt>
      <trkpt lat="39.113808" lon="-77.604866">
        <ele>141.7</ele>
      </trkpt>
      <trkpt lat="39.113791" lon="-77.604836">
        <ele>141.4</ele>
      </trkpt>
      <trkpt lat="39.113777" lon="-77.604805">
        <ele>141.0</ele>
      </trkpt>
      <trkpt lat="39.113762" lon="-77.604774">
        <ele>140.7</ele>
      </trkpt>
      <trkpt lat="39.113746" lon="-77.604729">
        <ele>140.2</ele>
      </trkpt>
      <trkpt lat="39.113731" lon="-77.604698">
        <ele>139.9</ele>
      </trkpt>
      <trkpt lat="39.11372" lon="-77.604668">
        <ele>139.5</ele>
      </trkpt>
      <trkpt lat="39.113705" lon="-77.60463">
        <ele>139.1</ele>
      </trkpt>
      <trkpt lat="39.113693" lon="-77.604591">
        <ele>138.6</ele>
      </trkpt>
      <trkpt lat="39.113682" lon="-77.604546">
        <ele>138.0</ele>
      </trkpt>
      <trkpt lat="39.113678" lon="-77.604507">
        <ele>137.5</ele>
      </trkpt>
      <trkpt lat="39.113674" lon="-77.604462">
        <ele>137.0</ele>
      </trkpt>
      <trkpt lat="39.11367" lon="-77.604416">
        <ele>136.4</ele>
      </trkpt>
      <trkpt lat="39.113667" lon="-77.60437">
        <ele>135.9</ele>
      </trkpt>
      <trkpt lat="39.113663" lon="-77.604332">
        <ele>135.5</ele>
      </trkpt>
      <trkpt lat="39.113667" lon="-77.604286">
        <ele>135.0</ele>
      </trkpt>
      <trkpt lat="39.113667" lon="-77.604248">
        <ele>134.6</ele>
      </trkpt>
      <trkpt lat="39.113674" lon="-77.604202">
        <ele>134.1</ele>
      </trkpt>
      <trkpt lat="39.113678" lon="-77.604164">
        <ele>133.8</ele>
      </trkpt>
      <trkpt lat="39.113686" lon="-77.604118">
        <ele>133.4</ele>
      </trkpt>
      <trkpt lat="39.113693" lon="-77.604073">
        <ele>133.0</ele>
      </trkpt>
      <trkpt lat="39.113697" lon="-77.604027">
        <ele>132.4</ele>
      </trkpt>
      <trkpt lat="39.113701" lon="-77.603989">
        <ele>131.8</ele>
      </trkpt>
      <trkpt lat="39.113705" lon="-77.603943">
        <ele>131.4</ele>
      </trkpt>
      <trkpt lat="39.113708" lon="-77.603897">
        <ele>130.9</ele>
      </trkpt>
      <trkpt lat="39.113715" lon="-77.603859">
        <ele>130.8</ele>
      </trkpt>
      <trkpt lat="39.113724" lon="-77.603813">
        <ele>130.7</ele>
      </trkpt>
      <trkpt lat="39.113731" lon="-77.603775">
        <ele>130.6</ele>
      </trkpt>
      <trkpt lat="39.113743" lon="-77.603729">
        <ele>130.5</ele>
      </trkpt>
      <trkpt lat="39.113746" lon="-77.603691">
        <ele>130.4</ele>
      </trkpt>
      <trkpt lat="39.113754" lon="-77.603645">
        <ele>130.3</ele>
      </trkpt>
      <trkpt lat="39.113758" lon="-77.603592">
        <ele>130.2</ele>
      </trkpt>
      <trkpt lat="39.11377" lon="-77.603546">
        <ele>129.8</ele>
      </trkpt>
      <trkpt lat="39.113781" lon="-77.603493">
        <ele>129.3</ele>
      </trkpt>
      <trkpt lat="39.113789" lon="-77.603447">
        <ele>128.9</ele>
      </trkpt>
      <trkpt lat="39.1138" lon="-77.603401">
        <ele>128.4</ele>
      </trkpt>
      <trkpt lat="39.113811" lon="-77.603348">
        <ele>127.8</ele>
      </trkpt>
      <trkpt lat="39.113819" lon="-77.603302">
        <ele>127.3</ele>
      </trkpt>
      <trkpt lat="39.113834" lon="-77.603241">
        <ele>126.6</ele>
      </trkpt>
      <trkpt lat="39.113846" lon="-77.603188">
        <ele>126.0</ele>
      </trkpt>
      <trkpt lat="39.113861" lon="-77.603127">
        <ele>125.4</ele>
      </trkpt>
      <trkpt lat="39.113876" lon="-77.603058">
        <ele>124.8</ele>
      </trkpt>
      <trkpt lat="39.113892" lon="-77.602997">
        <ele>124.4</ele>
      </trkpt>
      <trkpt lat="39.113907" lon="-77.602936">
        <ele>123.9</ele>
      </trkpt>
      <trkpt lat="39.113934" lon="-77.602875">
        <ele>123.3</ele>
      </trkpt>
      <trkpt lat="39.113968" lon="-77.602829">
        <ele>122.8</ele>
      </trkpt>
      <trkpt lat="39.11401" lon="-77.602798">
        <ele>122.6</ele>
      </trkpt>
      <trkpt lat="39.114059" lon="-77.602783">
        <ele>122.6</ele>
      </trkpt>
      <trkpt lat="39.114109" lon="-77.602798">
        <ele>122.4</ele>
      </trkpt>
      <trkpt lat="39.114162" lon="-77.602836">
        <ele>122.0</ele>
      </trkpt>
      <trkpt lat="39.114208" lon="-77.602867">
        <ele>121.8</ele>
      </trkpt>
      <trkpt lat="39.114258" lon="-77.602898">
        <ele>121.6</ele>
      </trkpt>
      <trkpt lat="39.114304" lon="-77.602936">
        <ele>121.6</ele>
      </trkpt>
      <trkpt lat="39.114353" lon="-77.602966">
        <ele>121.5</ele>
      </trkpt>
      <trkpt lat="39.114403" lon="-77.602997">
        <ele>121.6</ele>
      </trkpt>
      <trkpt lat="39.114452" lon="-77.603027">
        <ele>121.6</ele>
      </trkpt>
      <trkpt lat="39.114498" lon="-77.60305">
        <ele>121.7</ele>
      </trkpt>
      <trkpt lat="39.114544" lon="-77.603073">
        <ele>121.8</ele>
      </trkpt>
      <trkpt lat="39.114586" lon="-77.603095">
        <ele>121.9</ele>
      </trkpt>
      <trkpt lat="39.114628" lon="-77.603104">
        <ele>122.0</ele>
      </trkpt>
      <trkpt lat="39.114669" lon="-77.603104">
        <ele>122.2</ele>
      </trkpt>
      <trkpt lat="39.114704" lon="-77.603088">
        <ele>122.3</ele>
      </trkpt>
      <trkpt lat="39.114731" lon="-77.603073">
        <ele>122.3</ele>
      </trkpt>
      <trkpt lat="39.11475" lon="-77.603043">
        <ele>122.4</ele>
      </trkpt>
      <trkpt lat="39.114765" lon="-77.603004">
        <ele>122.5</ele>
      </trkpt>
      <trkpt lat="39.114776" lon="-77.602966">
        <ele>122.5</ele>
      </trkpt>
      <trkpt lat="39.114788" lon="-77.602913">
        <ele>122.5</ele>
      </trkpt>
      <trkpt lat="39.114799" lon="-77.602852">
        <ele>122.6</ele>
      </trkpt>
      <trkpt lat="39.114815" lon="-77.602776">
        <ele>122.7</ele>
      </trkpt>
      <trkpt lat="39.114834" lon="-77.602692">
        <ele>122.9</ele>
      </trkpt>
      <trkpt lat="39.114857" lon="-77.602608">
        <ele>123.1</ele>
      </trkpt>
      <trkpt lat="39.114891" lon="-77.602516">
        <ele>123.4</ele>
      </trkpt>
      <trkpt lat="39.114933" lon="-77.602431">
        <ele>124.0</ele>
      </trkpt>
      <trkpt lat="39.114979" lon="-77.602348">
        <ele>124.7</ele>
      </trkpt>
      <trkpt lat="39.115032" lon="-77.602272">
        <ele>125.5</ele>
      </trkpt>
      <trkpt lat="39.115097" lon="-77.602211">
        <ele>126.4</ele>
      </trkpt>
      <trkpt lat="39.115166" lon="-77.602158">
        <ele>127.1</ele>
      </trkpt>
      <trkpt lat="39.115234" lon="-77.602119">
        <ele>127.7</ele>
      </trkpt>
      <trkpt lat="39.115303" lon="-77.602089">
        <ele>128.2</ele>
      </trkpt>
      <trkpt lat="39.115367" lon="-77.602065">
        <ele>128.7</ele>
      </trkpt>
      <trkpt lat="39.115437" lon="-77.602051">
        <ele>129.3</ele>
      </trkpt>
      <trkpt lat="39.115505" lon="-77.602043">
        <ele>129.9</ele>
      </trkpt>
      <trkpt lat="39.115578" lon="-77.602058">
        <ele>130.6</ele>
      </trkpt>
      <trkpt lat="39.115646" lon="-77.602074">
        <ele>131.1</ele>
      </trkpt>
      <trkpt lat="39.115715" lon="-77.602089">
        <ele>131.6</ele>
      </trkpt>
      <trkpt lat="39.115788" lon="-77.602104">
        <ele>132.1</ele>
      </trkpt>
      <trkpt lat="39.115856" lon="-77.602135">
        <ele>132.7</ele>
      </trkpt>
      <trkpt lat="39.115921" lon="-77.602158">
        <ele>133.1</ele>
      </trkpt>
      <trkpt lat="39.115986" lon="-77.602172">
        <ele>133.6</ele>
      </trkpt>
      <trkpt lat="39.116055" lon="-77.602196">
        <ele>134.0</ele>
      </trkpt>
      <trkpt lat="39.116119" lon="-77.602211">
        <ele>134.3</ele>
      </trkpt>
      <trkpt lat="39.116183" lon="-77.602226">
        <ele>134.6</ele>
      </trkpt>
      <trkpt lat="39.116249" lon="-77.602234">
        <ele>135.0</ele>
      </trkpt>
      <trkpt lat="39.11631" lon="-77.602242">
        <ele>135.3</ele>
      </trkpt>
      <trkpt lat="39.116371" lon="-77.602242">
        <ele>135.5</ele>
      </trkpt>
      <trkpt lat="39.116428" lon="-77.602226">
        <ele>135.8</ele>
      </trkpt>
      <trkpt lat="39.116486" lon="-77.602211">
        <ele>136.1</ele>
      </trkpt>
      <trkpt lat="39.116539" lon="-77.60218">
        <ele>136.3</ele>
      </trkpt>
      <trkpt lat="39.116589" lon="-77.60215">
        <ele>136.5</ele>
      </trkpt>
      <trkpt lat="39.116631" lon="-77.602119">
        <ele>136.7</ele>
      </trkpt>
      <trkpt lat="39.116673" lon="-77.602081">
        <ele>136.9</ele>
      </trkpt>
      <trkpt lat="39.116711" lon="-77.602036">
        <ele>137.1</ele>
      </trkpt>
      <trkpt lat="39.116745" lon="-77.601982">
        <ele>137.2</ele>
      </trkpt>
      <trkpt lat="39.116783" lon="-77.601936">
        <ele>137.4</ele>
      </trkpt>
      <trkpt lat="39.116817" lon="-77.601883">
        <ele>137.5</ele>
      </trkpt>
      <trkpt lat="39.116844" lon="-77.601837">
        <ele>137.6</ele>
      </trkpt>
      <trkpt lat="39.116871" lon="-77.601784">
        <ele>137.8</ele>
      </trkpt>
      <trkpt lat="39.116894" lon="-77.601738">
        <ele>137.9</ele>
      </trkpt>
      <trkpt lat="39.116917" lon="-77.601692">
        <ele>138.1</ele>
      </trkpt>
      <trkpt lat="39.116936" lon="-77.601646">
        <ele>138.2</ele>
      </trkpt>
      <trkpt lat="39.116947" lon="-77.601593">
        <ele>138.4</ele>
      </trkpt>
      <trkpt lat="39.116955" lon="-77.601547">
        <ele>138.6</ele>
      </trkpt>
      <trkpt lat="39.116959" lon="-77.601494">
        <ele>138.8</ele>
      </trkpt>
      <trkpt lat="39.116955" lon="-77.60144">
        <ele>139.0</ele>
      </trkpt>
      <trkpt lat="39.116936" lon="-77.601387">
        <ele>139.0</ele>
      </trkpt>
      <trkpt lat="39.116905" lon="-77.601341">
        <ele>138.9</ele>
      </trkpt>
      <trkpt lat="39.116867" lon="-77.601294">
        <ele>138.8</ele>
      </trkpt>
      <trkpt lat="39.116821" lon="-77.601249">
        <ele>138.5</ele>
      </trkpt>
      <trkpt lat="39.116779" lon="-77.601204">
        <ele>138.2</ele>
      </trkpt>
      <trkpt lat="39.116737" lon="-77.601151">
        <ele>138.1</ele>
      </trkpt>
      <trkpt lat="39.116698" lon="-77.601105">
        <ele>138.0</ele>
      </trkpt>
      <trkpt lat="39.116661" lon="-77.601067">
        <ele>137.9</ele>
      </trkpt>
      <trkpt lat="39.116627" lon="-77.601028">
        <ele>137.8</ele>
      </trkpt>
      <trkpt lat="39.116589" lon="-77.600983">
        <ele>137.8</ele>
      </trkpt>
      <trkpt lat="39.116549" lon="-77.600937">
        <ele>137.8</ele>
      </trkpt>
      <trkpt lat="39.116508" lon="-77.600891">
        <ele>137.7</ele>
      </trkpt>
      <trkpt lat="39.116467" lon="-77.600845">
        <ele>137.7</ele>
      </trkpt>
      <trkpt lat="39.116425" lon="-77.600792">
        <ele>137.7</ele>
      </trkpt>
      <trkpt lat="39.116383" lon="-77.600746">
        <ele>137.7</ele>
      </trkpt>
      <trkpt lat="39.116344" lon="-77.600693">
        <ele>137.7</ele>
      </trkpt>
      <trkpt lat="39.116299" lon="-77.600647">
        <ele>137.5</ele>
      </trkpt>
      <trkpt lat="39.116257" lon="-77.600601">
        <ele>137.3</ele>
      </trkpt>
      <trkpt lat="39.116214" lon="-77.600555">
        <ele>137.0</ele>
      </trkpt>
      <trkpt lat="39.116183" lon="-77.60051">
        <ele>136.8</ele>
      </trkpt>
      <trkpt lat="39.116146" lon="-77.600471">
        <ele>136.5</ele>
      </trkpt>
      <trkpt lat="39.116104" lon="-77.600426">
        <ele>136.4</ele>
      </trkpt>
      <trkpt lat="39.116065" lon="-77.600371">
        <ele>136.3</ele>
      </trkpt>
      <trkpt lat="39.116028" lon="-77.600334">
        <ele>136.2</ele>
      </trkpt>
      <trkpt lat="39.115989" lon="-77.600296">
        <ele>136.2</ele>
      </trkpt>
      <trkpt lat="39.115958" lon="-77.60025">
        <ele>136.3</ele>
      </trkpt>
      <trkpt lat="39.115929" lon="-77.600212">
        <ele>136.2</ele>
      </trkpt>
      <trkpt lat="39.115906" lon="-77.600174">
        <ele>136.2</ele>
      </trkpt>
      <trkpt lat="39.115875" lon="-77.600128">
        <ele>136.3</ele>
      </trkpt>
      <trkpt lat="39.115845" lon="-77.600098">
        <ele>136.2</ele>
      </trkpt>
      <trkpt lat="39.11581" lon="-77.600052">
        <ele>136.2</ele>
      </trkpt>
      <trkpt lat="39.115775" lon="-77.600005">
        <ele>136.2</ele>
      </trkpt>
      <trkpt lat="39.115742" lon="-77.59996">
        <ele>136.2</ele>
      </trkpt>
      <trkpt lat="39.115704" lon="-77.599898">
        <ele>136.2</ele>
      </trkpt>
      <trkpt lat="39.115668" lon="-77.599846">
        <ele>136.2</ele>
      </trkpt>
      <trkpt lat="39.115635" lon="-77.5998">
        <ele>136.2</ele>
      </trkpt>
      <trkpt lat="39.115597" lon="-77.599754">
        <ele>136.3</ele>
      </trkpt>
      <trkpt lat="39.115559" lon="-77.599709">
        <ele>136.2</ele>
      </trkpt>
      <trkpt lat="39.115519" lon="-77.599655">
        <ele>136.3</ele>
      </trkpt>
      <trkpt lat="39.115482" lon="-77.599609">
        <ele>136.2</ele>
      </trkpt>
      <trkpt lat="39.115443" lon="-77.599564">
        <ele>136.1</ele>
      </trkpt>
      <trkpt lat="39.115406" lon="-77.59951">
        <ele>135.9</ele>
      </trkpt>
      <trkpt lat="39.115364" lon="-77.599457">
        <ele>135.8</ele>
      </trkpt>
      <trkpt lat="39.115326" lon="-77.599403">
        <ele>135.6</ele>
      </trkpt>
      <trkpt lat="39.115288" lon="-77.59935">
        <ele>135.4</ele>
      </trkpt>
      <trkpt lat="39.11525" lon="-77.599289">
        <ele>135.3</ele>
      </trkpt>
      <trkpt lat="39.115219" lon="-77.599236">
        <ele>135.1</ele>
      </trkpt>
      <trkpt lat="39.115181" lon="-77.599174">
        <ele>134.6</ele>
      </trkpt>
      <trkpt lat="39.115143" lon="-77.599121">
        <ele>134.2</ele>
      </trkpt>
      <trkpt lat="39.115105" lon="-77.59906">
        <ele>133.8</ele>
      </trkpt>
      <trkpt lat="39.11507" lon="-77.598999">
        <ele>133.6</ele>
      </trkpt>
      <trkpt lat="39.115032" lon="-77.598946">
        <ele>133.6</ele>
      </trkpt>
      <trkpt lat="39.114998" lon="-77.598885">
        <ele>133.6</ele>
      </trkpt>
      <trkpt lat="39.11496" lon="-77.598831">
        <ele>133.6</ele>
      </trkpt>
      <trkpt lat="39.114925" lon="-77.598778">
        <ele>133.6</ele>
      </trkpt>
      <trkpt lat="39.114895" lon="-77.598724">
        <ele>133.6</ele>
      </trkpt>
      <trkpt lat="39.114861" lon="-77.598671">
        <ele>133.6</ele>
      </trkpt>
      <trkpt lat="39.114826" lon="-77.598625">
        <ele>133.5</ele>
      </trkpt>
      <trkpt lat="39.114792" lon="-77.598572">
        <ele>133.2</ele>
      </trkpt>
      <trkpt lat="39.114758" lon="-77.598511">
        <ele>133.0</ele>
      </trkpt>
      <trkpt lat="39.114723" lon="-77.598457">
        <ele>132.8</ele>
      </trkpt>
      <trkpt lat="39.114685" lon="-77.598395">
        <ele>132.6</ele>
      </trkpt>
      <trkpt lat="39.114651" lon="-77.598335">
        <ele>132.4</ele>
      </trkpt>
      <trkpt lat="39.11462" lon="-77.598289">
        <ele>132.1</ele>
      </trkpt>
      <trkpt lat="39.114586" lon="-77.598228">
        <ele>131.9</ele>
      </trkpt>
      <trkpt lat="39.114555" lon="-77.598175">
        <ele>131.8</ele>
      </trkpt>
      <trkpt lat="39.114521" lon="-77.598122">
        <ele>131.6</ele>
      </trkpt>
      <trkpt lat="39.114483" lon="-77.598061">
        <ele>131.4</ele>
      </trkpt>
      <trkpt lat="39.114452" lon="-77.598015">
        <ele>131.2</ele>
      </trkpt>
      <trkpt lat="39.114418" lon="-77.597961">
        <ele>130.8</ele>
      </trkpt>
      <trkpt lat="39.114388" lon="-77.5979">
        <ele>130.2</ele>
      </trkpt>
      <trkpt lat="39.114357" lon="-77.597847">
        <ele>129.5</ele>
      </trkpt>
      <trkpt lat="39.114326" lon="-77.597793">
        <ele>128.7</ele>
      </trkpt>
      <trkpt lat="39.114292" lon="-77.59774">
        <ele>128.2</ele>
      </trkpt>
      <trkpt lat="39.114254" lon="-77.597686">
        <ele>128.3</ele>
      </trkpt>
      <trkpt lat="39.114216" lon="-77.597626">
        <ele>128.0</ele>
      </trkpt>
      <trkpt lat="39.114182" lon="-77.597565">
        <ele>128.3</ele>
      </trkpt>
      <trkpt lat="39.114143" lon="-77.597504">
        <ele>128.4</ele>
      </trkpt>
      <trkpt lat="39.114105" lon="-77.597443">
        <ele>128.2</ele>
      </trkpt>
      <trkpt lat="39.114059" lon="-77.597382">
        <ele>128.2</ele>
      </trkpt>
      <trkpt lat="39.114025" lon="-77.597328">
        <ele>127.9</ele>
      </trkpt>
      <trkpt lat="39.113991" lon="-77.597267">
        <ele>128.2</ele>
      </trkpt>
      <trkpt lat="39.113956" lon="-77.597198">
        <ele>127.8</ele>
      </trkpt>
      <trkpt lat="39.113922" lon="-77.59713">
        <ele>126.6</ele>
      </trkpt>
      <trkpt lat="39.113888" lon="-77.597061">
        <ele>124.2</ele>
      </trkpt>
      <trkpt lat="39.113857" lon="-77.597">
        <ele>119.6</ele>
      </trkpt>
      <trkpt lat="39.113819" lon="-77.596931">
        <ele>116.7</ele>
      </trkpt>
      <trkpt lat="39.113781" lon="-77.596855">
        <ele>120.0</ele>
      </trkpt>
      <trkpt lat="39.113735" lon="-77.596779">
        <ele>124.8</ele>
      </trkpt>
      <trkpt lat="39.113689" lon="-77.596703">
        <ele>127.6</ele>
      </trkpt>
      <trkpt lat="39.113651" lon="-77.596634">
        <ele>128.3</ele>
      </trkpt>
      <trkpt lat="39.113608" lon="-77.596565">
        <ele>129.2</ele>
      </trkpt>
      <trkpt lat="39.113579" lon="-77.596497">
        <ele>128.7</ele>
      </trkpt>
      <trkpt lat="39.113552" lon="-77.596436">
        <ele>128.4</ele>
      </trkpt>
      <trkpt lat="39.113522" lon="-77.596367">
        <ele>128.5</ele>
      </trkpt>
      <trkpt lat="39.113487" lon="-77.596298">
        <ele>128.1</ele>
      </trkpt>
      <trkpt lat="39.113461" lon="-77.596237">
        <ele>128.0</ele>
      </trkpt>
      <trkpt lat="39.113434" lon="-77.596183">
        <ele>128.3</ele>
      </trkpt>
      <trkpt lat="39.113403" lon="-77.59613">
        <ele>128.3</ele>
      </trkpt>
      <trkpt lat="39.113373" lon="-77.596069">
        <ele>128.5</ele>
      </trkpt>
      <trkpt lat="39.113338" lon="-77.596016">
        <ele>128.4</ele>
      </trkpt>
      <trkpt lat="39.113304" lon="-77.595955">
        <ele>128.3</ele>
      </trkpt>
      <trkpt lat="39.11327" lon="-77.595885">
        <ele>127.9</ele>
      </trkpt>
      <trkpt lat="39.113235" lon="-77.595825">
        <ele>127.5</ele>
      </trkpt>
      <trkpt lat="39.113197" lon="-77.595757">
        <ele>127.6</ele>
      </trkpt>
      <trkpt lat="39.113159" lon="-77.595688">
        <ele>127.5</ele>
      </trkpt>
      <trkpt lat="39.113121" lon="-77.595626">
        <ele>127.5</ele>
      </trkpt>
      <trkpt lat="39.113087" lon="-77.595566">
        <ele>127.7</ele>
      </trkpt>
      <trkpt lat="39.113048" lon="-77.595505">
        <ele>127.6</ele>
      </trkpt>
      <trkpt lat="39.11301" lon="-77.595444">
        <ele>128.1</ele>
      </trkpt>
      <trkpt lat="39.112984" lon="-77.59539">
        <ele>128.2</ele>
      </trkpt>
      <trkpt lat="39.112953" lon="-77.595329">
        <ele>128.0</ele>
      </trkpt>
      <trkpt lat="39.112923" lon="-77.59526">
        <ele>128.0</ele>
      </trkpt>
      <trkpt lat="39.112892" lon="-77.595192">
        <ele>128.0</ele>
      </trkpt>
      <trkpt lat="39.112865" lon="-77.595131">
        <ele>127.8</ele>
      </trkpt>
      <trkpt lat="39.112834" lon="-77.59507">
        <ele>128.0</ele>
      </trkpt>
      <trkpt lat="39.112803" lon="-77.595016">
        <ele>128.2</ele>
      </trkpt>
      <trkpt lat="39.112778" lon="-77.594948">
        <ele>127.9</ele>
      </trkpt>
      <trkpt lat="39.112747" lon="-77.594887">
        <ele>127.8</ele>
      </trkpt>
      <trkpt lat="39.112717" lon="-77.594818">
        <ele>127.6</ele>
      </trkpt>
      <trkpt lat="39.11269" lon="-77.594757">
        <ele>127.4</ele>
      </trkpt>
      <trkpt lat="39.112659" lon="-77.594688">
        <ele>127.0</ele>
      </trkpt>
      <trkpt lat="39.112629" lon="-77.594627">
        <ele>126.4</ele>
      </trkpt>
      <trkpt lat="39.112598" lon="-77.594566">
        <ele>125.9</ele>
      </trkpt>
      <trkpt lat="39.112572" lon="-77.594505">
        <ele>125.3</ele>
      </trkpt>
      <trkpt lat="39.112545" lon="-77.594437">
        <ele>124.7</ele>
      </trkpt>
      <trkpt lat="39.112522" lon="-77.594376">
        <ele>124.1</ele>
      </trkpt>
      <trkpt lat="39.112495" lon="-77.594315">
        <ele>123.3</ele>
      </trkpt>
      <trkpt lat="39.112465" lon="-77.594238">
        <ele>122.4</ele>
      </trkpt>
      <trkpt lat="39.112431" lon="-77.59417">
        <ele>122.2</ele>
      </trkpt>
      <trkpt lat="39.112395" lon="-77.594093">
        <ele>121.9</ele>
      </trkpt>
      <trkpt lat="39.112362" lon="-77.594016">
        <ele>121.7</ele>
      </trkpt>
      <trkpt lat="39.112331" lon="-77.593948">
        <ele>122.0</ele>
      </trkpt>
      <trkpt lat="39.112297" lon="-77.59388">
        <ele>122.3</ele>
      </trkpt>
      <trkpt lat="39.112263" lon="-77.593811">
        <ele>122.6</ele>
      </trkpt>
      <trkpt lat="39.112225" lon="-77.593742">
        <ele>122.8</ele>
      </trkpt>
      <trkpt lat="39.11219" lon="-77.593673">
        <ele>123.0</ele>
      </trkpt>
      <trkpt lat="39.112152" lon="-77.593605">
        <ele>123.1</ele>
      </trkpt>
      <trkpt lat="39.112114" lon="-77.593536">
        <ele>123.1</ele>
      </trkpt>
      <trkpt lat="39.11208" lon="-77.593475">
        <ele>123.1</ele>
      </trkpt>
      <trkpt lat="39.112049" lon="-77.593399">
        <ele>123.2</ele>
      </trkpt>
      <trkpt lat="39.112018" lon="-77.59333">
        <ele>123.2</ele>
      </trkpt>
      <trkpt lat="39.111987" lon="-77.593269">
        <ele>123.2</ele>
      </trkpt>
      <trkpt lat="39.111958" lon="-77.593193">
        <ele>123.2</ele>
      </trkpt>
      <trkpt lat="39.111923" lon="-77.593117">
        <ele>123.3</ele>
      </trkpt>
      <trkpt lat="39.111885" lon="-77.593056">
        <ele>123.2</ele>
      </trkpt>
      <trkpt lat="39.111851" lon="-77.592986">
        <ele>123.2</ele>
      </trkpt>
      <trkpt lat="39.111816" lon="-77.592918">
        <ele>123.2</ele>
      </trkpt>
      <trkpt lat="39.111778" lon="-77.592842">
        <ele>123.2</ele>
      </trkpt>
      <trkpt lat="39.111744" lon="-77.592772">
        <ele>123.2</ele>
      </trkpt>
      <trkpt lat="39.11171" lon="-77.592705">
        <ele>123.2</ele>
      </trkpt>
      <trkpt lat="39.111675" lon="-77.592628">
        <ele>123.2</ele>
      </trkpt>
      <trkpt lat="39.111649" lon="-77.592567">
        <ele>123.2</ele>
      </trkpt>
      <trkpt lat="39.111618" lon="-77.592491">
        <ele>123.2</ele>
      </trkpt>
      <trkpt lat="39.111584" lon="-77.592415">
        <ele>123.2</ele>
      </trkpt>
      <trkpt lat="39.111548" lon="-77.592339">
        <ele>123.2</ele>
      </trkpt>
      <trkpt lat="39.111515" lon="-77.592262">
        <ele>123.2</ele>
      </trkpt>
      <trkpt lat="39.111485" lon="-77.592194">
        <ele>123.2</ele>
      </trkpt>
      <trkpt lat="39.111458" lon="-77.592117">
        <ele>123.3</ele>
      </trkpt>
      <trkpt lat="39.111427" lon="-77.592041">
        <ele>123.3</ele>
      </trkpt>
      <trkpt lat="39.111396" lon="-77.591972">
        <ele>123.3</ele>
      </trkpt>
      <trkpt lat="39.111365" lon="-77.591896">
        <ele>123.4</ele>
      </trkpt>
      <trkpt lat="39.111336" lon="-77.591827">
        <ele>123.4</ele>
      </trkpt>
      <trkpt lat="39.111309" lon="-77.591751">
        <ele>123.4</ele>
      </trkpt>
      <trkpt lat="39.111282" lon="-77.591682">
        <ele>123.3</ele>
      </trkpt>
      <trkpt lat="39.111258" lon="-77.591606">
        <ele>123.1</ele>
      </trkpt>
      <trkpt lat="39.111233" lon="-77.591537">
        <ele>122.7</ele>
      </trkpt>
      <trkpt lat="39.111202" lon="-77.591469">
        <ele>122.4</ele>
      </trkpt>
      <trkpt lat="39.111172" lon="-77.591393">
        <ele>122.2</ele>
      </trkpt>
      <trkpt lat="39.111149" lon="-77.591316">
        <ele>122.3</ele>
      </trkpt>
      <trkpt lat="39.111126" lon="-77.59124">
        <ele>122.6</ele>
      </trkpt>
      <trkpt lat="39.111095" lon="-77.591164">
        <ele>122.6</ele>
      </trkpt>
      <trkpt lat="39.111065" lon="-77.591087">
        <ele>122.4</ele>
      </trkpt>
      <trkpt lat="39.111033" lon="-77.591011">
        <ele>122.8</ele>
      </trkpt>
      <trkpt lat="39.111004" lon="-77.590935">
        <ele>122.7</ele>
      </trkpt>
      <trkpt lat="39.110973" lon="-77.590866">
        <ele>122.2</ele>
      </trkpt>
      <trkpt lat="39.110939" lon="-77.59079">
        <ele>122.5</ele>
      </trkpt>
      <trkpt lat="39.110909" lon="-77.590721">
        <ele>123.0</ele>
      </trkpt>
      <trkpt lat="39.110878" lon="-77.590645">
        <ele>123.5</ele>
      </trkpt>
      <trkpt lat="39.11085" lon="-77.590569">
        <ele>123.9</ele>
      </trkpt>
      <trkpt lat="39.110821" lon="-77.5905">
        <ele>124.0</ele>
      </trkpt>
      <trkpt lat="39.11079" lon="-77.590424">
        <ele>124.3</ele>
      </trkpt>
      <trkpt lat="39.110756" lon="-77.590355">
        <ele>124.1</ele>
      </trkpt>
      <trkpt lat="39.110725" lon="-77.590279">
        <ele>123.9</ele>
      </trkpt>
      <trkpt lat="39.110695" lon="-77.590202">
        <ele>124.1</ele>
      </trkpt>
      <trkpt lat="39.110667" lon="-77.590126">
        <ele>124.0</ele>
      </trkpt>
      <trkpt lat="39.110641" lon="-77.590057">
        <ele>123.9</ele>
      </trkpt>
      <trkpt lat="39.110615" lon="-77.589981">
        <ele>124.2</ele>
      </trkpt>
      <trkpt lat="39.110588" lon="-77.589905">
        <ele>124.1</ele>
      </trkpt>
      <trkpt lat="39.110565" lon="-77.589828">
        <ele>123.9</ele>
      </trkpt>
      <trkpt lat="39.110542" lon="-77.589744">
        <ele>124.1</ele>
      </trkpt>
      <trkpt lat="39.110527" lon="-77.589668">
        <ele>124.3</ele>
      </trkpt>
      <trkpt lat="39.110508" lon="-77.589592">
        <ele>124.3</ele>
      </trkpt>
      <trkpt lat="39.110493" lon="-77.589508">
        <ele>124.2</ele>
      </trkpt>
      <trkpt lat="39.110477" lon="-77.589423">
        <ele>123.8</ele>
      </trkpt>
      <trkpt lat="39.110458" lon="-77.58934">
        <ele>123.0</ele>
      </trkpt>
      <trkpt lat="39.110439" lon="-77.589249">
        <ele>122.0</ele>
      </trkpt>
      <trkpt lat="39.110424" lon="-77.589157">
        <ele>121.6</ele>
      </trkpt>
      <trkpt lat="39.110401" lon="-77.589066">
        <ele>121.4</ele>
      </trkpt>
      <trkpt lat="39.110386" lon="-77.588982">
        <ele>121.4</ele>
      </trkpt>
      <trkpt lat="39.110374" lon="-77.588898">
        <ele>122.1</ele>
      </trkpt>
      <trkpt lat="39.110363" lon="-77.588814">
        <ele>122.5</ele>
      </trkpt>
      <trkpt lat="39.110355" lon="-77.58873">
        <ele>122.8</ele>
      </trkpt>
      <trkpt lat="39.110352" lon="-77.588646">
        <ele>123.1</ele>
      </trkpt>
      <trkpt lat="39.110348" lon="-77.588562">
        <ele>123.4</ele>
      </trkpt>
      <trkpt lat="39.11034" lon="-77.588478">
        <ele>123.6</ele>
      </trkpt>
      <trkpt lat="39.110335" lon="-77.588393">
        <ele>123.7</ele>
      </trkpt>
      <trkpt lat="39.110335" lon="-77.588318">
        <ele>123.9</ele>
      </trkpt>
      <trkpt lat="39.110335" lon="-77.588241">
        <ele>123.9</ele>
      </trkpt>
      <trkpt lat="39.110335" lon="-77.588173">
        <ele>124.0</ele>
      </trkpt>
      <trkpt lat="39.110335" lon="-77.588097">
        <ele>124.0</ele>
      </trkpt>
      <trkpt lat="39.110335" lon="-77.58802">
        <ele>124.0</ele>
      </trkpt>
      <trkpt lat="39.11034" lon="-77.587943">
        <ele>123.9</ele>
      </trkpt>
      <trkpt lat="39.11034" lon="-77.58786">
        <ele>123.8</ele>
      </trkpt>
      <trkpt lat="39.11034" lon="-77.587784">
        <ele>123.7</ele>
      </trkpt>
      <trkpt lat="39.11034" lon="-77.587708">
        <ele>123.2</ele>
      </trkpt>
      <trkpt lat="39.11034" lon="-77.587631">
        <ele>122.5</ele>
      </trkpt>
      <trkpt lat="39.110344" lon="-77.587547">
        <ele>121.9</ele>
      </trkpt>
      <trkpt lat="39.110344" lon="-77.58747">
        <ele>121.4</ele>
      </trkpt>
      <trkpt lat="39.110344" lon="-77.587395">
        <ele>121.0</ele>
      </trkpt>
      <trkpt lat="39.110344" lon="-77.587318">
        <ele>120.8</ele>
      </trkpt>
      <trkpt lat="39.110344" lon="-77.58725">
        <ele>120.6</ele>
      </trkpt>
      <trkpt lat="39.11034" lon="-77.587173">
        <ele>120.5</ele>
      </trkpt>
      <trkpt lat="39.110344" lon="-77.587104">
        <ele>120.3</ele>
      </trkpt>
      <trkpt lat="39.110355" lon="-77.587029">
        <ele>120.3</ele>
      </trkpt>
      <trkpt lat="39.110363" lon="-77.58696">
        <ele>120.2</ele>
      </trkpt>
      <trkpt lat="39.110374" lon="-77.586891">
        <ele>120.2</ele>
      </trkpt>
      <trkpt lat="39.11039" lon="-77.586823">
        <ele>120.2</ele>
      </trkpt>
      <trkpt lat="39.110409" lon="-77.586761">
        <ele>120.3</ele>
      </trkpt>
      <trkpt lat="39.110424" lon="-77.586693">
        <ele>120.3</ele>
      </trkpt>
      <trkpt lat="39.110439" lon="-77.586617">
        <ele>120.2</ele>
      </trkpt>
      <trkpt lat="39.110455" lon="-77.586555">
        <ele>120.2</ele>
      </trkpt>
      <trkpt lat="39.11047" lon="-77.586494">
        <ele>120.2</ele>
      </trkpt>
      <trkpt lat="39.110489" lon="-77.586426">
        <ele>120.1</ele>
      </trkpt>
      <trkpt lat="39.110508" lon="-77.586357">
        <ele>120.0</ele>
      </trkpt>
      <trkpt lat="39.110527" lon="-77.586288">
        <ele>119.8</ele>
      </trkpt>
      <trkpt lat="39.110542" lon="-77.586226">
        <ele>119.7</ele>
      </trkpt>
      <trkpt lat="39.110561" lon="-77.586159">
        <ele>119.5</ele>
      </trkpt>
      <trkpt lat="39.110577" lon="-77.58609">
        <ele>119.4</ele>
      </trkpt>
      <trkpt lat="39.110596" lon="-77.586021">
        <ele>119.2</ele>
      </trkpt>
      <trkpt lat="39.110611" lon="-77.58596">
        <ele>119.0</ele>
      </trkpt>
      <trkpt lat="39.110626" lon="-77.585892">
        <ele>118.8</ele>
      </trkpt>
      <trkpt lat="39.110645" lon="-77.585823">
        <ele>118.7</ele>
      </trkpt>
      <trkpt lat="39.110667" lon="-77.585754">
        <ele>118.6</ele>
      </trkpt>
      <trkpt lat="39.110687" lon="-77.585678">
        <ele>118.4</ele>
      </trkpt>
      <trkpt lat="39.110703" lon="-77.585609">
        <ele>118.2</ele>
      </trkpt>
      <trkpt lat="39.110718" lon="-77.585541">
        <ele>118.1</ele>
      </trkpt>
      <trkpt lat="39.110733" lon="-77.585472">
        <ele>118.0</ele>
      </trkpt>
      <trkpt lat="39.110748" lon="-77.585403">
        <ele>118.0</ele>
      </trkpt>
      <trkpt lat="39.110764" lon="-77.585342">
        <ele>118.0</ele>
      </trkpt>
      <trkpt lat="39.110779" lon="-77.585281">
        <ele>118.0</ele>
      </trkpt>
      <trkpt lat="39.110794" lon="-77.58522">
        <ele>118.0</ele>
      </trkpt>
      <trkpt lat="39.110809" lon="-77.585159">
        <ele>118.0</ele>
      </trkpt>
      <trkpt lat="39.110825" lon="-77.585106">
        <ele>118.0</ele>
      </trkpt>
      <trkpt lat="39.110836" lon="-77.585052">
        <ele>118.1</ele>
      </trkpt>
      <trkpt lat="39.110855" lon="-77.584991">
        <ele>118.1</ele>
      </trkpt>
      <trkpt lat="39.11087" lon="-77.584937">
        <ele>118.1</ele>
      </trkpt>
      <trkpt lat="39.110886" lon="-77.584885">
        <ele>118.2</ele>
      </trkpt>
      <trkpt lat="39.110901" lon="-77.584831">
        <ele>118.2</ele>
      </trkpt>
      <trkpt lat="39.110912" lon="-77.58477">
        <ele>118.3</ele>
      </trkpt>
      <trkpt lat="39.11092" lon="-77.584724">
        <ele>118.3</ele>
      </trkpt>
      <trkpt lat="39.110931" lon="-77.584679">
        <ele>118.3</ele>
      </trkpt>
      <trkpt lat="39.11095" lon="-77.584633">
        <ele>118.3</ele>
      </trkpt>
      <trkpt lat="39.110966" lon="-77.584579">
        <ele>118.3</ele>
      </trkpt>
      <trkpt lat="39.110981" lon="-77.584526">
        <ele>118.4</ele>
      </trkpt>
      <trkpt lat="39.110992" lon="-77.584473">
        <ele>118.4</ele>
      </trkpt>
      <trkpt lat="39.111012" lon="-77.584412">
        <ele>118.4</ele>
      </trkpt>
      <trkpt lat="39.11103" lon="-77.584358">
        <ele>118.4</ele>
      </trkpt>
      <trkpt lat="39.11105" lon="-77.584297">
        <ele>118.5</ele>
      </trkpt>
      <trkpt lat="39.111069" lon="-77.584228">
        <ele>118.5</ele>
      </trkpt>
      <trkpt lat="39.111088" lon="-77.58416">
        <ele>118.4</ele>
      </trkpt>
      <trkpt lat="39.111103" lon="-77.584091">
        <ele>118.4</ele>
      </trkpt>
      <trkpt lat="39.111118" lon="-77.584023">
        <ele>118.4</ele>
      </trkpt>
      <trkpt lat="39.111137" lon="-77.583954">
        <ele>118.4</ele>
      </trkpt>
      <trkpt lat="39.111153" lon="-77.583885">
        <ele>118.4</ele>
      </trkpt>
      <trkpt lat="39.111172" lon="-77.583817">
        <ele>118.4</ele>
      </trkpt>
      <trkpt lat="39.111191" lon="-77.583748">
        <ele>118.4</ele>
      </trkpt>
      <trkpt lat="39.111206" lon="-77.583679">
        <ele>118.4</ele>
      </trkpt>
      <trkpt lat="39.111225" lon="-77.583618">
        <ele>118.4</ele>
      </trkpt>
      <trkpt lat="39.11124" lon="-77.583557">
        <ele>118.3</ele>
      </trkpt>
      <trkpt lat="39.111258" lon="-77.583488">
        <ele>118.3</ele>
      </trkpt>
      <trkpt lat="39.111279" lon="-77.583412">
        <ele>118.2</ele>
      </trkpt>
      <trkpt lat="39.111298" lon="-77.583344">
        <ele>117.5</ele>
      </trkpt>
      <trkpt lat="39.111313" lon="-77.583275">
        <ele>116.5</ele>
      </trkpt>
      <trkpt lat="39.111328" lon="-77.583214">
        <ele>115.9</ele>
      </trkpt>
      <trkpt lat="39.111343" lon="-77.583153">
        <ele>115.5</ele>
      </trkpt>
      <trkpt lat="39.111359" lon="-77.583084">
        <ele>115.4</ele>
      </trkpt>
      <trkpt lat="39.111378" lon="-77.583023">
        <ele>115.4</ele>
      </trkpt>
      <trkpt lat="39.111393" lon="-77.582954">
        <ele>115.4</ele>
      </trkpt>
      <trkpt lat="39.111404" lon="-77.582901">
        <ele>115.4</ele>
      </trkpt>
      <trkpt lat="39.111416" lon="-77.582832">
        <ele>115.4</ele>
      </trkpt>
      <trkpt lat="39.111431" lon="-77.582764">
        <ele>115.4</ele>
      </trkpt>
      <trkpt lat="39.111446" lon="-77.582703">
        <ele>115.4</ele>
      </trkpt>
      <trkpt lat="39.111469" lon="-77.582626">
        <ele>115.4</ele>
      </trkpt>
      <trkpt lat="39.111485" lon="-77.582558">
        <ele>115.4</ele>
      </trkpt>
      <trkpt lat="39.111503" lon="-77.582489">
        <ele>115.4</ele>
      </trkpt>
      <trkpt lat="39.111526" lon="-77.582427">
        <ele>115.4</ele>
      </trkpt>
      <trkpt lat="39.111546" lon="-77.582367">
        <ele>115.4</ele>
      </trkpt>
      <trkpt lat="39.111561" lon="-77.582306">
        <ele>115.4</ele>
      </trkpt>
      <trkpt lat="39.111576" lon="-77.582237">
        <ele>115.4</ele>
      </trkpt>
      <trkpt lat="39.111595" lon="-77.582176">
        <ele>115.4</ele>
      </trkpt>
      <trkpt lat="39.111614" lon="-77.582115">
        <ele>115.4</ele>
      </trkpt>
      <trkpt lat="39.111633" lon="-77.582054">
        <ele>115.4</ele>
      </trkpt>
      <trkpt lat="39.111649" lon="-77.581993">
        <ele>115.3</ele>
      </trkpt>
      <trkpt lat="39.111668" lon="-77.581924">
        <ele>115.3</ele>
      </trkpt>
      <trkpt lat="39.111687" lon="-77.581856">
        <ele>115.2</ele>
      </trkpt>
      <trkpt lat="39.111706" lon="-77.581787">
        <ele>115.1</ele>
      </trkpt>
      <trkpt lat="39.111721" lon="-77.581726">
        <ele>115.0</ele>
      </trkpt>
      <trkpt lat="39.111736" lon="-77.581665">
        <ele>114.9</ele>
      </trkpt>
      <trkpt lat="39.111748" lon="-77.581604">
        <ele>114.8</ele>
      </trkpt>
      <trkpt lat="39.111763" lon="-77.581535">
        <ele>114.6</ele>
      </trkpt>
      <trkpt lat="39.111782" lon="-77.581474">
        <ele>114.5</ele>
      </trkpt>
      <trkpt lat="39.111797" lon="-77.581413">
        <ele>114.3</ele>
      </trkpt>
      <trkpt lat="39.111813" lon="-77.581352">
        <ele>114.2</ele>
      </trkpt>
      <trkpt lat="39.111824" lon="-77.58129">
        <ele>114.0</ele>
      </trkpt>
      <trkpt lat="39.111839" lon="-77.581223">
        <ele>113.8</ele>
      </trkpt>
      <trkpt lat="39.111858" lon="-77.581154">
        <ele>113.6</ele>
      </trkpt>
      <trkpt lat="39.111874" lon="-77.581093">
        <ele>113.4</ele>
      </trkpt>
      <trkpt lat="39.111889" lon="-77.581024">
        <ele>113.2</ele>
      </trkpt>
      <trkpt lat="39.1119" lon="-77.580963">
        <ele>113.0</ele>
      </trkpt>
      <trkpt lat="39.111911" lon="-77.580902">
        <ele>112.8</ele>
      </trkpt>
      <trkpt lat="39.111927" lon="-77.580833">
        <ele>112.6</ele>
      </trkpt>
      <trkpt lat="39.111946" lon="-77.580772">
        <ele>112.4</ele>
      </trkpt>
      <trkpt lat="39.111961" lon="-77.58071">
        <ele>112.3</ele>
      </trkpt>
      <trkpt lat="39.111977" lon="-77.580643">
        <ele>112.3</ele>
      </trkpt>
      <trkpt lat="39.111996" lon="-77.580574">
        <ele>112.2</ele>
      </trkpt>
      <trkpt lat="39.112011" lon="-77.580505">
        <ele>112.2</ele>
      </trkpt>
      <trkpt lat="39.11203" lon="-77.580437">
        <ele>112.1</ele>
      </trkpt>
      <trkpt lat="39.112045" lon="-77.580368">
        <ele>112.1</ele>
      </trkpt>
      <trkpt lat="39.112061" lon="-77.580307">
        <ele>112.1</ele>
      </trkpt>
      <trkpt lat="39.112076" lon="-77.580246">
        <ele>112.1</ele>
      </trkpt>
      <trkpt lat="39.112099" lon="-77.580185">
        <ele>112.0</ele>
      </trkpt>
      <trkpt lat="39.112114" lon="-77.580124">
        <ele>112.0</ele>
      </trkpt>
      <trkpt lat="39.112133" lon="-77.580063">
        <ele>112.0</ele>
      </trkpt>
      <trkpt lat="39.112156" lon="-77.580001">
        <ele>111.9</ele>
      </trkpt>
      <trkpt lat="39.112175" lon="-77.579941">
        <ele>111.8</ele>
      </trkpt>
      <trkpt lat="39.112194" lon="-77.57988">
        <ele>111.8</ele>
      </trkpt>
      <trkpt lat="39.112209" lon="-77.579819">
        <ele>111.7</ele>
      </trkpt>
      <trkpt lat="39.112225" lon="-77.57975">
        <ele>111.6</ele>
      </trkpt>
      <trkpt lat="39.11224" lon="-77.579689">
        <ele>111.5</ele>
      </trkpt>
      <trkpt lat="39.112255" lon="-77.579628">
        <ele>111.4</ele>
      </trkpt>
      <trkpt lat="39.112274" lon="-77.579567">
        <ele>111.2</ele>
      </trkpt>
      <trkpt lat="39.112288" lon="-77.579506">
        <ele>111.1</ele>
      </trkpt>
      <trkpt lat="39.112309" lon="-77.579445">
        <ele>110.9</ele>
      </trkpt>
      <trkpt lat="39.112324" lon="-77.579391">
        <ele>110.8</ele>
      </trkpt>
      <trkpt lat="39.112339" lon="-77.57933">
        <ele>110.8</ele>
      </trkpt>
      <trkpt lat="39.11235" lon="-77.579269">
        <ele>110.8</ele>
      </trkpt>
      <trkpt lat="39.112362" lon="-77.579216">
        <ele>110.7</ele>
      </trkpt>
      <trkpt lat="39.112373" lon="-77.579163">
        <ele>110.7</ele>
      </trkpt>
      <trkpt lat="39.112385" lon="-77.579109">
        <ele>110.7</ele>
      </trkpt>
      <trkpt lat="39.1124" lon="-77.579056">
        <ele>110.7</ele>
      </trkpt>
      <trkpt lat="39.112411" lon="-77.579002">
        <ele>110.7</ele>
      </trkpt>
      <trkpt lat="39.112426" lon="-77.578941">
        <ele>110.6</ele>
      </trkpt>
      <trkpt lat="39.112442" lon="-77.578888">
        <ele>110.6</ele>
      </trkpt>
      <trkpt lat="39.112453" lon="-77.578835">
        <ele>110.5</ele>
      </trkpt>
      <trkpt lat="39.112469" lon="-77.578789">
        <ele>110.5</ele>
      </trkpt>
      <trkpt lat="39.11248" lon="-77.578743">
        <ele>110.4</ele>
      </trkpt>
      <trkpt lat="39.112488" lon="-77.578712">
        <ele>110.4</ele>
      </trkpt>
      <trkpt lat="39.112499" lon="-77.578674">
        <ele>110.3</ele>
      </trkpt>
      <trkpt lat="39.112511" lon="-77.57865">
        <ele>110.3</ele>
      </trkpt>
      <trkpt lat="39.112514" lon="-77.578629">
        <ele>110.3</ele>
      </trkpt>
      <trkpt lat="39.112522" lon="-77.578598">
        <ele>110.2</ele>
      </trkpt>
      <trkpt lat="39.11253" lon="-77.578575">
        <ele>110.2</ele>
      </trkpt>
      <trkpt lat="39.112533" lon="-77.578545">
        <ele>110.2</ele>
      </trkpt>
      <trkpt lat="39.112545" lon="-77.578506">
        <ele>110.1</ele>
      </trkpt>
      <trkpt lat="39.11256" lon="-77.578468">
        <ele>110.0</ele>
      </trkpt>
      <trkpt lat="39.112576" lon="-77.578423">
        <ele>109.9</ele>
      </trkpt>
      <trkpt lat="39.112587" lon="-77.578369">
        <ele>109.9</ele>
      </trkpt>
      <trkpt lat="39.112602" lon="-77.578308">
        <ele>109.8</ele>
      </trkpt>
      <trkpt lat="39.112614" lon="-77.578247">
        <ele>109.8</ele>
      </trkpt>
      <trkpt lat="39.112621" lon="-77.578194">
        <ele>109.8</ele>
      </trkpt>
      <trkpt lat="39.112629" lon="-77.57814">
        <ele>109.7</ele>
      </trkpt>
      <trkpt lat="39.112644" lon="-77.578079">
        <ele>109.7</ele>
      </trkpt>
      <trkpt lat="39.112656" lon="-77.578018">
        <ele>109.6</ele>
      </trkpt>
      <trkpt lat="39.112667" lon="-77.577965">
        <ele>109.5</ele>
      </trkpt>
      <trkpt lat="39.112679" lon="-77.577911">
        <ele>109.4</ele>
      </trkpt>
      <trkpt lat="39.11269" lon="-77.577866">
        <ele>109.2</ele>
      </trkpt>
      <trkpt lat="39.112705" lon="-77.577812">
        <ele>109.0</ele>
      </trkpt>
      <trkpt lat="39.11272" lon="-77.577759">
        <ele>108.8</ele>
      </trkpt>
      <trkpt lat="39.112736" lon="-77.577705">
        <ele>108.7</ele>
      </trkpt>
      <trkpt lat="39.112747" lon="-77.577652">
        <ele>108.6</ele>
      </trkpt>
      <trkpt lat="39.112758" lon="-77.577599">
        <ele>108.5</ele>
      </trkpt>
      <trkpt lat="39.11277" lon="-77.577545">
        <ele>108.4</ele>
      </trkpt>
      <trkpt lat="39.112782" lon="-77.577492">
        <ele>108.3</ele>
      </trkpt>
      <trkpt lat="39.112793" lon="-77.577438">
        <ele>108.2</ele>
      </trkpt>
      <trkpt lat="39.112808" lon="-77.577385">
        <ele>108.1</ele>
      </trkpt>
      <trkpt lat="39.112823" lon="-77.577332">
        <ele>108.0</ele>
      </trkpt>
      <trkpt lat="39.112843" lon="-77.577271">
        <ele>107.8</ele>
      </trkpt>
      <trkpt lat="39.112854" lon="-77.577225">
        <ele>107.8</ele>
      </trkpt>
      <trkpt lat="39.112869" lon="-77.577164">
        <ele>107.6</ele>
      </trkpt>
      <trkpt lat="39.112885" lon="-77.57711">
        <ele>107.5</ele>
      </trkpt>
      <trkpt lat="39.1129" lon="-77.577057">
        <ele>107.4</ele>
      </trkpt>
      <trkpt lat="39.112915" lon="-77.576996">
        <ele>107.3</ele>
      </trkpt>
      <trkpt lat="39.112934" lon="-77.576935">
        <ele>107.2</ele>
      </trkpt>
      <trkpt lat="39.112949" lon="-77.576874">
        <ele>107.1</ele>
      </trkpt>
      <trkpt lat="39.112965" lon="-77.576813">
        <ele>107.0</ele>
      </trkpt>
      <trkpt lat="39.11298" lon="-77.576759">
        <ele>106.9</ele>
      </trkpt>
      <trkpt lat="39.112991" lon="-77.576706">
        <ele>106.9</ele>
      </trkpt>
      <trkpt lat="39.113007" lon="-77.576645">
        <ele>106.8</ele>
      </trkpt>
      <trkpt lat="39.113022" lon="-77.57659">
        <ele>106.7</ele>
      </trkpt>
      <trkpt lat="39.113041" lon="-77.57653">
        <ele>106.6</ele>
      </trkpt>
      <trkpt lat="39.113056" lon="-77.576469">
        <ele>106.6</ele>
      </trkpt>
      <trkpt lat="39.113071" lon="-77.576408">
        <ele>106.5</ele>
      </trkpt>
      <trkpt lat="39.113083" lon="-77.576355">
        <ele>106.5</ele>
      </trkpt>
      <trkpt lat="39.113098" lon="-77.576294">
        <ele>106.4</ele>
      </trkpt>
      <trkpt lat="39.11311" lon="-77.576233">
        <ele>106.4</ele>
      </trkpt>
      <trkpt lat="39.113124" lon="-77.576172">
        <ele>106.4</ele>
      </trkpt>
      <trkpt lat="39.113136" lon="-77.576111">
        <ele>106.3</ele>
      </trkpt>
      <trkpt lat="39.113152" lon="-77.576057">
        <ele>106.1</ele>
      </trkpt>
      <trkpt lat="39.113163" lon="-77.575996">
        <ele>105.9</ele>
      </trkpt>
      <trkpt lat="39.113174" lon="-77.575935">
        <ele>105.7</ele>
      </trkpt>
      <trkpt lat="39.113186" lon="-77.575874">
        <ele>105.6</ele>
      </trkpt>
      <trkpt lat="39.113197" lon="-77.575813">
        <ele>105.5</ele>
      </trkpt>
      <trkpt lat="39.113209" lon="-77.575752">
        <ele>105.4</ele>
      </trkpt>
      <trkpt lat="39.113224" lon="-77.575691">
        <ele>105.3</ele>
      </trkpt>
      <trkpt lat="39.113239" lon="-77.57563">
        <ele>105.2</ele>
      </trkpt>
      <trkpt lat="39.113251" lon="-77.575569">
        <ele>105.1</ele>
      </trkpt>
      <trkpt lat="39.113258" lon="-77.575515">
        <ele>105.1</ele>
      </trkpt>
      <trkpt lat="39.11327" lon="-77.575455">
        <ele>105.1</ele>
      </trkpt>
      <trkpt lat="39.113276" lon="-77.575401">
        <ele>105.1</ele>
      </trkpt>
      <trkpt lat="39.113289" lon="-77.57534">
        <ele>105.0</ele>
      </trkpt>
      <trkpt lat="39.113297" lon="-77.575287">
        <ele>105.0</ele>
      </trkpt>
      <trkpt lat="39.113304" lon="-77.575233">
        <ele>104.9</ele>
      </trkpt>
      <trkpt lat="39.113312" lon="-77.575172">
        <ele>104.9</ele>
      </trkpt>
      <trkpt lat="39.113319" lon="-77.575119">
        <ele>104.8</ele>
      </trkpt>
      <trkpt lat="39.113323" lon="-77.575066">
        <ele>104.8</ele>
      </trkpt>
      <trkpt lat="39.113327" lon="-77.575005">
        <ele>104.8</ele>
      </trkpt>
      <trkpt lat="39.113335" lon="-77.574944">
        <ele>104.7</ele>
      </trkpt>
      <trkpt lat="39.113346" lon="-77.57489">
        <ele>104.6</ele>
      </trkpt>
      <trkpt lat="39.113349" lon="-77.574828">
        <ele>104.5</ele>
      </trkpt>
      <trkpt lat="39.113358" lon="-77.574768">
        <ele>104.4</ele>
      </trkpt>
      <trkpt lat="39.113361" lon="-77.574715">
        <ele>104.4</ele>
      </trkpt>
      <trkpt lat="39.113365" lon="-77.574661">
        <ele>104.3</ele>
      </trkpt>
      <trkpt lat="39.113377" lon="-77.574615">
        <ele>104.2</ele>
      </trkpt>
      <trkpt lat="39.113388" lon="-77.57457">
        <ele>104.1</ele>
      </trkpt>
      <trkpt lat="39.1134" lon="-77.574524">
        <ele>104.0</ele>
      </trkpt>
      <trkpt lat="39.113407" lon="-77.574485">
        <ele>104.0</ele>
      </trkpt>
      <trkpt lat="39.113407" lon="-77.574448">
        <ele>103.9</ele>
      </trkpt>
      <trkpt lat="39.113411" lon="-77.574417">
        <ele>103.9</ele>
      </trkpt>
      <trkpt lat="39.113411" lon="-77.574387">
        <ele>103.9</ele>
      </trkpt>
      <trkpt lat="39.113411" lon="-77.574348">
        <ele>103.8</ele>
      </trkpt>
      <trkpt lat="39.113415" lon="-77.574318">
        <ele>103.8</ele>
      </trkpt>
      <trkpt lat="39.113415" lon="-77.574287">
        <ele>103.7</ele>
      </trkpt>
      <trkpt lat="39.113419" lon="-77.574249">
        <ele>103.7</ele>
      </trkpt>
      <trkpt lat="39.113422" lon="-77.574211">
        <ele>103.6</ele>
      </trkpt>
      <trkpt lat="39.113425" lon="-77.574164">
        <ele>103.5</ele>
      </trkpt>
      <trkpt lat="39.11343" lon="-77.574119">
        <ele>103.5</ele>
      </trkpt>
      <trkpt lat="39.11343" lon="-77.574074">
        <ele>103.5</ele>
      </trkpt>
      <trkpt lat="39.113434" lon="-77.574028">
        <ele>103.4</ele>
      </trkpt>
      <trkpt lat="39.113434" lon="-77.573975">
        <ele>103.4</ele>
      </trkpt>
      <trkpt lat="39.113438" lon="-77.573914">
        <ele>103.4</ele>
      </trkpt>
      <trkpt lat="39.113445" lon="-77.573853">
        <ele>103.4</ele>
      </trkpt>
      <trkpt lat="39.113449" lon="-77.573798">
        <ele>103.3</ele>
      </trkpt>
      <trkpt lat="39.113453" lon="-77.573738">
        <ele>103.3</ele>
      </trkpt>
      <trkpt lat="39.113456" lon="-77.573677">
        <ele>103.2</ele>
      </trkpt>
      <trkpt lat="39.113461" lon="-77.573616">
        <ele>103.2</ele>
      </trkpt>
      <trkpt lat="39.113464" lon="-77.573562">
        <ele>103.1</ele>
      </trkpt>
      <trkpt lat="39.113472" lon="-77.573502">
        <ele>103.1</ele>
      </trkpt>
      <trkpt lat="39.113476" lon="-77.573441">
        <ele>103.0</ele>
      </trkpt>
      <trkpt lat="39.113476" lon="-77.573372">
        <ele>103.1</ele>
      </trkpt>
      <trkpt lat="39.113476" lon="-77.573311">
        <ele>103.1</ele>
      </trkpt>
      <trkpt lat="39.11348" lon="-77.57325">
        <ele>102.9</ele>
      </trkpt>
      <trkpt lat="39.11348" lon="-77.573181">
        <ele>102.7</ele>
      </trkpt>
      <trkpt lat="39.113483" lon="-77.57312">
        <ele>102.5</ele>
      </trkpt>
      <trkpt lat="39.113483" lon="-77.573051">
        <ele>102.3</ele>
      </trkpt>
      <trkpt lat="39.113483" lon="-77.572982">
        <ele>102.2</ele>
      </trkpt>
      <trkpt lat="39.11348" lon="-77.572914">
        <ele>102.1</ele>
      </trkpt>
      <trkpt lat="39.11348" lon="-77.572845">
        <ele>102.0</ele>
      </trkpt>
      <trkpt lat="39.113476" lon="-77.572784">
        <ele>102.0</ele>
      </trkpt>
      <trkpt lat="39.113476" lon="-77.572716">
        <ele>101.9</ele>
      </trkpt>
      <trkpt lat="39.113476" lon="-77.572647">
        <ele>101.8</ele>
      </trkpt>
      <trkpt lat="39.113476" lon="-77.572586">
        <ele>101.7</ele>
      </trkpt>
      <trkpt lat="39.113472" lon="-77.572517">
        <ele>101.7</ele>
      </trkpt>
      <trkpt lat="39.113468" lon="-77.572449">
        <ele>101.6</ele>
      </trkpt>
      <trkpt lat="39.113468" lon="-77.57238">
        <ele>101.5</ele>
      </trkpt>
      <trkpt lat="39.113464" lon="-77.572311">
        <ele>101.5</ele>
      </trkpt>
      <trkpt lat="39.113461" lon="-77.57225">
        <ele>101.4</ele>
      </trkpt>
      <trkpt lat="39.113456" lon="-77.572182">
        <ele>101.3</ele>
      </trkpt>
      <trkpt lat="39.113453" lon="-77.572121">
        <ele>101.3</ele>
      </trkpt>
      <trkpt lat="39.113449" lon="-77.572052">
        <ele>101.2</ele>
      </trkpt>
      <trkpt lat="39.113449" lon="-77.571991">
        <ele>101.1</ele>
      </trkpt>
      <trkpt lat="39.113453" lon="-77.57193">
        <ele>101.0</ele>
      </trkpt>
      <trkpt lat="39.113453" lon="-77.571869">
        <ele>100.9</ele>
      </trkpt>
      <trkpt lat="39.113456" lon="-77.571808">
        <ele>100.8</ele>
      </trkpt>
      <trkpt lat="39.113453" lon="-77.571747">
        <ele>100.8</ele>
      </trkpt>
      <trkpt lat="39.113445" lon="-77.571686">
        <ele>100.7</ele>
      </trkpt>
      <trkpt lat="39.113441" lon="-77.571617">
        <ele>100.6</ele>
      </trkpt>
      <trkpt lat="39.113441" lon="-77.571564">
        <ele>100.5</ele>
      </trkpt>
      <trkpt lat="39.113441" lon="-77.571503">
        <ele>100.4</ele>
      </trkpt>
      <trkpt lat="39.113434" lon="-77.571442">
        <ele>100.3</ele>
      </trkpt>
      <trkpt lat="39.11343" lon="-77.571388">
        <ele>100.3</ele>
      </trkpt>
      <trkpt lat="39.11343" lon="-77.571342">
        <ele>100.2</ele>
      </trkpt>
      <trkpt lat="39.113425" lon="-77.571297">
        <ele>100.2</ele>
      </trkpt>
      <trkpt lat="39.113419" lon="-77.571251">
        <ele>100.2</ele>
      </trkpt>
      <trkpt lat="39.113411" lon="-77.571198">
        <ele>100.2</ele>
      </trkpt>
      <trkpt lat="39.113403" lon="-77.571136">
        <ele>100.2</ele>
      </trkpt>
      <trkpt lat="39.113396" lon="-77.571083">
        <ele>100.2</ele>
      </trkpt>
      <trkpt lat="39.113384" lon="-77.571022">
        <ele>100.2</ele>
      </trkpt>
      <trkpt lat="39.113377" lon="-77.570961">
        <ele>100.2</ele>
      </trkpt>
      <trkpt lat="39.113365" lon="-77.5709">
        <ele>100.2</ele>
      </trkpt>
      <trkpt lat="39.113358" lon="-77.570839">
        <ele>100.2</ele>
      </trkpt>
      <trkpt lat="39.113349" lon="-77.57077">
        <ele>100.3</ele>
      </trkpt>
      <trkpt lat="39.113342" lon="-77.570708">
        <ele>100.3</ele>
      </trkpt>
      <trkpt lat="39.113335" lon="-77.570641">
        <ele>100.3</ele>
      </trkpt>
      <trkpt lat="39.113327" lon="-77.57058">
        <ele>100.2</ele>
      </trkpt>
      <trkpt lat="39.113316" lon="-77.570511">
        <ele>100.1</ele>
      </trkpt>
      <trkpt lat="39.113308" lon="-77.570449">
        <ele>100.0</ele>
      </trkpt>
      <trkpt lat="39.113304" lon="-77.570389">
        <ele>100.0</ele>
      </trkpt>
      <trkpt lat="39.113297" lon="-77.57032">
        <ele>99.9</ele>
      </trkpt>
      <trkpt lat="39.113289" lon="-77.570258">
        <ele>99.9</ele>
      </trkpt>
      <trkpt lat="39.113276" lon="-77.570198">
        <ele>99.8</ele>
      </trkpt>
      <trkpt lat="39.113266" lon="-77.570129">
        <ele>99.8</ele>
      </trkpt>
      <trkpt lat="39.113258" lon="-77.570068">
        <ele>99.7</ele>
      </trkpt>
      <trkpt lat="39.113251" lon="-77.570007">
        <ele>99.5</ele>
      </trkpt>
      <trkpt lat="39.113239" lon="-77.569939">
        <ele>99.4</ele>
      </trkpt>
      <trkpt lat="39.113228" lon="-77.569878">
        <ele>99.3</ele>
      </trkpt>
      <trkpt lat="39.113216" lon="-77.569809">
        <ele>99.1</ele>
      </trkpt>
      <trkpt lat="39.113205" lon="-77.56974">
        <ele>98.6</ele>
      </trkpt>
      <trkpt lat="39.113194" lon="-77.569678">
        <ele>98.2</ele>
      </trkpt>
      <trkpt lat="39.113182" lon="-77.569611">
        <ele>97.9</ele>
      </trkpt>
      <trkpt lat="39.113171" lon="-77.56955">
        <ele>97.7</ele>
      </trkpt>
      <trkpt lat="39.113159" lon="-77.569489">
        <ele>97.6</ele>
      </trkpt>
      <trkpt lat="39.113148" lon="-77.569427">
        <ele>97.5</ele>
      </trkpt>
      <trkpt lat="39.113132" lon="-77.569366">
        <ele>97.4</ele>
      </trkpt>
      <trkpt lat="39.113117" lon="-77.569305">
        <ele>97.4</ele>
      </trkpt>
      <trkpt lat="39.113106" lon="-77.569244">
        <ele>97.3</ele>
      </trkpt>
      <trkpt lat="39.113091" lon="-77.569183">
        <ele>97.2</ele>
      </trkpt>
      <trkpt lat="39.113075" lon="-77.569121">
        <ele>97.2</ele>
      </trkpt>
      <trkpt lat="39.113056" lon="-77.569061">
        <ele>97.1</ele>
      </trkpt>
      <trkpt lat="39.113041" lon="-77.569">
        <ele>97.1</ele>
      </trkpt>
      <trkpt lat="39.113026" lon="-77.568939">
        <ele>97.1</ele>
      </trkpt>
      <trkpt lat="39.11301" lon="-77.568878">
        <ele>97.0</ele>
      </trkpt>
      <trkpt lat="39.112999" lon="-77.568817">
        <ele>97.0</ele>
      </trkpt>
      <trkpt lat="39.112984" lon="-77.568755">
        <ele>97.0</ele>
      </trkpt>
      <trkpt lat="39.112968" lon="-77.568695">
        <ele>96.9</ele>
      </trkpt>
      <trkpt lat="39.112949" lon="-77.568634">
        <ele>96.9</ele>
      </trkpt>
      <trkpt lat="39.112934" lon="-77.568573">
        <ele>96.9</ele>
      </trkpt>
      <trkpt lat="39.112919" lon="-77.568512">
        <ele>96.8</ele>
      </trkpt>
      <trkpt lat="39.112896" lon="-77.568451">
        <ele>96.9</ele>
      </trkpt>
      <trkpt lat="39.112873" lon="-77.568389">
        <ele>96.9</ele>
      </trkpt>
      <trkpt lat="39.11285" lon="-77.568336">
        <ele>96.8</ele>
      </trkpt>
      <trkpt lat="39.112831" lon="-77.568275">
        <ele>96.8</ele>
      </trkpt>
      <trkpt lat="39.112816" lon="-77.568214">
        <ele>96.8</ele>
      </trkpt>
      <trkpt lat="39.112801" lon="-77.568153">
        <ele>96.8</ele>
      </trkpt>
      <trkpt lat="39.112785" lon="-77.568091">
        <ele>96.8</ele>
      </trkpt>
      <trkpt lat="39.112761" lon="-77.568031">
        <ele>96.8</ele>
      </trkpt>
      <trkpt lat="39.112743" lon="-77.567978">
        <ele>96.7</ele>
      </trkpt>
      <trkpt lat="39.112728" lon="-77.567917">
        <ele>96.7</ele>
      </trkpt>
      <trkpt lat="39.112713" lon="-77.567856">
        <ele>96.7</ele>
      </trkpt>
      <trkpt lat="39.112694" lon="-77.567802">
        <ele>96.7</ele>
      </trkpt>
      <trkpt lat="39.112675" lon="-77.567741">
        <ele>96.6</ele>
      </trkpt>
      <trkpt lat="39.112656" lon="-77.567688">
        <ele>96.6</ele>
      </trkpt>
      <trkpt lat="39.112637" lon="-77.567627">
        <ele>96.6</ele>
      </trkpt>
      <trkpt lat="39.112617" lon="-77.567566">
        <ele>96.7</ele>
      </trkpt>
      <trkpt lat="39.112598" lon="-77.567513">
        <ele>96.7</ele>
      </trkpt>
      <trkpt lat="39.112578" lon="-77.567451">
        <ele>96.7</ele>
      </trkpt>
      <trkpt lat="39.11256" lon="-77.56739">
        <ele>96.7</ele>
      </trkpt>
      <trkpt lat="39.112541" lon="-77.567322">
        <ele>96.6</ele>
      </trkpt>
      <trkpt lat="39.112526" lon="-77.567261">
        <ele>96.6</ele>
      </trkpt>
      <trkpt lat="39.112507" lon="-77.5672">
        <ele>96.5</ele>
      </trkpt>
      <trkpt lat="39.112488" lon="-77.567139">
        <ele>96.4</ele>
      </trkpt>
      <trkpt lat="39.112465" lon="-77.567078">
        <ele>96.2</ele>
      </trkpt>
      <trkpt lat="39.112438" lon="-77.567017">
        <ele>96.0</ele>
      </trkpt>
      <trkpt lat="39.112415" lon="-77.566963">
        <ele>95.9</ele>
      </trkpt>
      <trkpt lat="39.112392" lon="-77.566902">
        <ele>95.8</ele>
      </trkpt>
      <trkpt lat="39.11237" lon="-77.566849">
        <ele>95.8</ele>
      </trkpt>
      <trkpt lat="39.112347" lon="-77.566788">
        <ele>95.7</ele>
      </trkpt>
      <trkpt lat="39.112324" lon="-77.566727">
        <ele>95.7</ele>
      </trkpt>
      <trkpt lat="39.112301" lon="-77.566673">
        <ele>95.6</ele>
      </trkpt>
      <trkpt lat="39.112278" lon="-77.566628">
        <ele>95.7</ele>
      </trkpt>
      <trkpt lat="39.112255" lon="-77.566574">
        <ele>95.6</ele>
      </trkpt>
      <trkpt lat="39.112228" lon="-77.566521">
        <ele>95.5</ele>
      </trkpt>
      <trkpt lat="39.112206" lon="-77.566467">
        <ele>95.5</ele>
      </trkpt>
      <trkpt lat="39.112183" lon="-77.566414">
        <ele>95.5</ele>
      </trkpt>
      <trkpt lat="39.11216" lon="-77.566376">
        <ele>95.4</ele>
      </trkpt>
      <trkpt lat="39.112133" lon="-77.566338">
        <ele>95.3</ele>
      </trkpt>
      <trkpt lat="39.112106" lon="-77.566299">
        <ele>95.3</ele>
      </trkpt>
      <trkpt lat="39.112083" lon="-77.566261">
        <ele>95.2</ele>
      </trkpt>
      <trkpt lat="39.112057" lon="-77.566231">
        <ele>95.1</ele>
      </trkpt>
      <trkpt lat="39.11203" lon="-77.566193">
        <ele>95.0</ele>
      </trkpt>
      <trkpt lat="39.112007" lon="-77.566162">
        <ele>95.0</ele>
      </trkpt>
      <trkpt lat="39.111992" lon="-77.566132">
        <ele>95.0</ele>
      </trkpt>
      <trkpt lat="39.11198" lon="-77.566101">
        <ele>94.9</ele>
      </trkpt>
      <trkpt lat="39.111977" lon="-77.566078">
        <ele>94.8</ele>
      </trkpt>
      <trkpt lat="39.111973" lon="-77.56607">
        <ele>94.8</ele>
      </trkpt>
      <trkpt lat="39.111969" lon="-77.566063">
        <ele>94.8</ele>
      </trkpt>
      <trkpt lat="39.111965" lon="-77.566048">
        <ele>94.8</ele>
      </trkpt>
      <trkpt lat="39.111958" lon="-77.566032">
        <ele>94.7</ele>
      </trkpt>
      <trkpt lat="39.11195" lon="-77.566017">
        <ele>94.6</ele>
      </trkpt>
      <trkpt lat="39.111935" lon="-77.565979">
        <ele>94.8</ele>
      </trkpt>
      <trkpt lat="39.111919" lon="-77.565948">
        <ele>94.9</ele>
      </trkpt>
      <trkpt lat="39.1119" lon="-77.565903">
        <ele>95.0</ele>
      </trkpt>
      <trkpt lat="39.111874" lon="-77.565857">
        <ele>95.0</ele>
      </trkpt>
      <trkpt lat="39.111847" lon="-77.565804">
        <ele>95.0</ele>
      </trkpt>
      <trkpt lat="39.11182" lon="-77.565758">
        <ele>95.1</ele>
      </trkpt>
      <trkpt lat="39.111794" lon="-77.565712">
        <ele>95.2</ele>
      </trkpt>
      <trkpt lat="39.111767" lon="-77.565659">
        <ele>95.1</ele>
      </trkpt>
      <trkpt lat="39.111744" lon="-77.565613">
        <ele>95.1</ele>
      </trkpt>
      <trkpt lat="39.111713" lon="-77.565567">
        <ele>95.3</ele>
      </trkpt>
      <trkpt lat="39.111687" lon="-77.565513">
        <ele>95.2</ele>
      </trkpt>
      <trkpt lat="39.11166" lon="-77.56546">
        <ele>95.1</ele>
      </trkpt>
      <trkpt lat="39.111629" lon="-77.565399">
        <ele>95.0</ele>
      </trkpt>
      <trkpt lat="39.111603" lon="-77.565346">
        <ele>94.9</ele>
      </trkpt>
      <trkpt lat="39.111579" lon="-77.565299">
        <ele>94.8</ele>
      </trkpt>
      <trkpt lat="39.111553" lon="-77.565247">
        <ele>94.7</ele>
      </trkpt>
      <trkpt lat="39.111526" lon="-77.565186">
        <ele>94.5</ele>
      </trkpt>
      <trkpt lat="39.1115" lon="-77.565132">
        <ele>94.3</ele>
      </trkpt>
      <trkpt lat="39.111472" lon="-77.565071">
        <ele>94.1</ele>
      </trkpt>
      <trkpt lat="39.11145" lon="-77.565018">
        <ele>94.0</ele>
      </trkpt>
      <trkpt lat="39.111431" lon="-77.564957">
        <ele>93.9</ele>
      </trkpt>
      <trkpt lat="39.111408" lon="-77.564896">
        <ele>93.9</ele>
      </trkpt>
      <trkpt lat="39.111389" lon="-77.564835">
        <ele>93.8</ele>
      </trkpt>
      <trkpt lat="39.111378" lon="-77.564774">
        <ele>93.8</ele>
      </trkpt>
      <trkpt lat="39.111365" lon="-77.56472">
        <ele>93.7</ele>
      </trkpt>
      <trkpt lat="39.111351" lon="-77.564659">
        <ele>93.8</ele>
      </trkpt>
      <trkpt lat="39.111328" lon="-77.564598">
        <ele>93.9</ele>
      </trkpt>
      <trkpt lat="39.111298" lon="-77.564537">
        <ele>94.0</ele>
      </trkpt>
      <trkpt lat="39.111271" lon="-77.564483">
        <ele>94.1</ele>
      </trkpt>
      <trkpt lat="39.11124" lon="-77.56443">
        <ele>94.2</ele>
      </trkpt>
      <trkpt lat="39.111213" lon="-77.564376">
        <ele>94.3</ele>
      </trkpt>
      <trkpt lat="39.111182" lon="-77.564323">
        <ele>94.3</ele>
      </trkpt>
      <trkpt lat="39.111153" lon="-77.564269">
        <ele>94.3</ele>
      </trkpt>
      <trkpt lat="39.111126" lon="-77.564217">
        <ele>94.3</ele>
      </trkpt>
      <trkpt lat="39.111099" lon="-77.564156">
        <ele>94.4</ele>
      </trkpt>
      <trkpt lat="39.111076" lon="-77.56411">
        <ele>94.4</ele>
      </trkpt>
      <trkpt lat="39.11105" lon="-77.564049">
        <ele>94.5</ele>
      </trkpt>
      <trkpt lat="39.111027" lon="-77.563995">
        <ele>94.5</ele>
      </trkpt>
      <trkpt lat="39.111008" lon="-77.563942">
        <ele>94.5</ele>
      </trkpt>
      <trkpt lat="39.110985" lon="-77.563889">
        <ele>94.6</ele>
      </trkpt>
      <trkpt lat="39.110962" lon="-77.563835">
        <ele>94.6</ele>
      </trkpt>
      <trkpt lat="39.110935" lon="-77.563782">
        <ele>94.6</ele>
      </trkpt>
      <trkpt lat="39.110909" lon="-77.563736">
        <ele>94.6</ele>
      </trkpt>
      <trkpt lat="39.110878" lon="-77.563689">
        <ele>94.6</ele>
      </trkpt>
      <trkpt lat="39.110844" lon="-77.563652">
        <ele>94.6</ele>
      </trkpt>
      <trkpt lat="39.110809" lon="-77.563622">
        <ele>94.6</ele>
      </trkpt>
      <trkpt lat="39.110771" lon="-77.563599">
        <ele>94.5</ele>
      </trkpt>
      <trkpt lat="39.110725" lon="-77.563583">
        <ele>94.4</ele>
      </trkpt>
      <trkpt lat="39.11068" lon="-77.563568">
        <ele>94.3</ele>
      </trkpt>
      <trkpt lat="39.110634" lon="-77.563545">
        <ele>94.2</ele>
      </trkpt>
      <trkpt lat="39.110591" lon="-77.563522">
        <ele>94.1</ele>
      </trkpt>
      <trkpt lat="39.110554" lon="-77.563492">
        <ele>94.1</ele>
      </trkpt>
      <trkpt lat="39.110515" lon="-77.563461">
        <ele>94.0</ele>
      </trkpt>
      <trkpt lat="39.110485" lon="-77.563423">
        <ele>94.0</ele>
      </trkpt>
      <trkpt lat="39.110458" lon="-77.563385">
        <ele>94.0</ele>
      </trkpt>
      <trkpt lat="39.110439" lon="-77.563339">
        <ele>94.0</ele>
      </trkpt>
      <trkpt lat="39.110435" lon="-77.563286">
        <ele>94.1</ele>
      </trkpt>
      <trkpt lat="39.110462" lon="-77.563248">
        <ele>94.3</ele>
      </trkpt>
      <trkpt lat="39.110512" lon="-77.563225">
        <ele>94.5</ele>
      </trkpt>
      <trkpt lat="39.110573" lon="-77.563232">
        <ele>94.7</ele>
      </trkpt>
      <trkpt lat="39.110641" lon="-77.563263">
        <ele>94.9</ele>
      </trkpt>
      <trkpt lat="39.11071" lon="-77.563286">
        <ele>95.1</ele>
      </trkpt>
      <trkpt lat="39.110779" lon="-77.563293">
        <ele>95.3</ele>
      </trkpt>
      <trkpt lat="39.11085" lon="-77.563301">
        <ele>95.5</ele>
      </trkpt>
      <trkpt lat="39.110928" lon="-77.563301">
        <ele>95.8</ele>
      </trkpt>
      <trkpt lat="39.111" lon="-77.563301">
        <ele>96.1</ele>
      </trkpt>
      <trkpt lat="39.11108" lon="-77.563278">
        <ele>96.4</ele>
      </trkpt>
      <trkpt lat="39.111156" lon="-77.563255">
        <ele>96.5</ele>
      </trkpt>
      <trkpt lat="39.111225" lon="-77.563239">
        <ele>96.6</ele>
      </trkpt>
      <trkpt lat="39.111298" lon="-77.56321">
        <ele>96.7</ele>
      </trkpt>
      <trkpt lat="39.11137" lon="-77.563179">
        <ele>96.7</ele>
      </trkpt>
      <trkpt lat="39.111443" lon="-77.563141">
        <ele>96.8</ele>
      </trkpt>
      <trkpt lat="39.111511" lon="-77.56311">
        <ele>96.9</ele>
      </trkpt>
      <trkpt lat="39.111584" lon="-77.56308">
        <ele>97.3</ele>
      </trkpt>
      <trkpt lat="39.111652" lon="-77.563049">
        <ele>97.7</ele>
      </trkpt>
      <trkpt lat="39.111721" lon="-77.563019">
        <ele>98.1</ele>
      </trkpt>
      <trkpt lat="39.11179" lon="-77.562988">
        <ele>98.4</ele>
      </trkpt>
      <trkpt lat="39.111851" lon="-77.562958">
        <ele>98.6</ele>
      </trkpt>
      <trkpt lat="39.111911" lon="-77.562935">
        <ele>98.8</ele>
      </trkpt>
      <trkpt lat="39.111969" lon="-77.562904">
        <ele>98.9</ele>
      </trkpt>
      <trkpt lat="39.112022" lon="-77.562889">
        <ele>98.9</ele>
      </trkpt>
      <trkpt lat="39.112076" lon="-77.562873">
        <ele>98.9</ele>
      </trkpt>
      <trkpt lat="39.112129" lon="-77.562851">
        <ele>99.0</ele>
      </trkpt>
      <trkpt lat="39.112179" lon="-77.562828">
        <ele>99.0</ele>
      </trkpt>
      <trkpt lat="39.112232" lon="-77.562813">
        <ele>99.0</ele>
      </trkpt>
      <trkpt lat="39.112286" lon="-77.56279">
        <ele>99.0</ele>
      </trkpt>
      <trkpt lat="39.112335" lon="-77.562775">
        <ele>98.9</ele>
      </trkpt>
      <trkpt lat="39.112389" lon="-77.562759">
        <ele>98.9</ele>
      </trkpt>
      <trkpt lat="39.112438" lon="-77.562737">
        <ele>98.9</ele>
      </trkpt>
      <trkpt lat="39.112488" lon="-77.562714">
        <ele>98.9</ele>
      </trkpt>
      <trkpt lat="39.112533" lon="-77.562691">
        <ele>98.9</ele>
      </trkpt>
      <trkpt lat="39.112578" lon="-77.562668">
        <ele>98.9</ele>
      </trkpt>
      <trkpt lat="39.112629" lon="-77.562645">
        <ele>98.9</ele>
      </trkpt>
      <trkpt lat="39.112675" lon="-77.562622">
        <ele>98.9</ele>
      </trkpt>
      <trkpt lat="39.11272" lon="-77.562592">
        <ele>98.9</ele>
      </trkpt>
      <trkpt lat="39.112766" lon="-77.562569">
        <ele>98.9</ele>
      </trkpt>
      <trkpt lat="39.112816" lon="-77.562546">
        <ele>98.8</ele>
      </trkpt>
      <trkpt lat="39.112862" lon="-77.562523">
        <ele>98.8</ele>
      </trkpt>
      <trkpt lat="39.112907" lon="-77.5625">
        <ele>98.8</ele>
      </trkpt>
      <trkpt lat="39.112957" lon="-77.562468">
        <ele>98.8</ele>
      </trkpt>
      <trkpt lat="39.113007" lon="-77.562447">
        <ele>98.8</ele>
      </trkpt>
      <trkpt lat="39.113056" lon="-77.562416">
        <ele>98.8</ele>
      </trkpt>
      <trkpt lat="39.113102" lon="-77.562393">
        <ele>98.8</ele>
      </trkpt>
      <trkpt lat="39.113152" lon="-77.56237">
        <ele>98.8</ele>
      </trkpt>
      <trkpt lat="39.113205" lon="-77.56234">
        <ele>98.8</ele>
      </trkpt>
      <trkpt lat="39.113255" lon="-77.562316">
        <ele>98.8</ele>
      </trkpt>
      <trkpt lat="39.113308" lon="-77.562294">
        <ele>98.8</ele>
      </trkpt>
      <trkpt lat="39.113354" lon="-77.562263">
        <ele>98.8</ele>
      </trkpt>
      <trkpt lat="39.113392" lon="-77.562233">
        <ele>98.8</ele>
      </trkpt>
      <trkpt lat="39.113411" lon="-77.562195">
        <ele>98.9</ele>
      </trkpt>
      <trkpt lat="39.113411" lon="-77.562157">
        <ele>99.0</ele>
      </trkpt>
      <trkpt lat="39.113407" lon="-77.562111">
        <ele>99.1</ele>
      </trkpt>
      <trkpt lat="39.113392" lon="-77.562065">
        <ele>99.3</ele>
      </trkpt>
      <trkpt lat="39.11338" lon="-77.562027">
        <ele>99.4</ele>
      </trkpt>
      <trkpt lat="39.113377" lon="-77.561995">
        <ele>99.5</ele>
      </trkpt>
      <trkpt lat="39.11338" lon="-77.561974">
        <ele>99.5</ele>
      </trkpt>
      <trkpt lat="39.113388" lon="-77.561958">
        <ele>99.6</ele>
      </trkpt>
      <trkpt lat="39.113396" lon="-77.561958">
        <ele>99.5</ele>
      </trkpt>
      <trkpt lat="39.113396" lon="-77.56195">
        <ele>99.6</ele>
      </trkpt>
      <trkpt lat="39.113403" lon="-77.561943">
        <ele>99.6</ele>
      </trkpt>
      <trkpt lat="39.113415" lon="-77.561935">
        <ele>99.6</ele>
      </trkpt>
      <trkpt lat="39.113438" lon="-77.56192">
        <ele>99.6</ele>
      </trkpt>
      <trkpt lat="39.113464" lon="-77.561905">
        <ele>99.6</ele>
      </trkpt>
      <trkpt lat="39.113495" lon="-77.56189">
        <ele>99.6</ele>
      </trkpt>
      <trkpt lat="39.113525" lon="-77.561859">
        <ele>99.6</ele>
      </trkpt>
      <trkpt lat="39.113556" lon="-77.561836">
        <ele>99.7</ele>
      </trkpt>
      <trkpt lat="39.11359" lon="-77.561806">
        <ele>99.7</ele>
      </trkpt>
      <trkpt lat="39.113621" lon="-77.561783">
        <ele>99.8</ele>
      </trkpt>
      <trkpt lat="39.113655" lon="-77.56176">
        <ele>99.8</ele>
      </trkpt>
      <trkpt lat="39.113689" lon="-77.561736">
        <ele>99.8</ele>
      </trkpt>
      <trkpt lat="39.113724" lon="-77.561714">
        <ele>99.8</ele>
      </trkpt>
      <trkpt lat="39.113758" lon="-77.561691">
        <ele>99.8</ele>
      </trkpt>
      <trkpt lat="39.113729" lon="-77.56165">
        <ele>100.0</ele>
      </trkpt>
      <trkpt lat="39.11395" lon="-77.56146">
        <ele>99.5</ele>
      </trkpt>
      <trkpt lat="39.114019" lon="-77.56156">
        <ele>99.1</ele>
      </trkpt>
    </trkseg>
  </trk>
</gpx>