<?xml version='1.0' encoding='UTF-8'?>
<gpx xmlns="http://www.topografix.com/GPX/1/1" xmlns:xsi="http://www.w3.org/2001/XMLSchema-instance" creator="RouteMaker reference fixture" version="1.1" xsi:schemaLocation="http://www.topografix.com/GPX/1/1 http://www.topografix.com/GPX/1/1/gpx.xsd">
 <metadata>
  <name>Ride to Annapolis and BWI</name>
  <copyright author="OpenStreetMap contributors">
   <year>2020</year>
   <license>https://www.openstreetmap.org/copyright</license>
  </copyright>
  </metadata>
 <trk>
  <name>Ride to Annapolis and BWI</name>
  <type>cycling</type>
  <trkseg>
   <trkpt lat="38.90879" lon="-77.00193">
    <ele>22.27</ele>
   </trkpt>
   <trkpt lat="38.9086" lon="-77.00185">
    <ele>23.51</ele>
   </trkpt>
   <trkpt lat="38.908840000000005" lon="-77.00171">
    <ele>24.01</ele>
   </trkpt>
   <trkpt lat="38.909090000000006" lon="-77.00202">
    <ele>22.650000000000002</ele>
   </trkpt>
   <trkpt lat="38.90917" lon="-77.00229">
    <ele>21.85</ele>
   </trkpt>
   <trkpt lat="38.90916" lon="-77.00228000000001">
    <ele>22.310000000000002</ele>
   </trkpt>
   <trkpt lat="38.909810001380045" lon="-77.00195250899316">
    <ele>21.68</ele>
   </trkpt>
   <trkpt lat="38.9104600018452" lon="-77.00162501198845">
    <ele>21.68</ele>
   </trkpt>
   <trkpt lat="38.91111000139544" lon="-77.00129750898567">
    <ele>22.26</ele>
   </trkpt>
   <trkpt lat="38.91176" lon="-77.00097000000001">
    <ele>23.35</ele>
   </trkpt>
   <trkpt lat="38.911910000000006" lon="-77.00091">
    <ele>23.44</ele>
   </trkpt>
   <trkpt lat="38.912060000000004" lon="-77.00091">
    <ele>23.919999999999998</ele>
   </trkpt>
   <trkpt lat="38.91252" lon="-77.00116000000001">
    <ele>24.41</ele>
   </trkpt>
   <trkpt lat="38.91255" lon="-77.00116000000001">
    <ele>24.41</ele>
   </trkpt>
   <trkpt lat="38.91328000319243" lon="-77.00077335321694">
    <ele>24.75</ele>
   </trkpt>
   <trkpt lat="38.91401000510959" lon="-77.00038669848006">
    <ele>25.300000000000004</ele>
   </trkpt>
   <trkpt lat="38.914740005751376" lon="-77.000000035789">
    <ele>27.22</ele>
   </trkpt>
   <trkpt lat="38.91547000511776" lon="-76.9996133651434">
    <ele>26.6</ele>
   </trkpt>
   <trkpt lat="38.9162000032087" lon="-76.99922668654294">
    <ele>27.900000000000002</ele>
   </trkpt>
   <trkpt lat="38.91693" lon="-76.99884">
    <ele>28.28</ele>
   </trkpt>
   <trkpt lat="38.91773000313231" lon="-76.99841001940287">
    <ele>28.940000000000005</ele>
   </trkpt>
   <trkpt lat="38.9185300046874" lon="-76.99798002911076">
    <ele>30.28</ele>
   </trkpt>
   <trkpt lat="38.91933000466518" lon="-76.99755002912322">
    <ele>32.050000000000004</ele>
   </trkpt>
   <trkpt lat="38.920130003065594" lon="-76.99712001943978">
    <ele>33.02</ele>
   </trkpt>
   <trkpt lat="38.920930000000006" lon="-76.99669">
    <ele>33.75</ele>
   </trkpt>
   <trkpt lat="38.92125" lon="-76.99642">
    <ele>34.370000000000005</ele>
   </trkpt>
   <trkpt lat="38.92163" lon="-76.99632000000001">
    <ele>34.7</ele>
   </trkpt>
   <trkpt lat="38.921780000000005" lon="-76.99616">
    <ele>35.26</ele>
   </trkpt>
   <trkpt lat="38.92195" lon="-76.99609000000001">
    <ele>35.57</ele>
   </trkpt>
   <trkpt lat="38.92215" lon="-76.99606">
    <ele>35.99</ele>
   </trkpt>
   <trkpt lat="38.92257" lon="-76.99584">
    <ele>36.39000000000001</ele>
   </trkpt>
   <trkpt lat="38.92291" lon="-76.99562">
    <ele>36.94</ele>
   </trkpt>
   <trkpt lat="38.923030000000004" lon="-76.99557">
    <ele>36.94</ele>
   </trkpt>
   <trkpt lat="38.923860000000005" lon="-76.99525000000001">
    <ele>37.71</ele>
   </trkpt>
   <trkpt lat="38.92423" lon="-76.99512">
    <ele>38.24</ele>
   </trkpt>
   <trkpt lat="38.92439" lon="-76.99508">
    <ele>38.470000000000006</ele>
   </trkpt>
   <trkpt lat="38.924530000000004" lon="-76.995">
    <ele>38.470000000000006</ele>
   </trkpt>
   <trkpt lat="38.92513" lon="-76.99485">
    <ele>40.53</ele>
   </trkpt>
   <trkpt lat="38.925630000000005" lon="-76.99481">
    <ele>43.120000000000005</ele>
   </trkpt>
   <trkpt lat="38.92568" lon="-76.99487">
    <ele>43.120000000000005</ele>
   </trkpt>
   <trkpt lat="38.92568" lon="-76.99495">
    <ele>43.22</ele>
   </trkpt>
   <trkpt lat="38.92634" lon="-76.99497000000001">
    <ele>43.04</ele>
   </trkpt>
   <trkpt lat="38.92643" lon="-76.99494">
    <ele>43.04</ele>
   </trkpt>
   <trkpt lat="38.92689500007342" lon="-76.99493500003199">
    <ele>42.57</ele>
   </trkpt>
   <trkpt lat="38.92736" lon="-76.99493000000001">
    <ele>42.61</ele>
   </trkpt>
   <trkpt lat="38.92813500005489" lon="-76.99493999989146">
    <ele>44.300000000000004</ele>
   </trkpt>
   <trkpt lat="38.92891" lon="-76.99495">
    <ele>45.14000000000001</ele>
   </trkpt>
   <trkpt lat="38.92922" lon="-76.99498000000001">
    <ele>45.28</ele>
   </trkpt>
   <trkpt lat="38.9294" lon="-76.99493000000001">
    <ele>45.88</ele>
   </trkpt>
   <trkpt lat="38.92969" lon="-76.99492000000001">
    <ele>46.25000000000001</ele>
   </trkpt>
   <trkpt lat="38.930080000000004" lon="-76.99492000000001">
    <ele>47.220000000000006</ele>
   </trkpt>
   <trkpt lat="38.930330000000005" lon="-76.99495">
    <ele>47.86000000000001</ele>
   </trkpt>
   <trkpt lat="38.93085000000001" lon="-76.99495">
    <ele>48.67</ele>
   </trkpt>
   <trkpt lat="38.93158499993488" lon="-76.99495999989549">
    <ele>50.050000000000004</ele>
   </trkpt>
   <trkpt lat="38.932320000000004" lon="-76.99497000000001">
    <ele>52.86000000000001</ele>
   </trkpt>
   <trkpt lat="38.93234" lon="-76.99405">
    <ele>53.39000000000001</ele>
   </trkpt>
   <trkpt lat="38.93236" lon="-76.9937">
    <ele>51.910000000000004</ele>
   </trkpt>
   <trkpt lat="38.93236" lon="-76.99347">
    <ele>51.49</ele>
   </trkpt>
   <trkpt lat="38.932390000000005" lon="-76.99284">
    <ele>51.010000000000005</ele>
   </trkpt>
   <trkpt lat="38.932410000000004" lon="-76.99273000000001">
    <ele>51.010000000000005</ele>
   </trkpt>
   <trkpt lat="38.93242" lon="-76.99251000000001">
    <ele>51.18</ele>
   </trkpt>
   <trkpt lat="38.93244500150033" lon="-76.99191500044499">
    <ele>52.51</ele>
   </trkpt>
   <trkpt lat="38.93247" lon="-76.99132">
    <ele>55.77</ele>
   </trkpt>
   <trkpt lat="38.93253" lon="-76.991">
    <ele>57.050000000000004</ele>
   </trkpt>
   <trkpt lat="38.933222500048295" lon="-76.99105499838967">
    <ele>54.75000000000001</ele>
   </trkpt>
   <trkpt lat="38.9339150000708" lon="-76.99110999785337">
    <ele>51.78000000000001</ele>
   </trkpt>
   <trkpt lat="38.93460750006749" lon="-76.99116499839116">
    <ele>50.36</ele>
   </trkpt>
   <trkpt lat="38.935300000000005" lon="-76.99122000000001">
    <ele>50.49000000000001</ele>
   </trkpt>
   <trkpt lat="38.93556" lon="-76.99119">
    <ele>50.1</ele>
   </trkpt>
   <trkpt lat="38.936305000234434" lon="-76.99094000263717">
    <ele>46.73</ele>
   </trkpt>
   <trkpt lat="38.937050000000006" lon="-76.99069">
    <ele>41.660000000000004</ele>
   </trkpt>
   <trkpt lat="38.937650000051505" lon="-76.99047500187137">
    <ele>39.75</ele>
   </trkpt>
   <trkpt lat="38.938250000000004" lon="-76.99026">
    <ele>38.53</ele>
   </trkpt>
   <trkpt lat="38.938300000000005" lon="-76.99025">
    <ele>38.53</ele>
   </trkpt>
   <trkpt lat="38.938305003973426" lon="-76.9892849999123">
    <ele>41.71</ele>
   </trkpt>
   <trkpt lat="38.93831" lon="-76.98832">
    <ele>44.28000000000001</ele>
   </trkpt>
   <trkpt lat="38.93898" lon="-76.98831000000001">
    <ele>42.120000000000005</ele>
   </trkpt>
   <trkpt lat="38.93897667185718" lon="-76.98752999983421">
    <ele>41.49</ele>
   </trkpt>
   <trkpt lat="38.938973338523446" lon="-76.98674999974168">
    <ele>41.6</ele>
   </trkpt>
   <trkpt lat="38.938970000000005" lon="-76.98597000000001">
    <ele>41.410000000000004</ele>
   </trkpt>
   <trkpt lat="38.93984500015897" lon="-76.98586000134394">
    <ele>36.160000000000004</ele>
   </trkpt>
   <trkpt lat="38.940720000000006" lon="-76.98575000000001">
    <ele>35.53000000000001</ele>
   </trkpt>
   <trkpt lat="38.94072002814344" lon="-76.9847014285648">
    <ele>34.5</ele>
   </trkpt>
   <trkpt lat="38.94072004690572" lon="-76.9836528571289">
    <ele>34.22</ele>
   </trkpt>
   <trkpt lat="38.940720056286864" lon="-76.98260428569257">
    <ele>32.550000000000004</ele>
   </trkpt>
   <trkpt lat="38.940720056286864" lon="-76.98155571425613">
    <ele>31.200000000000003</ele>
   </trkpt>
   <trkpt lat="38.94072004690573" lon="-76.9805071428198">
    <ele>27.200000000000003</ele>
   </trkpt>
   <trkpt lat="38.94072002814344" lon="-76.9794585713839">
    <ele>24.060000000000002</ele>
   </trkpt>
   <trkpt lat="38.940720000000006" lon="-76.97841000000001">
    <ele>22.820000000000004</ele>
   </trkpt>
   <trkpt lat="38.94075" lon="-76.97832000000001">
    <ele>22.590000000000003</ele>
   </trkpt>
   <trkpt lat="38.94145333331987" lon="-76.97832000000001">
    <ele>21.02</ele>
   </trkpt>
   <trkpt lat="38.942156666639754" lon="-76.97832000000001">
    <ele>21.240000000000002</ele>
   </trkpt>
   <trkpt lat="38.94286" lon="-76.97832000000001">
    <ele>22.2</ele>
   </trkpt>
   <trkpt lat="38.942860013120445" lon="-76.97730750007018">
    <ele>21.240000000000002</ele>
   </trkpt>
   <trkpt lat="38.94286001749391" lon="-76.9762950001401">
    <ele>19.950000000000003</ele>
   </trkpt>
   <trkpt lat="38.94286001312043" lon="-76.97528250021001">
    <ele>18.2</ele>
   </trkpt>
   <trkpt lat="38.94286" lon="-76.97427">
    <ele>17.35</ele>
   </trkpt>
   <trkpt lat="38.942870000000006" lon="-76.97419000000001">
    <ele>17.35</ele>
   </trkpt>
   <trkpt lat="38.94324" lon="-76.97369">
    <ele>17.380000000000003</ele>
   </trkpt>
   <trkpt lat="38.943720001280944" lon="-76.97317500332642">
    <ele>16.05</ele>
   </trkpt>
   <trkpt lat="38.9442" lon="-76.97266">
    <ele>15.13</ele>
   </trkpt>
   <trkpt lat="38.94449" lon="-76.97231000000001">
    <ele>14.780000000000001</ele>
   </trkpt>
   <trkpt lat="38.94474" lon="-76.97198">
    <ele>14.24</ele>
   </trkpt>
   <trkpt lat="38.94507" lon="-76.97133000000001">
    <ele>13.47</ele>
   </trkpt>
   <trkpt lat="38.9453150016927" lon="-76.97070000217873">
    <ele>13.06</ele>
   </trkpt>
   <trkpt lat="38.94556" lon="-76.97007">
    <ele>12.870000000000001</ele>
   </trkpt>
   <trkpt lat="38.94590500380378" lon="-76.96913000448166">
    <ele>13.32</ele>
   </trkpt>
   <trkpt lat="38.946250000000006" lon="-76.96819">
    <ele>12.690000000000001</ele>
   </trkpt>
   <trkpt lat="38.94663500425409" lon="-76.96719500532535">
    <ele>11.8</ele>
   </trkpt>
   <trkpt lat="38.94702" lon="-76.9662">
    <ele>10.910000000000002</ele>
   </trkpt>
   <trkpt lat="38.94735000360801" lon="-76.96527500442484">
    <ele>9.520000000000001</ele>
   </trkpt>
   <trkpt lat="38.947680000000005" lon="-76.96435000000001">
    <ele>8.15</ele>
   </trkpt>
   <trkpt lat="38.947810000000004" lon="-76.96375">
    <ele>7.670000000000001</ele>
   </trkpt>
   <trkpt lat="38.947880000000005" lon="-76.96328000000001">
    <ele>7.540000000000001</ele>
   </trkpt>
   <trkpt lat="38.94796" lon="-76.96229000000001">
    <ele>7.55</ele>
   </trkpt>
   <trkpt lat="38.94874" lon="-76.96233000000001">
    <ele>9.74</ele>
   </trkpt>
   <trkpt lat="38.948780000000006" lon="-76.96208">
    <ele>9.63</ele>
   </trkpt>
   <trkpt lat="38.949090000000005" lon="-76.96113000000001">
    <ele>8.93</ele>
   </trkpt>
   <trkpt lat="38.94926" lon="-76.96066">
    <ele>9.14</ele>
   </trkpt>
   <trkpt lat="38.94939" lon="-76.96047">
    <ele>9.14</ele>
   </trkpt>
   <trkpt lat="38.94959" lon="-76.9603">
    <ele>9.15</ele>
   </trkpt>
   <trkpt lat="38.949740000000006" lon="-76.9603">
    <ele>9.07</ele>
   </trkpt>
   <trkpt lat="38.94993" lon="-76.96047">
    <ele>9.07</ele>
   </trkpt>
   <trkpt lat="38.950210000000006" lon="-76.96087">
    <ele>9.11</ele>
   </trkpt>
   <trkpt lat="38.950410000000005" lon="-76.9611">
    <ele>9.35</ele>
   </trkpt>
   <trkpt lat="38.95051" lon="-76.96119">
    <ele>9.35</ele>
   </trkpt>
   <trkpt lat="38.95069" lon="-76.96132">
    <ele>9.46</ele>
   </trkpt>
   <trkpt lat="38.95118" lon="-76.9616">
    <ele>9.39</ele>
   </trkpt>
   <trkpt lat="38.951590000419635" lon="-76.96186499854464">
    <ele>9.47</ele>
   </trkpt>
   <trkpt lat="38.952000000000005" lon="-76.96213">
    <ele>9.690000000000001</ele>
   </trkpt>
   <trkpt lat="38.952310000000004" lon="-76.96235">
    <ele>9.860000000000001</ele>
   </trkpt>
   <trkpt lat="38.95244" lon="-76.96248">
    <ele>9.860000000000001</ele>
   </trkpt>
   <trkpt lat="38.95264" lon="-76.96279000000001">
    <ele>9.860000000000001</ele>
   </trkpt>
   <trkpt lat="38.952850000000005" lon="-76.96338">
    <ele>10.07</ele>
   </trkpt>
   <trkpt lat="38.952870000000004" lon="-76.96356">
    <ele>10.17</ele>
   </trkpt>
   <trkpt lat="38.95284" lon="-76.96374">
    <ele>10.17</ele>
   </trkpt>
   <trkpt lat="38.952780000000004" lon="-76.96392">
    <ele>10.26</ele>
   </trkpt>
   <trkpt lat="38.95243" lon="-76.96492">
    <ele>10.450000000000001</ele>
   </trkpt>
   <trkpt lat="38.95259" lon="-76.96463">
    <ele>9.1</ele>
   </trkpt>
   <trkpt lat="38.953030000000005" lon="-76.96396">
    <ele>7.790000000000001</ele>
   </trkpt>
   <trkpt lat="38.953210000000006" lon="-76.96355000000001">
    <ele>7.680000000000001</ele>
   </trkpt>
   <trkpt lat="38.95326" lon="-76.96321">
    <ele>7.03</ele>
   </trkpt>
   <trkpt lat="38.95326" lon="-76.96312">
    <ele>7.03</ele>
   </trkpt>
   <trkpt lat="38.953210000000006" lon="-76.96298">
    <ele>7.03</ele>
   </trkpt>
   <trkpt lat="38.952850000000005" lon="-76.96231">
    <ele>6.430000000000001</ele>
   </trkpt>
   <trkpt lat="38.95261" lon="-76.96208">
    <ele>6.3500000000000005</ele>
   </trkpt>
   <trkpt lat="38.95217" lon="-76.96181">
    <ele>6.410000000000001</ele>
   </trkpt>
   <trkpt lat="38.951890000000006" lon="-76.96176000000001">
    <ele>6.44</ele>
   </trkpt>
   <trkpt lat="38.95177" lon="-76.96169">
    <ele>6.4</ele>
   </trkpt>
   <trkpt lat="38.95132000035529" lon="-76.96139999815654">
    <ele>6.19</ele>
   </trkpt>
   <trkpt lat="38.95087" lon="-76.96111">
    <ele>6.91</ele>
   </trkpt>
   <trkpt lat="38.95107" lon="-76.96061">
    <ele>7.050000000000001</ele>
   </trkpt>
   <trkpt lat="38.951060000000005" lon="-76.96056">
    <ele>6.99</ele>
   </trkpt>
   <trkpt lat="38.95092" lon="-76.96029">
    <ele>6.74</ele>
   </trkpt>
   <trkpt lat="38.95069" lon="-76.95976">
    <ele>6.59</ele>
   </trkpt>
   <trkpt lat="38.950450000000004" lon="-76.95931">
    <ele>6.580000000000001</ele>
   </trkpt>
   <trkpt lat="38.95013" lon="-76.95899">
    <ele>6.5</ele>
   </trkpt>
   <trkpt lat="38.94986" lon="-76.95859">
    <ele>6.55</ele>
   </trkpt>
   <trkpt lat="38.94979" lon="-76.95846">
    <ele>6.55</ele>
   </trkpt>
   <trkpt lat="38.949740000000006" lon="-76.95823">
    <ele>6.72</ele>
   </trkpt>
   <trkpt lat="38.94973" lon="-76.95783">
    <ele>6.85</ele>
   </trkpt>
   <trkpt lat="38.94979" lon="-76.95757">
    <ele>6.760000000000001</ele>
   </trkpt>
   <trkpt lat="38.949870000000004" lon="-76.95731">
    <ele>6.74</ele>
   </trkpt>
   <trkpt lat="38.94995" lon="-76.95703">
    <ele>6.65</ele>
   </trkpt>
   <trkpt lat="38.949920000000006" lon="-76.95695">
    <ele>6.49</ele>
   </trkpt>
   <trkpt lat="38.949850000000005" lon="-76.95684">
    <ele>6.4</ele>
   </trkpt>
   <trkpt lat="38.94984" lon="-76.9568">
    <ele>6.4</ele>
   </trkpt>
   <trkpt lat="38.94990000000001" lon="-76.95644">
    <ele>6.450000000000001</ele>
   </trkpt>
   <trkpt lat="38.94982" lon="-76.95614">
    <ele>6.4</ele>
   </trkpt>
   <trkpt lat="38.9498" lon="-76.95607000000001">
    <ele>6.180000000000001</ele>
   </trkpt>
   <trkpt lat="38.94975" lon="-76.956">
    <ele>6.180000000000001</ele>
   </trkpt>
   <trkpt lat="38.94959" lon="-76.95595">
    <ele>5.5200000000000005</ele>
   </trkpt>
   <trkpt lat="38.949450000000006" lon="-76.95586">
    <ele>5.3500000000000005</ele>
   </trkpt>
   <trkpt lat="38.94932" lon="-76.95568">
    <ele>5.11</ele>
   </trkpt>
   <trkpt lat="38.94926" lon="-76.95545000000001">
    <ele>4.890000000000001</ele>
   </trkpt>
   <trkpt lat="38.949160000000006" lon="-76.95483">
    <ele>4.5200000000000005</ele>
   </trkpt>
   <trkpt lat="38.949180000000005" lon="-76.95457">
    <ele>4.410000000000001</ele>
   </trkpt>
   <trkpt lat="38.949160000000006" lon="-76.95443">
    <ele>4.410000000000001</ele>
   </trkpt>
   <trkpt lat="38.949000000000005" lon="-76.95375">
    <ele>4.47</ele>
   </trkpt>
   <trkpt lat="38.94894" lon="-76.95358">
    <ele>4.45</ele>
   </trkpt>
   <trkpt lat="38.948660002025214" lon="-76.9528949973513">
    <ele>4.51</ele>
   </trkpt>
   <trkpt lat="38.94838" lon="-76.95221000000001">
    <ele>4.670000000000001</ele>
   </trkpt>
   <trkpt lat="38.94823" lon="-76.95192">
    <ele>4.540000000000001</ele>
   </trkpt>
   <trkpt lat="38.947790000000005" lon="-76.95121">
    <ele>4.04</ele>
   </trkpt>
   <trkpt lat="38.94751" lon="-76.95053">
    <ele>3.97</ele>
   </trkpt>
   <trkpt lat="38.9472550012826" lon="-76.94996999786407">
    <ele>3.71</ele>
   </trkpt>
   <trkpt lat="38.947" lon="-76.94941">
    <ele>4.4</ele>
   </trkpt>
   <trkpt lat="38.94693" lon="-76.94905">
    <ele>6.19</ele>
   </trkpt>
   <trkpt lat="38.946920000000006" lon="-76.94873000000001">
    <ele>8.34</ele>
   </trkpt>
   <trkpt lat="38.94690000000001" lon="-76.94861">
    <ele>8.17</ele>
   </trkpt>
   <trkpt lat="38.9468" lon="-76.94838">
    <ele>6.880000000000001</ele>
   </trkpt>
   <trkpt lat="38.94643000000001" lon="-76.94768">
    <ele>4.710000000000001</ele>
   </trkpt>
   <trkpt lat="38.9463" lon="-76.9474">
    <ele>4.62</ele>
   </trkpt>
   <trkpt lat="38.946070000000006" lon="-76.94704">
    <ele>5.21</ele>
   </trkpt>
   <trkpt lat="38.945910000000005" lon="-76.94695">
    <ele>5.3100000000000005</ele>
   </trkpt>
   <trkpt lat="38.9459" lon="-76.94664">
    <ele>5.36</ele>
   </trkpt>
   <trkpt lat="38.946020000000004" lon="-76.94646">
    <ele>5.53</ele>
   </trkpt>
   <trkpt lat="38.94633" lon="-76.9461">
    <ele>6.0600000000000005</ele>
   </trkpt>
   <trkpt lat="38.94633" lon="-76.94606">
    <ele>6.0600000000000005</ele>
   </trkpt>
   <trkpt lat="38.946290000000005" lon="-76.94600000000001">
    <ele>6.0600000000000005</ele>
   </trkpt>
   <trkpt lat="38.94605000000001" lon="-76.94567">
    <ele>6.0200000000000005</ele>
   </trkpt>
   <trkpt lat="38.94615" lon="-76.94554000000001">
    <ele>6.0200000000000005</ele>
   </trkpt>
   <trkpt lat="38.94624" lon="-76.94546000000001">
    <ele>6.2</ele>
   </trkpt>
   <trkpt lat="38.946290000000005" lon="-76.94547">
    <ele>6.2</ele>
   </trkpt>
   <trkpt lat="38.946340000000006" lon="-76.94543">
    <ele>6.36</ele>
   </trkpt>
   <trkpt lat="38.946780000000004" lon="-76.94493">
    <ele>7.630000000000001</ele>
   </trkpt>
   <trkpt lat="38.947320000000005" lon="-76.9444">
    <ele>9.83</ele>
   </trkpt>
   <trkpt lat="38.947910001294176" lon="-76.94384500463818">
    <ele>11.410000000000002</ele>
   </trkpt>
   <trkpt lat="38.9485" lon="-76.94329">
    <ele>12.93</ele>
   </trkpt>
   <trkpt lat="38.949040000000004" lon="-76.94275">
    <ele>13.590000000000002</ele>
   </trkpt>
   <trkpt lat="38.94961750284657" lon="-76.94228001147223">
    <ele>13.930000000000001</ele>
   </trkpt>
   <trkpt lat="38.95019500380834" lon="-76.94181001528601">
    <ele>14.15</ele>
   </trkpt>
   <trkpt lat="38.9507725028852" lon="-76.94134001144111">
    <ele>14.370000000000001</ele>
   </trkpt>
   <trkpt lat="38.951350000000005" lon="-76.94087">
    <ele>14.610000000000001</ele>
   </trkpt>
   <trkpt lat="38.95154" lon="-76.94076000000001">
    <ele>14.75</ele>
   </trkpt>
   <trkpt lat="38.95187000000001" lon="-76.94047">
    <ele>14.92</ele>
   </trkpt>
   <trkpt lat="38.9522800001562" lon="-76.94023000144078">
    <ele>15.150000000000002</ele>
   </trkpt>
   <trkpt lat="38.952690000000004" lon="-76.93999000000001">
    <ele>15.01</ele>
   </trkpt>
   <trkpt lat="38.95286" lon="-76.93987000000001">
    <ele>15.0</ele>
   </trkpt>
   <trkpt lat="38.95309" lon="-76.93974">
    <ele>14.68</ele>
   </trkpt>
   <trkpt lat="38.95327" lon="-76.93956">
    <ele>14.640000000000002</ele>
   </trkpt>
   <trkpt lat="38.953860000000006" lon="-76.93921">
    <ele>14.940000000000001</ele>
   </trkpt>
   <trkpt lat="38.95442666742233" lon="-76.93890667153332">
    <ele>15.260000000000002</ele>
   </trkpt>
   <trkpt lat="38.95499333405955" lon="-76.93860333821581">
    <ele>15.370000000000001</ele>
   </trkpt>
   <trkpt lat="38.955560000000006" lon="-76.93830000000001">
    <ele>16.12</ele>
   </trkpt>
   <trkpt lat="38.95581000000001" lon="-76.93826">
    <ele>16.73</ele>
   </trkpt>
   <trkpt lat="38.95591" lon="-76.93821000000001">
    <ele>16.89</ele>
   </trkpt>
   <trkpt lat="38.956010000000006" lon="-76.93808">
    <ele>16.87</ele>
   </trkpt>
   <trkpt lat="38.95615" lon="-76.93799">
    <ele>16.87</ele>
   </trkpt>
   <trkpt lat="38.956360000000004" lon="-76.93792">
    <ele>17.300000000000004</ele>
   </trkpt>
   <trkpt lat="38.956610000000005" lon="-76.93791">
    <ele>18.250000000000004</ele>
   </trkpt>
   <trkpt lat="38.95719000027129" lon="-76.93768500182014">
    <ele>18.73</ele>
   </trkpt>
   <trkpt lat="38.957770000000004" lon="-76.93746">
    <ele>17.02</ele>
   </trkpt>
   <trkpt lat="38.9579" lon="-76.93728">
    <ele>16.8</ele>
   </trkpt>
   <trkpt lat="38.95841" lon="-76.93709000000001">
    <ele>17.02</ele>
   </trkpt>
   <trkpt lat="38.95844" lon="-76.93702">
    <ele>17.02</ele>
   </trkpt>
   <trkpt lat="38.958540000000006" lon="-76.93697">
    <ele>17.02</ele>
   </trkpt>
   <trkpt lat="38.95932000093357" lon="-76.93664334051569">
    <ele>16.990000000000002</ele>
   </trkpt>
   <trkpt lat="38.96010000095655" lon="-76.93631667383953">
    <ele>17.68</ele>
   </trkpt>
   <trkpt lat="38.96088" lon="-76.93599">
    <ele>18.09</ele>
   </trkpt>
   <trkpt lat="38.960950000000004" lon="-76.93599">
    <ele>18.28</ele>
   </trkpt>
   <trkpt lat="38.96153" lon="-76.93574000000001">
    <ele>18.42</ele>
   </trkpt>
   <trkpt lat="38.962230000000005" lon="-76.93553">
    <ele>18.37</ele>
   </trkpt>
   <trkpt lat="38.962630000000004" lon="-76.93542000000001">
    <ele>18.36</ele>
   </trkpt>
   <trkpt lat="38.962630000000004" lon="-76.93535">
    <ele>18.31</ele>
   </trkpt>
   <trkpt lat="38.963460000000005" lon="-76.93501">
    <ele>18.29</ele>
   </trkpt>
   <trkpt lat="38.96351000000001" lon="-76.93522">
    <ele>18.46</ele>
   </trkpt>
   <trkpt lat="38.96374" lon="-76.93522">
    <ele>18.48</ele>
   </trkpt>
   <trkpt lat="38.96449250015721" lon="-76.93510250374732">
    <ele>17.650000000000002</ele>
   </trkpt>
   <trkpt lat="38.9652450001966" lon="-76.93498500499854">
    <ele>17.220000000000002</ele>
   </trkpt>
   <trkpt lat="38.965997500118185" lon="-76.93486750375354">
    <ele>17.02</ele>
   </trkpt>
   <trkpt lat="38.966750000000005" lon="-76.93475000000001">
    <ele>16.490000000000002</ele>
   </trkpt>
   <trkpt lat="38.96737" lon="-76.93468">
    <ele>19.78</ele>
   </trkpt>
   <trkpt lat="38.96773" lon="-76.93459">
    <ele>20.470000000000002</ele>
   </trkpt>
   <trkpt lat="38.968120000000006" lon="-76.93458000000001">
    <ele>20.37</ele>
   </trkpt>
   <trkpt lat="38.96829" lon="-76.93451">
    <ele>19.82</ele>
   </trkpt>
   <trkpt lat="38.96839000000001" lon="-76.93448000000001">
    <ele>19.900000000000002</ele>
   </trkpt>
   <trkpt lat="38.968630000000005" lon="-76.93447">
    <ele>20.18</ele>
   </trkpt>
   <trkpt lat="38.968790000000006" lon="-76.93445000000001">
    <ele>20.490000000000002</ele>
   </trkpt>
   <trkpt lat="38.96896" lon="-76.93445000000001">
    <ele>21.220000000000002</ele>
   </trkpt>
   <trkpt lat="38.96927" lon="-76.93437">
    <ele>21.68</ele>
   </trkpt>
   <trkpt lat="38.97013000007385" lon="-76.93424666966969">
    <ele>22.04</ele>
   </trkpt>
   <trkpt lat="38.970990000017885" lon="-76.93412333634444">
    <ele>21.550000000000004</ele>
   </trkpt>
   <trkpt lat="38.97185" lon="-76.93400000000001">
    <ele>20.5</ele>
   </trkpt>
   <trkpt lat="38.972300000000004" lon="-76.93396000000001">
    <ele>19.970000000000002</ele>
   </trkpt>
   <trkpt lat="38.972480000000004" lon="-76.93397">
    <ele>19.900000000000002</ele>
   </trkpt>
   <trkpt lat="38.973200000000006" lon="-76.93384">
    <ele>19.33</ele>
   </trkpt>
   <trkpt lat="38.97345" lon="-76.93379">
    <ele>19.1</ele>
   </trkpt>
   <trkpt lat="38.97361" lon="-76.93379">
    <ele>19.1</ele>
   </trkpt>
   <trkpt lat="38.974140000000006" lon="-76.9337">
    <ele>19.180000000000003</ele>
   </trkpt>
   <trkpt lat="38.97424" lon="-76.93365">
    <ele>19.180000000000003</ele>
   </trkpt>
   <trkpt lat="38.974380000000004" lon="-76.93366">
    <ele>19.180000000000003</ele>
   </trkpt>
   <trkpt lat="38.974630000000005" lon="-76.93361">
    <ele>19.250000000000004</ele>
   </trkpt>
   <trkpt lat="38.975260000000006" lon="-76.93354000000001">
    <ele>19.22</ele>
   </trkpt>
   <trkpt lat="38.97533000000001" lon="-76.93350000000001">
    <ele>19.22</ele>
   </trkpt>
   <trkpt lat="38.97543" lon="-76.93351000000001">
    <ele>19.250000000000004</ele>
   </trkpt>
   <trkpt lat="38.97580000000001" lon="-76.93347">
    <ele>19.16</ele>
   </trkpt>
   <trkpt lat="38.975910000000006" lon="-76.93343">
    <ele>19.16</ele>
   </trkpt>
   <trkpt lat="38.976470000000006" lon="-76.93334">
    <ele>19.360000000000003</ele>
   </trkpt>
   <trkpt lat="38.97657" lon="-76.93329">
    <ele>19.360000000000003</ele>
   </trkpt>
   <trkpt lat="38.97677" lon="-76.93325">
    <ele>19.360000000000003</ele>
   </trkpt>
   <trkpt lat="38.9769" lon="-76.93316">
    <ele>19.290000000000003</ele>
   </trkpt>
   <trkpt lat="38.977070000000005" lon="-76.93315000000001">
    <ele>19.290000000000003</ele>
   </trkpt>
   <trkpt lat="38.97708" lon="-76.93310000000001">
    <ele>19.290000000000003</ele>
   </trkpt>
   <trkpt lat="38.97742" lon="-76.93307">
    <ele>19.250000000000004</ele>
   </trkpt>
   <trkpt lat="38.977630000000005" lon="-76.93299">
    <ele>19.080000000000002</ele>
   </trkpt>
   <trkpt lat="38.977850000000004" lon="-76.93287000000001">
    <ele>19.1</ele>
   </trkpt>
   <trkpt lat="38.978010000000005" lon="-76.9328">
    <ele>19.1</ele>
   </trkpt>
   <trkpt lat="38.97825" lon="-76.93276">
    <ele>19.07</ele>
   </trkpt>
   <trkpt lat="38.97854" lon="-76.93265000000001">
    <ele>18.88</ele>
   </trkpt>
   <trkpt lat="38.978660000000005" lon="-76.9325">
    <ele>18.69</ele>
   </trkpt>
   <trkpt lat="38.978730000000006" lon="-76.93249">
    <ele>18.62</ele>
   </trkpt>
   <trkpt lat="38.978790000000004" lon="-76.93252000000001">
    <ele>18.62</ele>
   </trkpt>
   <trkpt lat="38.978910000000006" lon="-76.93248000000001">
    <ele>18.61</ele>
   </trkpt>
   <trkpt lat="38.97950333376637" lon="-76.93226000367969">
    <ele>19.32</ele>
   </trkpt>
   <trkpt lat="38.98009666711966" lon="-76.93204000367233">
    <ele>19.770000000000003</ele>
   </trkpt>
   <trkpt lat="38.98069" lon="-76.93182">
    <ele>19.73</ele>
   </trkpt>
   <trkpt lat="38.981290000181744" lon="-76.93160500182756">
    <ele>19.73</ele>
   </trkpt>
   <trkpt lat="38.98189" lon="-76.93139000000001">
    <ele>19.51</ele>
   </trkpt>
   <trkpt lat="38.981950000000005" lon="-76.93135000000001">
    <ele>19.450000000000003</ele>
   </trkpt>
   <trkpt lat="38.98252000013231" lon="-76.93114000171131">
    <ele>18.950000000000003</ele>
   </trkpt>
   <trkpt lat="38.983090000000004" lon="-76.93093">
    <ele>18.69</ele>
   </trkpt>
   <trkpt lat="38.983250000000005" lon="-76.93088">
    <ele>18.570000000000004</ele>
   </trkpt>
   <trkpt lat="38.98333" lon="-76.93088">
    <ele>18.490000000000002</ele>
   </trkpt>
   <trkpt lat="38.98339" lon="-76.93092">
    <ele>18.490000000000002</ele>
   </trkpt>
   <trkpt lat="38.983560000000004" lon="-76.93082000000001">
    <ele>18.230000000000004</ele>
   </trkpt>
   <trkpt lat="38.984210000000004" lon="-76.93059000000001">
    <ele>18.160000000000004</ele>
   </trkpt>
   <trkpt lat="38.98490000029931" lon="-76.93037500206378">
    <ele>17.650000000000002</ele>
   </trkpt>
   <trkpt lat="38.98559" lon="-76.93016">
    <ele>18.01</ele>
   </trkpt>
   <trkpt lat="38.985800000000005" lon="-76.93016">
    <ele>18.240000000000002</ele>
   </trkpt>
   <trkpt lat="38.985870000000006" lon="-76.93011000000001">
    <ele>18.410000000000004</ele>
   </trkpt>
   <trkpt lat="38.986430000000006" lon="-76.92985">
    <ele>17.68</ele>
   </trkpt>
   <trkpt lat="38.986630000000005" lon="-76.92969000000001">
    <ele>17.42</ele>
   </trkpt>
   <trkpt lat="38.98675" lon="-76.9295">
    <ele>17.03</ele>
   </trkpt>
   <trkpt lat="38.98677" lon="-76.92934000000001">
    <ele>17.03</ele>
   </trkpt>
   <trkpt lat="38.986720000000005" lon="-76.92922">
    <ele>16.900000000000002</ele>
   </trkpt>
   <trkpt lat="38.98657" lon="-76.92855">
    <ele>16.42</ele>
   </trkpt>
   <trkpt lat="38.98651" lon="-76.92819">
    <ele>16.400000000000002</ele>
   </trkpt>
   <trkpt lat="38.98644" lon="-76.92801">
    <ele>16.470000000000002</ele>
   </trkpt>
   <trkpt lat="38.98619" lon="-76.92766">
    <ele>17.05</ele>
   </trkpt>
   <trkpt lat="38.9861" lon="-76.92743">
    <ele>17.09</ele>
   </trkpt>
   <trkpt lat="38.986000000000004" lon="-76.92729">
    <ele>17.150000000000002</ele>
   </trkpt>
   <trkpt lat="38.98597" lon="-76.92721">
    <ele>17.150000000000002</ele>
   </trkpt>
   <trkpt lat="38.98595" lon="-76.92712">
    <ele>17.150000000000002</ele>
   </trkpt>
   <trkpt lat="38.985910000000004" lon="-76.92658">
    <ele>16.86</ele>
   </trkpt>
   <trkpt lat="38.985730000000004" lon="-76.92576000000001">
    <ele>16.37</ele>
   </trkpt>
   <trkpt lat="38.985690000000005" lon="-76.92572000000001">
    <ele>16.21</ele>
   </trkpt>
   <trkpt lat="38.98556000000001" lon="-76.92581000000001">
    <ele>16.09</ele>
   </trkpt>
   <trkpt lat="38.985260000000004" lon="-76.92591">
    <ele>16.0</ele>
   </trkpt>
   <trkpt lat="38.984970000000004" lon="-76.92604">
    <ele>15.96</ele>
   </trkpt>
   <trkpt lat="38.984660000000005" lon="-76.92613">
    <ele>14.530000000000001</ele>
   </trkpt>
   <trkpt lat="38.984590000000004" lon="-76.92622">
    <ele>14.530000000000001</ele>
   </trkpt>
   <trkpt lat="38.98447" lon="-76.92612000000001">
    <ele>14.49</ele>
   </trkpt>
   <trkpt lat="38.98443" lon="-76.92591">
    <ele>14.690000000000001</ele>
   </trkpt>
   <trkpt lat="38.984370000000006" lon="-76.92568">
    <ele>15.0</ele>
   </trkpt>
   <trkpt lat="38.98443" lon="-76.92538">
    <ele>15.160000000000002</ele>
   </trkpt>
   <trkpt lat="38.98524000087657" lon="-76.9250633405719">
    <ele>16.310000000000002</ele>
   </trkpt>
   <trkpt lat="38.98605000089729" lon="-76.92474667389726">
    <ele>15.18</ele>
   </trkpt>
   <trkpt lat="38.98686" lon="-76.92443">
    <ele>15.65</ele>
   </trkpt>
   <trkpt lat="38.98697000000001" lon="-76.92434">
    <ele>16.150000000000002</ele>
   </trkpt>
   <trkpt lat="38.987140000000004" lon="-76.92408">
    <ele>16.5</ele>
   </trkpt>
   <trkpt lat="38.98716" lon="-76.92412">
    <ele>16.5</ele>
   </trkpt>
   <trkpt lat="38.98742" lon="-76.92424000000001">
    <ele>16.5</ele>
   </trkpt>
   <trkpt lat="38.98765" lon="-76.92424000000001">
    <ele>16.450000000000003</ele>
   </trkpt>
   <trkpt lat="38.988255000298174" lon="-76.92396500236163">
    <ele>16.27</ele>
   </trkpt>
   <trkpt lat="38.98886" lon="-76.92369000000001">
    <ele>15.73</ele>
   </trkpt>
   <trkpt lat="38.9895850004463" lon="-76.92339000304713">
    <ele>15.19</ele>
   </trkpt>
   <trkpt lat="38.99031" lon="-76.92309">
    <ele>15.030000000000001</ele>
   </trkpt>
   <trkpt lat="38.9906" lon="-76.92295">
    <ele>15.0</ele>
   </trkpt>
   <trkpt lat="38.9908" lon="-76.92269">
    <ele>15.240000000000002</ele>
   </trkpt>
   <trkpt lat="38.99089" lon="-76.92247">
    <ele>15.38</ele>
   </trkpt>
   <trkpt lat="38.99096" lon="-76.92201">
    <ele>15.63</ele>
   </trkpt>
   <trkpt lat="38.99103" lon="-76.92191000000001">
    <ele>15.64</ele>
   </trkpt>
   <trkpt lat="38.991150000000005" lon="-76.92184">
    <ele>15.430000000000001</ele>
   </trkpt>
   <trkpt lat="38.99137" lon="-76.92176">
    <ele>15.14</ele>
   </trkpt>
   <trkpt lat="38.99185000000001" lon="-76.92154000000001">
    <ele>15.09</ele>
   </trkpt>
   <trkpt lat="38.99245000052616" lon="-76.92128500205615">
    <ele>15.490000000000002</ele>
   </trkpt>
   <trkpt lat="38.993050000000004" lon="-76.92103">
    <ele>15.950000000000003</ele>
   </trkpt>
   <trkpt lat="38.993370000000006" lon="-76.92091">
    <ele>16.92</ele>
   </trkpt>
   <trkpt lat="38.993590000000005" lon="-76.92086">
    <ele>17.11</ele>
   </trkpt>
   <trkpt lat="38.99372" lon="-76.92093000000001">
    <ele>17.130000000000003</ele>
   </trkpt>
   <trkpt lat="38.99387" lon="-76.92089">
    <ele>17.130000000000003</ele>
   </trkpt>
   <trkpt lat="38.994060000000005" lon="-76.92083000000001">
    <ele>17.080000000000002</ele>
   </trkpt>
   <trkpt lat="38.99477000113777" lon="-76.92053500886938">
    <ele>17.19</ele>
   </trkpt>
   <trkpt lat="38.995480001532755" lon="-76.92024001181949">
    <ele>17.52</ele>
   </trkpt>
   <trkpt lat="38.99619000118492" lon="-76.91994500885006">
    <ele>17.69</ele>
   </trkpt>
   <trkpt lat="38.996900000000004" lon="-76.91965">
    <ele>17.910000000000004</ele>
   </trkpt>
   <trkpt lat="38.997040000000005" lon="-76.91964">
    <ele>18.02</ele>
   </trkpt>
   <trkpt lat="38.99718" lon="-76.91967000000001">
    <ele>18.22</ele>
   </trkpt>
   <trkpt lat="38.997350000000004" lon="-76.91981000000001">
    <ele>18.46</ele>
   </trkpt>
   <trkpt lat="38.99752" lon="-76.91999000000001">
    <ele>19.21</ele>
   </trkpt>
   <trkpt lat="38.99768" lon="-76.92005">
    <ele>19.21</ele>
   </trkpt>
   <trkpt lat="38.99781" lon="-76.92006">
    <ele>19.73</ele>
   </trkpt>
   <trkpt lat="38.99797" lon="-76.92004">
    <ele>19.85</ele>
   </trkpt>
   <trkpt lat="38.99855" lon="-76.91978">
    <ele>19.26</ele>
   </trkpt>
   <trkpt lat="38.99866" lon="-76.91965">
    <ele>19.040000000000003</ele>
   </trkpt>
   <trkpt lat="38.99869" lon="-76.9195">
    <ele>19.020000000000003</ele>
   </trkpt>
   <trkpt lat="38.99869000554661" lon="-76.91836000006612">
    <ele>19.040000000000003</ele>
   </trkpt>
   <trkpt lat="38.99869" lon="-76.91722">
    <ele>19.05</ele>
   </trkpt>
   <trkpt lat="38.99866500304723" lon="-76.91637499969525">
    <ele>18.88</ele>
   </trkpt>
   <trkpt lat="38.99864" lon="-76.91553">
    <ele>19.560000000000002</ele>
   </trkpt>
   <trkpt lat="38.99873" lon="-76.91552">
    <ele>19.680000000000003</ele>
   </trkpt>
   <trkpt lat="38.998760000000004" lon="-76.91556">
    <ele>19.860000000000003</ele>
   </trkpt>
   <trkpt lat="38.999010000000006" lon="-76.91552">
    <ele>19.98</ele>
   </trkpt>
   <trkpt lat="38.99924" lon="-76.91512">
    <ele>19.919999999999998</ele>
   </trkpt>
   <trkpt lat="38.999610000000004" lon="-76.91476">
    <ele>18.98</ele>
   </trkpt>
   <trkpt lat="38.999960000384455" lon="-76.91435500236861">
    <ele>18.56</ele>
   </trkpt>
   <trkpt lat="39.000310000000006" lon="-76.91395">
    <ele>18.47</ele>
   </trkpt>
   <trkpt lat="39.000890000000005" lon="-76.91332000000001">
    <ele>18.410000000000004</ele>
   </trkpt>
   <trkpt lat="39.00133" lon="-76.91292">
    <ele>18.38</ele>
   </trkpt>
   <trkpt lat="39.00142" lon="-76.91279">
    <ele>18.36</ele>
   </trkpt>
   <trkpt lat="39.00162" lon="-76.91261">
    <ele>18.26</ele>
   </trkpt>
   <trkpt lat="39.00164" lon="-76.91261">
    <ele>18.26</ele>
   </trkpt>
   <trkpt lat="39.001650000000005" lon="-76.91253">
    <ele>18.230000000000004</ele>
   </trkpt>
   <trkpt lat="39.0016" lon="-76.91215000000001">
    <ele>18.78</ele>
   </trkpt>
   <trkpt lat="39.001540000000006" lon="-76.91198">
    <ele>19.430000000000003</ele>
   </trkpt>
   <trkpt lat="39.001450000000006" lon="-76.91145">
    <ele>20.57</ele>
   </trkpt>
   <trkpt lat="39.00146" lon="-76.91127">
    <ele>20.85</ele>
   </trkpt>
   <trkpt lat="39.00153" lon="-76.91109">
    <ele>21.16</ele>
   </trkpt>
   <trkpt lat="39.00186" lon="-76.91073">
    <ele>23.01</ele>
   </trkpt>
   <trkpt lat="39.00191" lon="-76.91054000000001">
    <ele>23.180000000000003</ele>
   </trkpt>
   <trkpt lat="39.00191" lon="-76.91045000000001">
    <ele>25.26</ele>
   </trkpt>
   <trkpt lat="39.00188" lon="-76.91041000000001">
    <ele>25.26</ele>
   </trkpt>
   <trkpt lat="39.00179" lon="-76.91037">
    <ele>26.63</ele>
   </trkpt>
   <trkpt lat="39.00166" lon="-76.91037">
    <ele>26.950000000000003</ele>
   </trkpt>
   <trkpt lat="39.0016" lon="-76.91033">
    <ele>26.950000000000003</ele>
   </trkpt>
   <trkpt lat="39.00155" lon="-76.91019">
    <ele>26.770000000000003</ele>
   </trkpt>
   <trkpt lat="39.00198" lon="-76.90994">
    <ele>26.46</ele>
   </trkpt>
   <trkpt lat="39.002280000000006" lon="-76.90973000000001">
    <ele>26.18</ele>
   </trkpt>
   <trkpt lat="39.00291000191255" lon="-76.9092566750967">
    <ele>26.0</ele>
   </trkpt>
   <trkpt lat="39.00354000191265" lon="-76.90878334176341">
    <ele>28.16</ele>
   </trkpt>
   <trkpt lat="39.00417" lon="-76.90831">
    <ele>27.3</ele>
   </trkpt>
   <trkpt lat="39.00480000183656" lon="-76.90784667491624">
    <ele>26.37</ele>
   </trkpt>
   <trkpt lat="39.0054300018406" lon="-76.90738334158006">
    <ele>25.580000000000002</ele>
   </trkpt>
   <trkpt lat="39.006060000000005" lon="-76.90692">
    <ele>22.8</ele>
   </trkpt>
   <trkpt lat="39.00654" lon="-76.90653">
    <ele>22.44</ele>
   </trkpt>
   <trkpt lat="39.00711000064821" lon="-76.9061050035162">
    <ele>22.930000000000003</ele>
   </trkpt>
   <trkpt lat="39.00768" lon="-76.90568">
    <ele>22.85</ele>
   </trkpt>
   <trkpt lat="39.00764" lon="-76.90557000000001">
    <ele>22.85</ele>
   </trkpt>
   <trkpt lat="39.00822" lon="-76.90513">
    <ele>21.95</ele>
   </trkpt>
   <trkpt lat="39.008280000000006" lon="-76.90513">
    <ele>21.95</ele>
   </trkpt>
   <trkpt lat="39.00882" lon="-76.90473">
    <ele>21.75</ele>
   </trkpt>
   <trkpt lat="39.00901" lon="-76.90455">
    <ele>21.92</ele>
   </trkpt>
   <trkpt lat="39.009240000000005" lon="-76.90428">
    <ele>22.480000000000004</ele>
   </trkpt>
   <trkpt lat="39.00938" lon="-76.90406">
    <ele>23.23</ele>
   </trkpt>
   <trkpt lat="39.00967" lon="-76.90343">
    <ele>25.05</ele>
   </trkpt>
   <trkpt lat="39.00968" lon="-76.90341000000001">
    <ele>25.11</ele>
   </trkpt>
   <trkpt lat="39.009780000000006" lon="-76.9029">
    <ele>28.07</ele>
   </trkpt>
   <trkpt lat="39.009820000000005" lon="-76.90253000000001">
    <ele>29.26</ele>
   </trkpt>
   <trkpt lat="39.009845005119736" lon="-76.9014350003018">
    <ele>31.95</ele>
   </trkpt>
   <trkpt lat="39.00987000000001" lon="-76.90034">
    <ele>30.560000000000002</ele>
   </trkpt>
   <trkpt lat="39.00987500452866" lon="-76.89930999998374">
    <ele>26.480000000000004</ele>
   </trkpt>
   <trkpt lat="39.00988" lon="-76.89828">
    <ele>27.070000000000004</ele>
   </trkpt>
   <trkpt lat="39.00981" lon="-76.89802">
    <ele>28.16</ele>
   </trkpt>
   <trkpt lat="39.009190000000004" lon="-76.89796000000001">
    <ele>31.03</ele>
   </trkpt>
   <trkpt lat="39.0088" lon="-76.89779">
    <ele>32.13</ele>
   </trkpt>
   <trkpt lat="39.00855000000001" lon="-76.89758">
    <ele>33.42</ele>
   </trkpt>
   <trkpt lat="39.00833" lon="-76.89734">
    <ele>34.07</ele>
   </trkpt>
   <trkpt lat="39.008190000000006" lon="-76.89710000000001">
    <ele>34.79</ele>
   </trkpt>
   <trkpt lat="39.008070000000004" lon="-76.89677">
    <ele>36.1</ele>
   </trkpt>
   <trkpt lat="39.008" lon="-76.89645">
    <ele>36.57000000000001</ele>
   </trkpt>
   <trkpt lat="39.00798" lon="-76.89628">
    <ele>36.83</ele>
   </trkpt>
   <trkpt lat="39.00799000000001" lon="-76.89590000000001">
    <ele>37.38</ele>
   </trkpt>
   <trkpt lat="39.008050000000004" lon="-76.89552">
    <ele>38.080000000000005</ele>
   </trkpt>
   <trkpt lat="39.00822000201505" lon="-76.89484000146865">
    <ele>40.019999999999996</ele>
   </trkpt>
   <trkpt lat="39.008390000000006" lon="-76.89416">
    <ele>41.550000000000004</ele>
   </trkpt>
   <trkpt lat="39.00845" lon="-76.89346">
    <ele>41.81000000000001</ele>
   </trkpt>
   <trkpt lat="39.008430000000004" lon="-76.8934">
    <ele>41.79</ele>
   </trkpt>
   <trkpt lat="39.00824" lon="-76.89337">
    <ele>40.28</ele>
   </trkpt>
   <trkpt lat="39.00804" lon="-76.89331">
    <ele>38.91</ele>
   </trkpt>
   <trkpt lat="39.007650000000005" lon="-76.89305">
    <ele>36.050000000000004</ele>
   </trkpt>
   <trkpt lat="39.00757" lon="-76.89302">
    <ele>35.81</ele>
   </trkpt>
   <trkpt lat="39.00746" lon="-76.893">
    <ele>34.84</ele>
   </trkpt>
   <trkpt lat="39.00728" lon="-76.89301">
    <ele>34.410000000000004</ele>
   </trkpt>
   <trkpt lat="39.007130000000004" lon="-76.89299000000001">
    <ele>33.59</ele>
   </trkpt>
   <trkpt lat="39.006870000000006" lon="-76.89317000000001">
    <ele>32.449999999999996</ele>
   </trkpt>
   <trkpt lat="39.006750000000004" lon="-76.89318">
    <ele>32.370000000000005</ele>
   </trkpt>
   <trkpt lat="39.00661" lon="-76.89314">
    <ele>32.660000000000004</ele>
   </trkpt>
   <trkpt lat="39.00657" lon="-76.89315">
    <ele>32.64</ele>
   </trkpt>
   <trkpt lat="39.00634" lon="-76.89256">
    <ele>32.99</ele>
   </trkpt>
   <trkpt lat="39.00606000166009" lon="-76.89192999742995">
    <ele>34.33</ele>
   </trkpt>
   <trkpt lat="39.00578" lon="-76.8913">
    <ele>39.46</ele>
   </trkpt>
   <trkpt lat="39.00569" lon="-76.89106000000001">
    <ele>40.410000000000004</ele>
   </trkpt>
   <trkpt lat="39.00554" lon="-76.89049">
    <ele>42.580000000000005</ele>
   </trkpt>
   <trkpt lat="39.00544" lon="-76.88984">
    <ele>43.300000000000004</ele>
   </trkpt>
   <trkpt lat="39.005430000000004" lon="-76.88943">
    <ele>43.59</ele>
   </trkpt>
   <trkpt lat="39.00545" lon="-76.8887">
    <ele>44.1</ele>
   </trkpt>
   <trkpt lat="39.00563500304269" lon="-76.88785000241153">
    <ele>45.64000000000001</ele>
   </trkpt>
   <trkpt lat="39.00582" lon="-76.887">
    <ele>48.35</ele>
   </trkpt>
   <trkpt lat="39.005930000000006" lon="-76.88642">
    <ele>47.830000000000005</ele>
   </trkpt>
   <trkpt lat="39.006" lon="-76.88578000000001">
    <ele>45.06</ele>
   </trkpt>
   <trkpt lat="39.006040001688724" lon="-76.88515000043996">
    <ele>41.09</ele>
   </trkpt>
   <trkpt lat="39.006080000000004" lon="-76.88452000000001">
    <ele>39.75</ele>
   </trkpt>
   <trkpt lat="39.006090002215146" lon="-76.88379999991928">
    <ele>39.720000000000006</ele>
   </trkpt>
   <trkpt lat="39.0061" lon="-76.88308">
    <ele>40.11</ele>
   </trkpt>
   <trkpt lat="39.006080000000004" lon="-76.88243">
    <ele>40.330000000000005</ele>
   </trkpt>
   <trkpt lat="39.00603" lon="-76.8819">
    <ele>39.42</ele>
   </trkpt>
   <trkpt lat="39.005930000000006" lon="-76.88123">
    <ele>38.93000000000001</ele>
   </trkpt>
   <trkpt lat="39.005840000000006" lon="-76.88083">
    <ele>39.470000000000006</ele>
   </trkpt>
   <trkpt lat="39.00559000641131" lon="-76.87996332720623">
    <ele>42.440000000000005</ele>
   </trkpt>
   <trkpt lat="39.00534000641085" lon="-76.87909666053808">
    <ele>44.97</ele>
   </trkpt>
   <trkpt lat="39.00509" lon="-76.87823">
    <ele>44.27</ele>
   </trkpt>
   <trkpt lat="39.004905003730215" lon="-76.87729499754934">
    <ele>44.86000000000001</ele>
   </trkpt>
   <trkpt lat="39.004720000000006" lon="-76.87636">
    <ele>46.75000000000001</ele>
   </trkpt>
   <trkpt lat="39.00455" lon="-76.87568">
    <ele>49.02</ele>
   </trkpt>
   <trkpt lat="39.00441" lon="-76.87537">
    <ele>50.980000000000004</ele>
   </trkpt>
   <trkpt lat="39.004110000000004" lon="-76.87488">
    <ele>52.57000000000001</ele>
   </trkpt>
   <trkpt lat="39.00388" lon="-76.87468000000001">
    <ele>53.290000000000006</ele>
   </trkpt>
   <trkpt lat="39.00358000000001" lon="-76.87446000000001">
    <ele>53.4</ele>
   </trkpt>
   <trkpt lat="39.00329" lon="-76.87432000000001">
    <ele>53.1</ele>
   </trkpt>
   <trkpt lat="39.00294" lon="-76.87424">
    <ele>52.370000000000005</ele>
   </trkpt>
   <trkpt lat="39.00269" lon="-76.87424">
    <ele>51.31</ele>
   </trkpt>
   <trkpt lat="39.00238" lon="-76.87429">
    <ele>50.42000000000001</ele>
   </trkpt>
   <trkpt lat="39.00222" lon="-76.87434">
    <ele>50.050000000000004</ele>
   </trkpt>
   <trkpt lat="39.00202" lon="-76.87443">
    <ele>49.52</ele>
   </trkpt>
   <trkpt lat="39.001720000000006" lon="-76.87464">
    <ele>49.49</ele>
   </trkpt>
   <trkpt lat="39.00159" lon="-76.87475">
    <ele>49.85</ele>
   </trkpt>
   <trkpt lat="39.00159" lon="-76.87465">
    <ele>49.85</ele>
   </trkpt>
   <trkpt lat="39.001560000000005" lon="-76.87462000000001">
    <ele>49.85</ele>
   </trkpt>
   <trkpt lat="39.0015" lon="-76.87468000000001">
    <ele>50.14</ele>
   </trkpt>
   <trkpt lat="39.001400000000004" lon="-76.87435">
    <ele>50.9</ele>
   </trkpt>
   <trkpt lat="39.001200000000004" lon="-76.87388">
    <ele>53.63</ele>
   </trkpt>
   <trkpt lat="39.000820000000004" lon="-76.87329000000001">
    <ele>56.84</ele>
   </trkpt>
   <trkpt lat="39.00041" lon="-76.87288000000001">
    <ele>59.21000000000001</ele>
   </trkpt>
   <trkpt lat="39.00019" lon="-76.87272">
    <ele>59.47</ele>
   </trkpt>
   <trkpt lat="38.999660000000006" lon="-76.87241">
    <ele>60.38</ele>
   </trkpt>
   <trkpt lat="38.999460000000006" lon="-76.87236">
    <ele>60.24</ele>
   </trkpt>
   <trkpt lat="38.99893" lon="-76.87228">
    <ele>59.13</ele>
   </trkpt>
   <trkpt lat="38.998740000000005" lon="-76.87223">
    <ele>58.57</ele>
   </trkpt>
   <trkpt lat="38.9981" lon="-76.87172000000001">
    <ele>58.160000000000004</ele>
   </trkpt>
   <trkpt lat="38.997580000000006" lon="-76.87135">
    <ele>57.31</ele>
   </trkpt>
   <trkpt lat="38.99741" lon="-76.87124">
    <ele>56.190000000000005</ele>
   </trkpt>
   <trkpt lat="38.996915000205576" lon="-76.87098999822031">
    <ele>56.650000000000006</ele>
   </trkpt>
   <trkpt lat="38.99642" lon="-76.87074000000001">
    <ele>56.38</ele>
   </trkpt>
   <trkpt lat="38.996340000000004" lon="-76.87069000000001">
    <ele>56.510000000000005</ele>
   </trkpt>
   <trkpt lat="38.99665500484195" lon="-76.8696300045619">
    <ele>54.230000000000004</ele>
   </trkpt>
   <trkpt lat="38.996970000000005" lon="-76.86857">
    <ele>50.5</ele>
   </trkpt>
   <trkpt lat="38.99681" lon="-76.86850000000001">
    <ele>50.86</ele>
   </trkpt>
   <trkpt lat="38.996610000000004" lon="-76.86834">
    <ele>52.65</ele>
   </trkpt>
   <trkpt lat="38.99575" lon="-76.86815">
    <ele>57.46</ele>
   </trkpt>
   <trkpt lat="38.99551" lon="-76.86811">
    <ele>58.78</ele>
   </trkpt>
   <trkpt lat="38.99483" lon="-76.86818000000001">
    <ele>60.07000000000001</ele>
   </trkpt>
   <trkpt lat="38.99432499998617" lon="-76.86825000050433">
    <ele>61.81</ele>
   </trkpt>
   <trkpt lat="38.99382000000001" lon="-76.86832000000001">
    <ele>63.07</ele>
   </trkpt>
   <trkpt lat="38.993640000000006" lon="-76.86838">
    <ele>63.94000000000001</ele>
   </trkpt>
   <trkpt lat="38.99347" lon="-76.86861">
    <ele>66.06</ele>
   </trkpt>
   <trkpt lat="38.9934" lon="-76.86867000000001">
    <ele>67.7</ele>
   </trkpt>
   <trkpt lat="38.993140000000004" lon="-76.86873">
    <ele>67.89</ele>
   </trkpt>
   <trkpt lat="38.99235" lon="-76.86897">
    <ele>67.9</ele>
   </trkpt>
   <trkpt lat="38.992070000000005" lon="-76.86909">
    <ele>67.65</ele>
   </trkpt>
   <trkpt lat="38.9919" lon="-76.86918">
    <ele>67.03</ele>
   </trkpt>
   <trkpt lat="38.9917" lon="-76.86936">
    <ele>65.97</ele>
   </trkpt>
   <trkpt lat="38.9915" lon="-76.86962000000001">
    <ele>64.21000000000001</ele>
   </trkpt>
   <trkpt lat="38.990970000000004" lon="-76.87039">
    <ele>56.61000000000001</ele>
   </trkpt>
   <trkpt lat="38.990840000000006" lon="-76.87075">
    <ele>53.900000000000006</ele>
   </trkpt>
   <trkpt lat="38.99074" lon="-76.87093">
    <ele>52.9</ele>
   </trkpt>
   <trkpt lat="38.99053" lon="-76.87116">
    <ele>52.120000000000005</ele>
   </trkpt>
   <trkpt lat="38.99045" lon="-76.8712">
    <ele>52.18</ele>
   </trkpt>
   <trkpt lat="38.99044000000001" lon="-76.87115">
    <ele>52.18</ele>
   </trkpt>
   <trkpt lat="38.9904" lon="-76.87113000000001">
    <ele>52.06</ele>
   </trkpt>
   <trkpt lat="38.99029" lon="-76.87081">
    <ele>51.99</ele>
   </trkpt>
   <trkpt lat="38.990140002408886" lon="-76.8700549982802">
    <ele>52.0</ele>
   </trkpt>
   <trkpt lat="38.989990000000006" lon="-76.86930000000001">
    <ele>52.54</ele>
   </trkpt>
   <trkpt lat="38.989540000000005" lon="-76.86946">
    <ele>50.53</ele>
   </trkpt>
   <trkpt lat="38.98931" lon="-76.8695">
    <ele>49.470000000000006</ele>
   </trkpt>
   <trkpt lat="38.989140000000006" lon="-76.8695">
    <ele>48.57</ele>
   </trkpt>
   <trkpt lat="38.988730000000004" lon="-76.86936">
    <ele>47.2</ele>
   </trkpt>
   <trkpt lat="38.988490000000006" lon="-76.86918">
    <ele>46.49</ele>
   </trkpt>
   <trkpt lat="38.988290000000006" lon="-76.86897">
    <ele>46.1</ele>
   </trkpt>
   <trkpt lat="38.988110000000006" lon="-76.86869">
    <ele>46.00000000000001</ele>
   </trkpt>
   <trkpt lat="38.98778" lon="-76.86800000000001">
    <ele>46.68000000000001</ele>
   </trkpt>
   <trkpt lat="38.987340000465004" lon="-76.86835000222152">
    <ele>46.1</ele>
   </trkpt>
   <trkpt lat="38.986900000000006" lon="-76.8687">
    <ele>47.06</ele>
   </trkpt>
   <trkpt lat="38.986760000000004" lon="-76.86879">
    <ele>47.580000000000005</ele>
   </trkpt>
   <trkpt lat="38.98639" lon="-76.86891">
    <ele>49.07</ele>
   </trkpt>
   <trkpt lat="38.98592" lon="-76.86896">
    <ele>50.67000000000001</ele>
   </trkpt>
   <trkpt lat="38.985710000000005" lon="-76.86904000000001">
    <ele>51.5</ele>
   </trkpt>
   <trkpt lat="38.98543" lon="-76.86917000000001">
    <ele>52.89000000000001</ele>
   </trkpt>
   <trkpt lat="38.98521" lon="-76.86935000000001">
    <ele>53.15</ele>
   </trkpt>
   <trkpt lat="38.984680000000004" lon="-76.87003">
    <ele>52.99</ele>
   </trkpt>
   <trkpt lat="38.98433" lon="-76.87026">
    <ele>51.67000000000001</ele>
   </trkpt>
   <trkpt lat="38.984190000000005" lon="-76.87034000000001">
    <ele>50.96</ele>
   </trkpt>
   <trkpt lat="38.98405" lon="-76.87035">
    <ele>50.96</ele>
   </trkpt>
   <trkpt lat="38.98351" lon="-76.87047000000001">
    <ele>49.550000000000004</ele>
   </trkpt>
   <trkpt lat="38.983450000000005" lon="-76.87008">
    <ele>49.99000000000001</ele>
   </trkpt>
   <trkpt lat="38.983380000000004" lon="-76.86981">
    <ele>50.24000000000001</ele>
   </trkpt>
   <trkpt lat="38.983180000000004" lon="-76.86933">
    <ele>50.86</ele>
   </trkpt>
   <trkpt lat="38.982910000000004" lon="-76.86890000000001">
    <ele>50.86</ele>
   </trkpt>
   <trkpt lat="38.982620000000004" lon="-76.86856">
    <ele>51.35000000000001</ele>
   </trkpt>
   <trkpt lat="38.98245" lon="-76.86841000000001">
    <ele>51.46000000000001</ele>
   </trkpt>
   <trkpt lat="38.98201" lon="-76.86810000000001">
    <ele>51.32</ele>
   </trkpt>
   <trkpt lat="38.98140000085634" lon="-76.86763999600164">
    <ele>50.230000000000004</ele>
   </trkpt>
   <trkpt lat="38.980790000000006" lon="-76.86718">
    <ele>49.34</ele>
   </trkpt>
   <trkpt lat="38.98062" lon="-76.86708">
    <ele>48.31</ele>
   </trkpt>
   <trkpt lat="38.980320000000006" lon="-76.86699">
    <ele>47.00000000000001</ele>
   </trkpt>
   <trkpt lat="38.9802" lon="-76.86693000000001">
    <ele>46.86000000000001</ele>
   </trkpt>
   <trkpt lat="38.97979" lon="-76.86686">
    <ele>45.790000000000006</ele>
   </trkpt>
   <trkpt lat="38.978955000029366" lon="-76.86676999893811">
    <ele>42.440000000000005</ele>
   </trkpt>
   <trkpt lat="38.978120000000004" lon="-76.86668">
    <ele>38.48</ele>
   </trkpt>
   <trkpt lat="38.977540000000005" lon="-76.86657000000001">
    <ele>37.67</ele>
   </trkpt>
   <trkpt lat="38.97688" lon="-76.86649000000001">
    <ele>36.160000000000004</ele>
   </trkpt>
   <trkpt lat="38.976060000000004" lon="-76.86636">
    <ele>33.330000000000005</ele>
   </trkpt>
   <trkpt lat="38.97520857172572" lon="-76.86625284941448">
    <ele>31.78</ele>
   </trkpt>
   <trkpt lat="38.97435714335345" lon="-76.86614570140543">
    <ele>32.400000000000006</ele>
   </trkpt>
   <trkpt lat="38.9735057148832" lon="-76.86603855597276">
    <ele>35.56</ele>
   </trkpt>
   <trkpt lat="38.972654286315" lon="-76.8659314131163">
    <ele>40.86</ele>
   </trkpt>
   <trkpt lat="38.97180285764881" lon="-76.86582427283592">
    <ele>40.400000000000006</ele>
   </trkpt>
   <trkpt lat="38.97095142888466" lon="-76.86571713513149">
    <ele>35.09</ele>
   </trkpt>
   <trkpt lat="38.9701" lon="-76.86561">
    <ele>32.82</ele>
   </trkpt>
   <trkpt lat="38.970185014930976" lon="-76.8645300038909">
    <ele>37.040000000000006</ele>
   </trkpt>
   <trkpt lat="38.970270019907865" lon="-76.8634500051894">
    <ele>38.330000000000005</ele>
   </trkpt>
   <trkpt lat="38.97035501493061" lon="-76.86237000389576">
    <ele>40.800000000000004</ele>
   </trkpt>
   <trkpt lat="38.97044" lon="-76.86129000000001">
    <ele>43.33</ele>
   </trkpt>
   <trkpt lat="38.97052500187151" lon="-76.86062500091921">
    <ele>42.830000000000005</ele>
   </trkpt>
   <trkpt lat="38.97061" lon="-76.85996">
    <ele>43.5</ele>
   </trkpt>
   <trkpt lat="38.970650000000006" lon="-76.85977000000001">
    <ele>43.260000000000005</ele>
   </trkpt>
   <trkpt lat="38.97073" lon="-76.85879000000001">
    <ele>42.7</ele>
   </trkpt>
   <trkpt lat="38.97041" lon="-76.85892000000001">
    <ele>41.410000000000004</ele>
   </trkpt>
   <trkpt lat="38.970060000000004" lon="-76.85897">
    <ele>40.71</ele>
   </trkpt>
   <trkpt lat="38.969415000021264" lon="-76.85892499959111">
    <ele>40.6</ele>
   </trkpt>
   <trkpt lat="38.968770000000006" lon="-76.85888">
    <ele>40.99</ele>
   </trkpt>
   <trkpt lat="38.968825010774545" lon="-76.85796250216029">
    <ele>41.440000000000005</ele>
   </trkpt>
   <trkpt lat="38.96888001436517" lon="-76.85704500289556">
    <ele>43.74</ele>
   </trkpt>
   <trkpt lat="38.968935010771816" lon="-76.85612750220601">
    <ele>46.05</ele>
   </trkpt>
   <trkpt lat="38.968990000000005" lon="-76.85521">
    <ele>44.99</ele>
   </trkpt>
   <trkpt lat="38.96852000009647" lon="-76.85514999961224">
    <ele>44.870000000000005</ele>
   </trkpt>
   <trkpt lat="38.968050000000005" lon="-76.85509">
    <ele>46.510000000000005</ele>
   </trkpt>
   <trkpt lat="38.9675" lon="-76.85506000000001">
    <ele>46.74</ele>
   </trkpt>
   <trkpt lat="38.96801667093264" lon="-76.85435001040683">
    <ele>45.12</ele>
   </trkpt>
   <trkpt lat="38.96853333756339" lon="-76.85364001045635">
    <ele>41.84</ele>
   </trkpt>
   <trkpt lat="38.96905" lon="-76.85293">
    <ele>40.68</ele>
   </trkpt>
   <trkpt lat="38.96952" lon="-76.85212">
    <ele>43.15</ele>
   </trkpt>
   <trkpt lat="38.96993000525187" lon="-76.85133667570611">
    <ele>45.34</ele>
   </trkpt>
   <trkpt lat="38.970340005267204" lon="-76.8505533423436">
    <ele>47.620000000000005</ele>
   </trkpt>
   <trkpt lat="38.97075" lon="-76.84977">
    <ele>49.5</ele>
   </trkpt>
   <trkpt lat="38.97106" lon="-76.84913">
    <ele>51.81</ele>
   </trkpt>
   <trkpt lat="38.9706100005108" lon="-76.84874499744984">
    <ele>52.72</ele>
   </trkpt>
   <trkpt lat="38.97016" lon="-76.84836">
    <ele>53.550000000000004</ele>
   </trkpt>
   <trkpt lat="38.96952000050811" lon="-76.84799499666761">
    <ele>51.93</ele>
   </trkpt>
   <trkpt lat="38.968880000000006" lon="-76.84763000000001">
    <ele>54.080000000000005</ele>
   </trkpt>
   <trkpt lat="38.96808750219526" lon="-76.84721498606622">
    <ele>52.25000000000001</ele>
   </trkpt>
   <trkpt lat="38.967295002920686" lon="-76.84679998141866">
    <ele>45.2</ele>
   </trkpt>
   <trkpt lat="38.96650250217637" lon="-76.84638498605685">
    <ele>43.99</ele>
   </trkpt>
   <trkpt lat="38.96571" lon="-76.84597000000001">
    <ele>48.720000000000006</ele>
   </trkpt>
   <trkpt lat="38.965952508932084" lon="-76.84513500855053">
    <ele>52.10000000000001</ele>
   </trkpt>
   <trkpt lat="38.96619501191427" lon="-76.84430001138423">
    <ele>52.22</ele>
   </trkpt>
   <trkpt lat="38.96643750894649" lon="-76.84346500850117">
    <ele>52.13</ele>
   </trkpt>
   <trkpt lat="38.966680000000004" lon="-76.84263">
    <ele>49.52</ele>
   </trkpt>
   <trkpt lat="38.96686500164359" lon="-76.84200500171053">
    <ele>49.52</ele>
   </trkpt>
   <trkpt lat="38.96705" lon="-76.84138">
    <ele>49.52</ele>
   </trkpt>
   <trkpt lat="38.966480001007646" lon="-76.84103999454106">
    <ele>50.440000000000005</ele>
   </trkpt>
   <trkpt lat="38.96591000102874" lon="-76.84069999455373">
    <ele>51.690000000000005</ele>
   </trkpt>
   <trkpt lat="38.965340000000005" lon="-76.84036">
    <ele>52.96000000000001</ele>
   </trkpt>
   <trkpt lat="38.964960000000005" lon="-76.84029000000001">
    <ele>53.57000000000001</ele>
   </trkpt>
   <trkpt lat="38.964920000000006" lon="-76.83968">
    <ele>53.800000000000004</ele>
   </trkpt>
   <trkpt lat="38.96488" lon="-76.83938">
    <ele>53.64000000000001</ele>
   </trkpt>
   <trkpt lat="38.96477" lon="-76.83887">
    <ele>53.26</ele>
   </trkpt>
   <trkpt lat="38.96461" lon="-76.83838">
    <ele>52.46000000000001</ele>
   </trkpt>
   <trkpt lat="38.964240000000004" lon="-76.83744">
    <ele>51.160000000000004</ele>
   </trkpt>
   <trkpt lat="38.96393500301579" lon="-76.83660999663458">
    <ele>49.39</ele>
   </trkpt>
   <trkpt lat="38.96363" lon="-76.83578">
    <ele>48.67</ele>
   </trkpt>
   <trkpt lat="38.963326673979644" lon="-76.83485665887483">
    <ele>46.56</ele>
   </trkpt>
   <trkpt lat="38.96302334068393" lon="-76.83393332565613">
    <ele>43.15</ele>
   </trkpt>
   <trkpt lat="38.962720000000004" lon="-76.83301">
    <ele>41.480000000000004</ele>
   </trkpt>
   <trkpt lat="38.96273" lon="-76.83296">
    <ele>41.480000000000004</ele>
   </trkpt>
   <trkpt lat="38.962700000000005" lon="-76.83293">
    <ele>41.480000000000004</ele>
   </trkpt>
   <trkpt lat="38.96251" lon="-76.83234">
    <ele>40.53</ele>
   </trkpt>
   <trkpt lat="38.96226" lon="-76.83163">
    <ele>39.550000000000004</ele>
   </trkpt>
   <trkpt lat="38.962030000000006" lon="-76.83116000000001">
    <ele>38.99</ele>
   </trkpt>
   <trkpt lat="38.96173" lon="-76.83063">
    <ele>38.6</ele>
   </trkpt>
   <trkpt lat="38.96129000173425" lon="-76.82998499593464">
    <ele>38.040000000000006</ele>
   </trkpt>
   <trkpt lat="38.96085" lon="-76.82934">
    <ele>37.26</ele>
   </trkpt>
   <trkpt lat="38.960406669879205" lon="-76.82872332557118">
    <ele>36.910000000000004</ele>
   </trkpt>
   <trkpt lat="38.95996333651328" lon="-76.8281066588593">
    <ele>37.2</ele>
   </trkpt>
   <trkpt lat="38.959520000000005" lon="-76.82749000000001">
    <ele>39.2</ele>
   </trkpt>
   <trkpt lat="38.95919000000001" lon="-76.82696">
    <ele>41.690000000000005</ele>
   </trkpt>
   <trkpt lat="38.959010000000006" lon="-76.82664000000001">
    <ele>42.63</ele>
   </trkpt>
   <trkpt lat="38.958960000000005" lon="-76.82651000000001">
    <ele>42.95</ele>
   </trkpt>
   <trkpt lat="38.95850000264793" lon="-76.82571999484598">
    <ele>44.77</ele>
   </trkpt>
   <trkpt lat="38.958040000000004" lon="-76.82493000000001">
    <ele>44.870000000000005</ele>
   </trkpt>
   <trkpt lat="38.958020000000005" lon="-76.82485000000001">
    <ele>44.870000000000005</ele>
   </trkpt>
   <trkpt lat="38.95812" lon="-76.82469">
    <ele>44.45</ele>
   </trkpt>
   <trkpt lat="38.95832" lon="-76.82486">
    <ele>44.120000000000005</ele>
   </trkpt>
   <trkpt lat="38.958400000000005" lon="-76.82481">
    <ele>43.97</ele>
   </trkpt>
   <trkpt lat="38.95853" lon="-76.82468">
    <ele>43.46000000000001</ele>
   </trkpt>
   <trkpt lat="38.95879" lon="-76.82428">
    <ele>41.230000000000004</ele>
   </trkpt>
   <trkpt lat="38.95891" lon="-76.82422000000001">
    <ele>41.07</ele>
   </trkpt>
   <trkpt lat="38.95909" lon="-76.8241">
    <ele>40.93</ele>
   </trkpt>
   <trkpt lat="38.959620004789045" lon="-76.82335001123548">
    <ele>40.120000000000005</ele>
   </trkpt>
   <trkpt lat="38.960150004778114" lon="-76.8226000112511">
    <ele>39.13</ele>
   </trkpt>
   <trkpt lat="38.96068" lon="-76.82185000000001">
    <ele>37.410000000000004</ele>
   </trkpt>
   <trkpt lat="38.96083" lon="-76.82165">
    <ele>37.790000000000006</ele>
   </trkpt>
   <trkpt lat="38.96133000643598" lon="-76.82094001505502">
    <ele>40.050000000000004</ele>
   </trkpt>
   <trkpt lat="38.961830008570324" lon="-76.82023002008921">
    <ele>41.11</ele>
   </trkpt>
   <trkpt lat="38.962330006402944" lon="-76.81952001510236">
    <ele>43.61</ele>
   </trkpt>
   <trkpt lat="38.962830000000004" lon="-76.81881000000001">
    <ele>45.21000000000001</ele>
   </trkpt>
   <trkpt lat="38.96334" lon="-76.81819">
    <ele>47.02</ele>
   </trkpt>
   <trkpt lat="38.96381000477381" lon="-76.8174400099933">
    <ele>48.150000000000006</ele>
   </trkpt>
   <trkpt lat="38.96428000474751" lon="-76.81669001003542">
    <ele>49.190000000000005</ele>
   </trkpt>
   <trkpt lat="38.96475" lon="-76.81594000000001">
    <ele>49.52</ele>
   </trkpt>
   <trkpt lat="38.96515" lon="-76.81514">
    <ele>48.43</ele>
   </trkpt>
   <trkpt lat="38.965455001919935" lon="-76.81447000287463">
    <ele>47.830000000000005</ele>
   </trkpt>
   <trkpt lat="38.96576" lon="-76.8138">
    <ele>47.150000000000006</ele>
   </trkpt>
   <trkpt lat="38.96564" lon="-76.81371">
    <ele>46.900000000000006</ele>
   </trkpt>
   <trkpt lat="38.965630000000004" lon="-76.81358">
    <ele>46.830000000000005</ele>
   </trkpt>
   <trkpt lat="38.96564" lon="-76.81325000000001">
    <ele>46.93000000000001</ele>
   </trkpt>
   <trkpt lat="38.96562" lon="-76.81304">
    <ele>46.89</ele>
   </trkpt>
   <trkpt lat="38.96566" lon="-76.81294000000001">
    <ele>46.77</ele>
   </trkpt>
   <trkpt lat="38.96584" lon="-76.81269">
    <ele>46.720000000000006</ele>
   </trkpt>
   <trkpt lat="38.96618" lon="-76.81197">
    <ele>46.760000000000005</ele>
   </trkpt>
   <trkpt lat="38.96642000000001" lon="-76.81169000000001">
    <ele>46.580000000000005</ele>
   </trkpt>
   <trkpt lat="38.96656" lon="-76.81125">
    <ele>46.940000000000005</ele>
   </trkpt>
   <trkpt lat="38.966750000000005" lon="-76.81089">
    <ele>47.64</ele>
   </trkpt>
   <trkpt lat="38.966770000000004" lon="-76.81076">
    <ele>48.43</ele>
   </trkpt>
   <trkpt lat="38.96676" lon="-76.81046">
    <ele>48.620000000000005</ele>
   </trkpt>
   <trkpt lat="38.967020000000005" lon="-76.81048000000001">
    <ele>47.910000000000004</ele>
   </trkpt>
   <trkpt lat="38.967200000000005" lon="-76.81035">
    <ele>47.040000000000006</ele>
   </trkpt>
   <trkpt lat="38.96755500894183" lon="-76.80951501251451">
    <ele>46.220000000000006</ele>
   </trkpt>
   <trkpt lat="38.96791001193375" lon="-76.80868001665966">
    <ele>46.1</ele>
   </trkpt>
   <trkpt lat="38.968265008975614" lon="-76.80784501243544">
    <ele>45.89000000000001</ele>
   </trkpt>
   <trkpt lat="38.96862" lon="-76.80701">
    <ele>46.11000000000001</ele>
   </trkpt>
   <trkpt lat="38.968975002961734" lon="-76.80619500379191">
    <ele>46.39</ele>
   </trkpt>
   <trkpt lat="38.96933000000001" lon="-76.80538">
    <ele>47.300000000000004</ele>
   </trkpt>
   <trkpt lat="38.969550000000005" lon="-76.80493000000001">
    <ele>47.870000000000005</ele>
   </trkpt>
   <trkpt lat="38.970020000000005" lon="-76.80405">
    <ele>48.86</ele>
   </trkpt>
   <trkpt lat="38.97043000208905" lon="-76.80335500397567">
    <ele>50.150000000000006</ele>
   </trkpt>
   <trkpt lat="38.97084" lon="-76.80266">
    <ele>51.31</ele>
   </trkpt>
   <trkpt lat="38.97137250908748" lon="-76.80181751900099">
    <ele>52.480000000000004</ele>
   </trkpt>
   <trkpt lat="38.97190501211757" lon="-76.80097502533361">
    <ele>54.080000000000005</ele>
   </trkpt>
   <trkpt lat="38.97243750909004" lon="-76.80013251899756">
    <ele>54.62</ele>
   </trkpt>
   <trkpt lat="38.972970000000004" lon="-76.79929000000001">
    <ele>55.31</ele>
   </trkpt>
   <trkpt lat="38.973020000000005" lon="-76.79917">
    <ele>55.34</ele>
   </trkpt>
   <trkpt lat="38.97305" lon="-76.79903">
    <ele>55.32</ele>
   </trkpt>
   <trkpt lat="38.97308" lon="-76.79896000000001">
    <ele>55.32</ele>
   </trkpt>
   <trkpt lat="38.97343" lon="-76.79839000000001">
    <ele>54.900000000000006</ele>
   </trkpt>
   <trkpt lat="38.973530000000004" lon="-76.79831">
    <ele>54.62</ele>
   </trkpt>
   <trkpt lat="38.973800000000004" lon="-76.79799000000001">
    <ele>53.910000000000004</ele>
   </trkpt>
   <trkpt lat="38.97431000292183" lon="-76.79715500610051">
    <ele>51.81</ele>
   </trkpt>
   <trkpt lat="38.97482" lon="-76.79632000000001">
    <ele>50.300000000000004</ele>
   </trkpt>
   <trkpt lat="38.97537000279463" lon="-76.79550500638865">
    <ele>48.77</ele>
   </trkpt>
   <trkpt lat="38.97592" lon="-76.79469">
    <ele>46.8</ele>
   </trkpt>
   <trkpt lat="38.97644800785302" lon="-76.79401202021268">
    <ele>45.39000000000001</ele>
   </trkpt>
   <trkpt lat="38.97697601178308" lon="-76.79333403031492">
    <ele>45.540000000000006</ele>
   </trkpt>
   <trkpt lat="38.97750401179" lon="-76.79265603030646">
    <ele>45.900000000000006</ele>
   </trkpt>
   <trkpt lat="38.97803200787371" lon="-76.79197802018702">
    <ele>46.89</ele>
   </trkpt>
   <trkpt lat="38.97856" lon="-76.7913">
    <ele>48.21</ele>
   </trkpt>
   <trkpt lat="38.979060000000004" lon="-76.79063000000001">
    <ele>49.730000000000004</ele>
   </trkpt>
   <trkpt lat="38.9797" lon="-76.78985">
    <ele>50.59</ele>
   </trkpt>
   <trkpt lat="38.98012500134555" lon="-76.78929000335175">
    <ele>51.440000000000005</ele>
   </trkpt>
   <trkpt lat="38.98055" lon="-76.78873">
    <ele>51.53000000000001</ele>
   </trkpt>
   <trkpt lat="38.980935001352435" lon="-76.78821000255942">
    <ele>50.830000000000005</ele>
   </trkpt>
   <trkpt lat="38.981320000000004" lon="-76.78769000000001">
    <ele>50.06000000000001</ele>
   </trkpt>
   <trkpt lat="38.98183001727622" lon="-76.78686860693169">
    <ele>48.67</ele>
   </trkpt>
   <trkpt lat="38.982340028794056" lon="-76.78604720202934">
    <ele>46.96</ele>
   </trkpt>
   <trkpt lat="38.98285003455331" lon="-76.78522578529277">
    <ele>45.910000000000004</ele>
   </trkpt>
   <trkpt lat="38.98336003455378" lon="-76.78440435672167">
    <ele>44.410000000000004</ele>
   </trkpt>
   <trkpt lat="38.98387002879531" lon="-76.78358291631582">
    <ele>42.89</ele>
   </trkpt>
   <trkpt lat="38.98438001727767" lon="-76.78276146407497">
    <ele>41.96</ele>
   </trkpt>
   <trkpt lat="38.98489" lon="-76.78194">
    <ele>40.980000000000004</ele>
   </trkpt>
   <trkpt lat="38.98540500864845" lon="-76.781117517971">
    <ele>40.28</ele>
   </trkpt>
   <trkpt lat="38.98592001152306" lon="-76.7802950239748">
    <ele>40.940000000000005</ele>
   </trkpt>
   <trkpt lat="38.98643500862366" lon="-76.77947251801115">
    <ele>41.38</ele>
   </trkpt>
   <trkpt lat="38.98695" lon="-76.77865000000001">
    <ele>41.52</ele>
   </trkpt>
   <trkpt lat="38.98736000171305" lon="-76.77802500354991">
    <ele>41.64</ele>
   </trkpt>
   <trkpt lat="38.987770000000005" lon="-76.7774">
    <ele>41.75</ele>
   </trkpt>
   <trkpt lat="38.98816" lon="-76.77675">
    <ele>42.09</ele>
   </trkpt>
   <trkpt lat="38.98836" lon="-76.77672000000001">
    <ele>43.22</ele>
   </trkpt>
   <trkpt lat="38.988510000000005" lon="-76.77651">
    <ele>44.93000000000001</ele>
   </trkpt>
   <trkpt lat="38.98874" lon="-76.77615">
    <ele>46.230000000000004</ele>
   </trkpt>
   <trkpt lat="38.989000000000004" lon="-76.77562">
    <ele>44.42</ele>
   </trkpt>
   <trkpt lat="38.98937" lon="-76.77507">
    <ele>45.03</ele>
   </trkpt>
   <trkpt lat="38.9896" lon="-76.77446">
    <ele>45.25000000000001</ele>
   </trkpt>
   <trkpt lat="38.99014000320191" lon="-76.77359500658541">
    <ele>45.24</ele>
   </trkpt>
   <trkpt lat="38.990680000000005" lon="-76.77273000000001">
    <ele>45.6</ele>
   </trkpt>
   <trkpt lat="38.99106500158373" lon="-76.77213500312399">
    <ele>45.62</ele>
   </trkpt>
   <trkpt lat="38.99145" lon="-76.77154">
    <ele>44.92</ele>
   </trkpt>
   <trkpt lat="38.99192000150086" lon="-76.770930004164">
    <ele>44.61</ele>
   </trkpt>
   <trkpt lat="38.99239" lon="-76.77032000000001">
    <ele>43.27</ele>
   </trkpt>
   <trkpt lat="38.992790000883645" lon="-76.76986000262222">
    <ele>42.27</ele>
   </trkpt>
   <trkpt lat="38.993190000000006" lon="-76.7694">
    <ele>41.49</ele>
   </trkpt>
   <trkpt lat="38.99364500092711" lon="-76.76894500288172">
    <ele>40.330000000000005</ele>
   </trkpt>
   <trkpt lat="38.9941" lon="-76.76849">
    <ele>39.220000000000006</ele>
   </trkpt>
   <trkpt lat="38.9948271535247" lon="-76.76784432553205">
    <ele>37.15</ele>
   </trkpt>
   <trkpt lat="38.99555430349088" lon="-76.76719863779506">
    <ele>35.120000000000005</ele>
   </trkpt>
   <trkpt lat="38.99628144989834" lon="-76.76655293678846">
    <ele>33.65</ele>
   </trkpt>
   <trkpt lat="38.99700859274695" lon="-76.76590722251174">
    <ele>32.38</ele>
   </trkpt>
   <trkpt lat="38.997735732036524" lon="-76.76526149496432">
    <ele>30.26</ele>
   </trkpt>
   <trkpt lat="38.9984628677669" lon="-76.76461575414564">
    <ele>28.41</ele>
   </trkpt>
   <trkpt lat="38.999190000000006" lon="-76.76397">
    <ele>27.580000000000002</ele>
   </trkpt>
   <trkpt lat="38.999790003424934" lon="-76.76345251316877">
    <ele>27.340000000000003</ele>
   </trkpt>
   <trkpt lat="39.00039000456395" lon="-76.76293501756086">
    <ele>27.32</ele>
   </trkpt>
   <trkpt lat="39.00099000341698" lon="-76.762417513176">
    <ele>27.78</ele>
   </trkpt>
   <trkpt lat="39.00159" lon="-76.76190000000001">
    <ele>28.32</ele>
   </trkpt>
   <trkpt lat="39.002210000000005" lon="-76.76138">
    <ele>31.32</ele>
   </trkpt>
   <trkpt lat="39.002810000000004" lon="-76.76097">
    <ele>35.83</ele>
   </trkpt>
   <trkpt lat="39.00316" lon="-76.76066">
    <ele>35.09</ele>
   </trkpt>
   <trkpt lat="39.003350000000005" lon="-76.7604">
    <ele>33.68</ele>
   </trkpt>
   <trkpt lat="39.00339" lon="-76.76024000000001">
    <ele>33.68</ele>
   </trkpt>
   <trkpt lat="39.00379000108029" lon="-76.75971000315386">
    <ele>34.54</ele>
   </trkpt>
   <trkpt lat="39.00419" lon="-76.75918">
    <ele>34.760000000000005</ele>
   </trkpt>
   <trkpt lat="39.004540000000006" lon="-76.75857">
    <ele>34.510000000000005</ele>
   </trkpt>
   <trkpt lat="39.00477" lon="-76.75813000000001">
    <ele>34.230000000000004</ele>
   </trkpt>
   <trkpt lat="39.00491" lon="-76.75781">
    <ele>33.53</ele>
   </trkpt>
   <trkpt lat="39.00533003963042" lon="-76.75684642085741">
    <ele>32.38</ele>
   </trkpt>
   <trkpt lat="39.005750071334944" lon="-76.75588283027194">
    <ele>30.470000000000002</ele>
   </trkpt>
   <trkpt lat="39.00617009511334" lon="-76.7549192282435">
    <ele>28.82</ele>
   </trkpt>
   <trkpt lat="39.0065901109654" lon="-76.753955614772">
    <ele>27.540000000000003</ele>
   </trkpt>
   <trkpt lat="39.007010118890925" lon="-76.75299198985734">
    <ele>26.02</ele>
   </trkpt>
   <trkpt lat="39.007430118889694" lon="-76.75202835349943">
    <ele>25.09</ele>
   </trkpt>
   <trkpt lat="39.007850110961485" lon="-76.7510647056982">
    <ele>25.07</ele>
   </trkpt>
   <trkpt lat="39.0082700951061" lon="-76.75010104645354">
    <ele>24.78</ele>
   </trkpt>
   <trkpt lat="39.008690071323315" lon="-76.74913737576534">
    <ele>25.0</ele>
   </trkpt>
   <trkpt lat="39.009110039612935" lon="-76.74817369363355">
    <ele>26.080000000000002</ele>
   </trkpt>
   <trkpt lat="39.009530000000005" lon="-76.74721000000001">
    <ele>26.35</ele>
   </trkpt>
   <trkpt lat="39.00965" lon="-76.74673">
    <ele>26.660000000000004</ele>
   </trkpt>
   <trkpt lat="39.00965" lon="-76.74664">
    <ele>26.51</ele>
   </trkpt>
   <trkpt lat="39.00958" lon="-76.74652">
    <ele>26.51</ele>
   </trkpt>
   <trkpt lat="39.00990333795005" lon="-76.74578667331257">
    <ele>24.43</ele>
   </trkpt>
   <trkpt lat="39.010226671309375" lon="-76.74505333992039">
    <ele>23.35</ele>
   </trkpt>
   <trkpt lat="39.01055" lon="-76.74432">
    <ele>22.53</ele>
   </trkpt>
   <trkpt lat="39.01064" lon="-76.74427">
    <ele>22.250000000000004</ele>
   </trkpt>
   <trkpt lat="39.010870000000004" lon="-76.74432">
    <ele>22.17</ele>
   </trkpt>
   <trkpt lat="39.01095" lon="-76.74430000000001">
    <ele>22.17</ele>
   </trkpt>
   <trkpt lat="39.01111" lon="-76.74445">
    <ele>22.500000000000004</ele>
   </trkpt>
   <trkpt lat="39.011300000000006" lon="-76.74459">
    <ele>22.39</ele>
   </trkpt>
   <trkpt lat="39.011410000000005" lon="-76.74463">
    <ele>22.22</ele>
   </trkpt>
   <trkpt lat="39.0116" lon="-76.74461000000001">
    <ele>21.66</ele>
   </trkpt>
   <trkpt lat="39.011810000000004" lon="-76.74462000000001">
    <ele>21.470000000000002</ele>
   </trkpt>
   <trkpt lat="39.01260333370716" lon="-76.74483332854322">
    <ele>19.85</ele>
   </trkpt>
   <trkpt lat="39.01339666702583" lon="-76.74504666187252">
    <ele>17.8</ele>
   </trkpt>
   <trkpt lat="39.014190000000006" lon="-76.74526">
    <ele>17.210000000000004</ele>
   </trkpt>
   <trkpt lat="39.01485750044643" lon="-76.74544999461519">
    <ele>17.41</ele>
   </trkpt>
   <trkpt lat="39.01552500058469" lon="-76.74563999281715">
    <ele>17.46</ele>
   </trkpt>
   <trkpt lat="39.016192500414746" lon="-76.74582999460603">
    <ele>17.66</ele>
   </trkpt>
   <trkpt lat="39.01686" lon="-76.74602">
    <ele>18.03</ele>
   </trkpt>
   <trkpt lat="39.01715" lon="-76.74606">
    <ele>17.740000000000002</ele>
   </trkpt>
   <trkpt lat="39.01744" lon="-76.74606">
    <ele>17.810000000000002</ele>
   </trkpt>
   <trkpt lat="39.01803" lon="-76.74592000000001">
    <ele>17.8</ele>
   </trkpt>
   <trkpt lat="39.01883333463706" lon="-76.74552334236635">
    <ele>17.69</ele>
   </trkpt>
   <trkpt lat="39.019636667930875" lon="-76.74512667571936">
    <ele>17.76</ele>
   </trkpt>
   <trkpt lat="39.02044" lon="-76.74473">
    <ele>17.57</ele>
   </trkpt>
   <trkpt lat="39.02085" lon="-76.74459">
    <ele>17.53</ele>
   </trkpt>
   <trkpt lat="39.02123" lon="-76.7445">
    <ele>17.71</ele>
   </trkpt>
   <trkpt lat="39.021710000000006" lon="-76.74445">
    <ele>17.84</ele>
   </trkpt>
   <trkpt lat="39.02212" lon="-76.74445">
    <ele>17.86</ele>
   </trkpt>
   <trkpt lat="39.022600000000004" lon="-76.7445">
    <ele>17.910000000000004</ele>
   </trkpt>
   <trkpt lat="39.023160000000004" lon="-76.74463">
    <ele>17.69</ele>
   </trkpt>
   <trkpt lat="39.023645000051125" lon="-76.7447649990664">
    <ele>17.78</ele>
   </trkpt>
   <trkpt lat="39.02413000000001" lon="-76.7449">
    <ele>18.05</ele>
   </trkpt>
   <trkpt lat="39.02488" lon="-76.74517">
    <ele>19.44</ele>
   </trkpt>
   <trkpt lat="39.02543" lon="-76.74543000000001">
    <ele>21.28</ele>
   </trkpt>
   <trkpt lat="39.02565000505475" lon="-76.74434000347652">
    <ele>21.35</ele>
   </trkpt>
   <trkpt lat="39.025870000000005" lon="-76.74325">
    <ele>21.03</ele>
   </trkpt>
   <trkpt lat="39.025890000000004" lon="-76.74323000000001">
    <ele>20.98</ele>
   </trkpt>
   <trkpt lat="39.02655" lon="-76.74285">
    <ele>21.400000000000002</ele>
   </trkpt>
   <trkpt lat="39.02666" lon="-76.74276">
    <ele>21.62</ele>
   </trkpt>
   <trkpt lat="39.026740000000004" lon="-76.74221">
    <ele>21.910000000000004</ele>
   </trkpt>
   <trkpt lat="39.027100000000004" lon="-76.74118">
    <ele>24.220000000000002</ele>
   </trkpt>
   <trkpt lat="39.027100000000004" lon="-76.74109">
    <ele>24.580000000000002</ele>
   </trkpt>
   <trkpt lat="39.02704000000001" lon="-76.74091">
    <ele>25.77</ele>
   </trkpt>
   <trkpt lat="39.027100000000004" lon="-76.74078">
    <ele>25.77</ele>
   </trkpt>
   <trkpt lat="39.02714" lon="-76.74074">
    <ele>26.930000000000003</ele>
   </trkpt>
   <trkpt lat="39.02725" lon="-76.74080000000001">
    <ele>26.930000000000003</ele>
   </trkpt>
   <trkpt lat="39.027460000000005" lon="-76.74123">
    <ele>29.450000000000003</ele>
   </trkpt>
   <trkpt lat="39.02754" lon="-76.74127">
    <ele>30.0</ele>
   </trkpt>
   <trkpt lat="39.02761" lon="-76.74123">
    <ele>30.250000000000004</ele>
   </trkpt>
   <trkpt lat="39.027660000000004" lon="-76.74114">
    <ele>30.720000000000002</ele>
   </trkpt>
   <trkpt lat="39.02765" lon="-76.74105">
    <ele>30.720000000000002</ele>
   </trkpt>
   <trkpt lat="39.02760000000001" lon="-76.74096">
    <ele>31.76</ele>
   </trkpt>
   <trkpt lat="39.02751000000001" lon="-76.74088">
    <ele>31.76</ele>
   </trkpt>
   <trkpt lat="39.02747" lon="-76.74069">
    <ele>32.95</ele>
   </trkpt>
   <trkpt lat="39.02747" lon="-76.74029">
    <ele>34.83</ele>
   </trkpt>
   <trkpt lat="39.02754" lon="-76.74015">
    <ele>35.300000000000004</ele>
   </trkpt>
   <trkpt lat="39.027710000000006" lon="-76.74011">
    <ele>36.17</ele>
   </trkpt>
   <trkpt lat="39.027800000000006" lon="-76.74007">
    <ele>37.3</ele>
   </trkpt>
   <trkpt lat="39.027910000000006" lon="-76.73993">
    <ele>37.7</ele>
   </trkpt>
   <trkpt lat="39.02796" lon="-76.73979">
    <ele>37.88</ele>
   </trkpt>
   <trkpt lat="39.02801" lon="-76.73971">
    <ele>37.88</ele>
   </trkpt>
   <trkpt lat="39.02848" lon="-76.73962">
    <ele>39.980000000000004</ele>
   </trkpt>
   <trkpt lat="39.02884" lon="-76.7393">
    <ele>41.300000000000004</ele>
   </trkpt>
   <trkpt lat="39.02919" lon="-76.73918">
    <ele>43.24</ele>
   </trkpt>
   <trkpt lat="39.029630000000004" lon="-76.73881">
    <ele>45.68000000000001</ele>
   </trkpt>
   <trkpt lat="39.02985" lon="-76.73859">
    <ele>46.8</ele>
   </trkpt>
   <trkpt lat="39.02989" lon="-76.73854">
    <ele>46.95</ele>
   </trkpt>
   <trkpt lat="39.02996" lon="-76.73836">
    <ele>47.28</ele>
   </trkpt>
   <trkpt lat="39.029990000000005" lon="-76.73823">
    <ele>47.260000000000005</ele>
   </trkpt>
   <trkpt lat="39.02993" lon="-76.73796">
    <ele>47.040000000000006</ele>
   </trkpt>
   <trkpt lat="39.02993" lon="-76.73787">
    <ele>47.03</ele>
   </trkpt>
   <trkpt lat="39.030080000000005" lon="-76.73764000000001">
    <ele>47.290000000000006</ele>
   </trkpt>
   <trkpt lat="39.03011" lon="-76.73755000000001">
    <ele>47.290000000000006</ele>
   </trkpt>
   <trkpt lat="39.030120000000004" lon="-76.73732000000001">
    <ele>47.910000000000004</ele>
   </trkpt>
   <trkpt lat="39.03011" lon="-76.73715">
    <ele>47.95</ele>
   </trkpt>
   <trkpt lat="39.03005" lon="-76.73698">
    <ele>47.830000000000005</ele>
   </trkpt>
   <trkpt lat="39.029970000000006" lon="-76.73688">
    <ele>47.830000000000005</ele>
   </trkpt>
   <trkpt lat="39.02971" lon="-76.73684">
    <ele>48.160000000000004</ele>
   </trkpt>
   <trkpt lat="39.02962" lon="-76.7368">
    <ele>48.67</ele>
   </trkpt>
   <trkpt lat="39.029560000000004" lon="-76.73675">
    <ele>48.67</ele>
   </trkpt>
   <trkpt lat="39.02947" lon="-76.73657">
    <ele>49.78</ele>
   </trkpt>
   <trkpt lat="39.02933" lon="-76.73608">
    <ele>51.68</ele>
   </trkpt>
   <trkpt lat="39.02938" lon="-76.73564">
    <ele>54.220000000000006</ele>
   </trkpt>
   <trkpt lat="39.02922" lon="-76.73544000000001">
    <ele>54.940000000000005</ele>
   </trkpt>
   <trkpt lat="39.029210000000006" lon="-76.73536">
    <ele>55.21</ele>
   </trkpt>
   <trkpt lat="39.029270000000004" lon="-76.73524">
    <ele>55.21</ele>
   </trkpt>
   <trkpt lat="39.029360000000004" lon="-76.73523">
    <ele>55.790000000000006</ele>
   </trkpt>
   <trkpt lat="39.029410000000006" lon="-76.73527">
    <ele>55.790000000000006</ele>
   </trkpt>
   <trkpt lat="39.029450000000004" lon="-76.73536">
    <ele>56.07</ele>
   </trkpt>
   <trkpt lat="39.02948000000001" lon="-76.73559">
    <ele>57.03</ele>
   </trkpt>
   <trkpt lat="39.02951" lon="-76.73568">
    <ele>57.03</ele>
   </trkpt>
   <trkpt lat="39.029590000000006" lon="-76.73582">
    <ele>57.540000000000006</ele>
   </trkpt>
   <trkpt lat="39.02982" lon="-76.73612">
    <ele>60.410000000000004</ele>
   </trkpt>
   <trkpt lat="39.02989" lon="-76.73616000000001">
    <ele>60.410000000000004</ele>
   </trkpt>
   <trkpt lat="39.029990000000005" lon="-76.73617">
    <ele>61.230000000000004</ele>
   </trkpt>
   <trkpt lat="39.030060000000006" lon="-76.73607000000001">
    <ele>61.970000000000006</ele>
   </trkpt>
   <trkpt lat="39.030080000000005" lon="-76.73582">
    <ele>62.83000000000001</ele>
   </trkpt>
   <trkpt lat="39.030170000000005" lon="-76.73570000000001">
    <ele>62.83000000000001</ele>
   </trkpt>
   <trkpt lat="39.030260000000006" lon="-76.73563">
    <ele>62.83000000000001</ele>
   </trkpt>
   <trkpt lat="39.030260000000006" lon="-76.73558000000001">
    <ele>62.54</ele>
   </trkpt>
   <trkpt lat="39.03009" lon="-76.73523">
    <ele>62.1</ele>
   </trkpt>
   <trkpt lat="39.02996" lon="-76.73487">
    <ele>61.49</ele>
   </trkpt>
   <trkpt lat="39.029790000000006" lon="-76.73415">
    <ele>60.76</ele>
   </trkpt>
   <trkpt lat="39.02976" lon="-76.73370000000001">
    <ele>60.160000000000004</ele>
   </trkpt>
   <trkpt lat="39.02978" lon="-76.73286">
    <ele>59.47</ele>
   </trkpt>
   <trkpt lat="39.02976" lon="-76.73245">
    <ele>59.160000000000004</ele>
   </trkpt>
   <trkpt lat="39.029680000000006" lon="-76.73196">
    <ele>58.71</ele>
   </trkpt>
   <trkpt lat="39.029520000000005" lon="-76.73137000000001">
    <ele>58.24000000000001</ele>
   </trkpt>
   <trkpt lat="39.02937" lon="-76.73101000000001">
    <ele>57.830000000000005</ele>
   </trkpt>
   <trkpt lat="39.02894500234909" lon="-76.73025499531055">
    <ele>56.92</ele>
   </trkpt>
   <trkpt lat="39.02852" lon="-76.7295">
    <ele>54.7</ele>
   </trkpt>
   <trkpt lat="39.02828" lon="-76.72892">
    <ele>52.17</ele>
   </trkpt>
   <trkpt lat="39.0280350032777" lon="-76.72804499700051">
    <ele>48.080000000000005</ele>
   </trkpt>
   <trkpt lat="39.02779" lon="-76.72717">
    <ele>45.36000000000001</ele>
   </trkpt>
   <trkpt lat="39.027640000000005" lon="-76.72643000000001">
    <ele>44.74</ele>
   </trkpt>
   <trkpt lat="39.02765" lon="-76.7257">
    <ele>43.38</ele>
   </trkpt>
   <trkpt lat="39.027730000000005" lon="-76.7252">
    <ele>39.61000000000001</ele>
   </trkpt>
   <trkpt lat="39.02787" lon="-76.72471">
    <ele>39.27</ele>
   </trkpt>
   <trkpt lat="39.02796" lon="-76.72453">
    <ele>38.330000000000005</ele>
   </trkpt>
   <trkpt lat="39.028180000000006" lon="-76.72417">
    <ele>37.73</ele>
   </trkpt>
   <trkpt lat="39.028470000000006" lon="-76.72378">
    <ele>37.1</ele>
   </trkpt>
   <trkpt lat="39.02854000000001" lon="-76.72372">
    <ele>37.08</ele>
   </trkpt>
   <trkpt lat="39.028650000000006" lon="-76.72371000000001">
    <ele>37.12</ele>
   </trkpt>
   <trkpt lat="39.028780000000005" lon="-76.72373">
    <ele>37.22</ele>
   </trkpt>
   <trkpt lat="39.02927000034331" lon="-76.72403999780853">
    <ele>37.99</ele>
   </trkpt>
   <trkpt lat="39.02976" lon="-76.72435">
    <ele>39.57</ele>
   </trkpt>
   <trkpt lat="39.029880000000006" lon="-76.72449">
    <ele>40.67</ele>
   </trkpt>
   <trkpt lat="39.029920000000004" lon="-76.72458">
    <ele>40.86</ele>
   </trkpt>
   <trkpt lat="39.030030000000004" lon="-76.72497000000001">
    <ele>40.800000000000004</ele>
   </trkpt>
   <trkpt lat="39.03013" lon="-76.72503">
    <ele>40.190000000000005</ele>
   </trkpt>
   <trkpt lat="39.03023" lon="-76.72503">
    <ele>40.190000000000005</ele>
   </trkpt>
   <trkpt lat="39.03105620368464" lon="-76.72463675863708">
    <ele>38.3</ele>
   </trkpt>
   <trkpt lat="39.031882406048965" lon="-76.72424350808005">
    <ele>36.910000000000004</ele>
   </trkpt>
   <trkpt lat="39.03270860709289" lon="-76.72385024832846">
    <ele>35.72</ele>
   </trkpt>
   <trkpt lat="39.033534806816355" lon="-76.72345697938185">
    <ele>33.730000000000004</ele>
   </trkpt>
   <trkpt lat="39.03436100521928" lon="-76.72306370123971">
    <ele>32.410000000000004</ele>
   </trkpt>
   <trkpt lat="39.03518720230161" lon="-76.72267041390161">
    <ele>30.44</ele>
   </trkpt>
   <trkpt lat="39.03601339806328" lon="-76.72227711736706">
    <ele>28.880000000000003</ele>
   </trkpt>
   <trkpt lat="39.036839592504194" lon="-76.72188381163556">
    <ele>26.950000000000003</ele>
   </trkpt>
   <trkpt lat="39.03766578562429" lon="-76.7214904967067">
    <ele>25.130000000000003</ele>
   </trkpt>
   <trkpt lat="39.03849197742352" lon="-76.72109717257997">
    <ele>23.31</ele>
   </trkpt>
   <trkpt lat="39.03931816790179" lon="-76.7207038392549">
    <ele>22.250000000000004</ele>
   </trkpt>
   <trkpt lat="39.04014435705905" lon="-76.72031049673102">
    <ele>21.730000000000004</ele>
   </trkpt>
   <trkpt lat="39.04097054489521" lon="-76.71991714500787">
    <ele>21.35</ele>
   </trkpt>
   <trkpt lat="39.0417967314102" lon="-76.71952378408496">
    <ele>20.85</ele>
   </trkpt>
   <trkpt lat="39.04262291660397" lon="-76.71913041396184">
    <ele>20.86</ele>
   </trkpt>
   <trkpt lat="39.04344910047644" lon="-76.71873703463801">
    <ele>20.51</ele>
   </trkpt>
   <trkpt lat="39.044275283027545" lon="-76.71834364611301">
    <ele>19.970000000000002</ele>
   </trkpt>
   <trkpt lat="39.04510146425721" lon="-76.71795024838639">
    <ele>20.790000000000003</ele>
   </trkpt>
   <trkpt lat="39.04592764416535" lon="-76.71755684145766">
    <ele>20.82</ele>
   </trkpt>
   <trkpt lat="39.046753822751924" lon="-76.71716342532636">
    <ele>21.39</ele>
   </trkpt>
   <trkpt lat="39.04758" lon="-76.71677000000001">
    <ele>23.330000000000002</ele>
   </trkpt>
   <trkpt lat="39.04813" lon="-76.71653">
    <ele>23.630000000000003</ele>
   </trkpt>
   <trkpt lat="39.04886750160755" lon="-76.7161750111236">
    <ele>24.89</ele>
   </trkpt>
   <trkpt lat="39.04960500213902" lon="-76.71582001483381">
    <ele>26.480000000000004</ele>
   </trkpt>
   <trkpt lat="39.05034250159435" lon="-76.7154650111303">
    <ele>27.330000000000002</ele>
   </trkpt>
   <trkpt lat="39.051080000000006" lon="-76.71511000000001">
    <ele>28.720000000000002</ele>
   </trkpt>
   <trkpt lat="39.05169333400136" lon="-76.71482667159599">
    <ele>30.430000000000003</ele>
   </trkpt>
   <trkpt lat="39.05230666731722" lon="-76.71454333827079">
    <ele>31.86</ele>
   </trkpt>
   <trkpt lat="39.05292" lon="-76.71426000000001">
    <ele>34.300000000000004</ele>
   </trkpt>
   <trkpt lat="39.05299" lon="-76.71423">
    <ele>34.300000000000004</ele>
   </trkpt>
   <trkpt lat="39.053050000000006" lon="-76.71423">
    <ele>33.74</ele>
   </trkpt>
   <trkpt lat="39.05308" lon="-76.7142">
    <ele>33.74</ele>
   </trkpt>
   <trkpt lat="39.0539250022372" lon="-76.71387501945158">
    <ele>34.24</ele>
   </trkpt>
   <trkpt lat="39.05477000357253" lon="-76.7135500311258">
    <ele>35.77</ele>
   </trkpt>
   <trkpt lat="39.05561500400591" lon="-76.71322503502223">
    <ele>37.71</ele>
   </trkpt>
   <trkpt lat="39.05646000353731" lon="-76.71290003114049">
    <ele>39.85</ele>
   </trkpt>
   <trkpt lat="39.05730500216669" lon="-76.71257501948016">
    <ele>41.050000000000004</ele>
   </trkpt>
   <trkpt lat="39.058150000000005" lon="-76.71225000000001">
    <ele>42.57</ele>
   </trkpt>
   <trkpt lat="39.058815000211254" lon="-76.71198500253118">
    <ele>43.97</ele>
   </trkpt>
   <trkpt lat="39.05948" lon="-76.71172">
    <ele>45.08</ele>
   </trkpt>
   <trkpt lat="39.059850000000004" lon="-76.71154">
    <ele>45.56</ele>
   </trkpt>
   <trkpt lat="39.06050500041892" lon="-76.71118500335807">
    <ele>46.400000000000006</ele>
   </trkpt>
   <trkpt lat="39.06116" lon="-76.71083">
    <ele>46.62</ele>
   </trkpt>
   <trkpt lat="39.06193167207882" lon="-76.71032669417323">
    <ele>47.34</ele>
   </trkpt>
   <trkpt lat="39.06270334199431" lon="-76.70982337734361">
    <ele>48.2</ele>
   </trkpt>
   <trkpt lat="39.06347500974636" lon="-76.70932004951064">
    <ele>49.68</ele>
   </trkpt>
   <trkpt lat="39.06424667533486" lon="-76.7088167106738">
    <ele>51.21000000000001</ele>
   </trkpt>
   <trkpt lat="39.065018338759714" lon="-76.70831336083258">
    <ele>52.370000000000005</ele>
   </trkpt>
   <trkpt lat="39.06579" lon="-76.70781000000001">
    <ele>53.21000000000001</ele>
   </trkpt>
   <trkpt lat="39.0665750011401" lon="-76.70728500586321">
    <ele>54.68000000000001</ele>
   </trkpt>
   <trkpt lat="39.06736" lon="-76.70676">
    <ele>56.21</ele>
   </trkpt>
   <trkpt lat="39.06747" lon="-76.70670000000001">
    <ele>56.28</ele>
   </trkpt>
   <trkpt lat="39.06772" lon="-76.70662">
    <ele>56.31</ele>
   </trkpt>
   <trkpt lat="39.067780000000006" lon="-76.70649">
    <ele>56.230000000000004</ele>
   </trkpt>
   <trkpt lat="39.06772" lon="-76.70633000000001">
    <ele>56.300000000000004</ele>
   </trkpt>
   <trkpt lat="39.06776" lon="-76.70622">
    <ele>56.53</ele>
   </trkpt>
   <trkpt lat="39.06821" lon="-76.70648000000001">
    <ele>56.760000000000005</ele>
   </trkpt>
   <trkpt lat="39.068290000000005" lon="-76.70622">
    <ele>57.050000000000004</ele>
   </trkpt>
   <trkpt lat="39.06832" lon="-76.70617">
    <ele>57.050000000000004</ele>
   </trkpt>
   <trkpt lat="39.06839" lon="-76.70611000000001">
    <ele>57.690000000000005</ele>
   </trkpt>
   <trkpt lat="39.069190000000006" lon="-76.70563">
    <ele>58.690000000000005</ele>
   </trkpt>
   <trkpt lat="39.069695000118564" lon="-76.70538500181985">
    <ele>59.54</ele>
   </trkpt>
   <trkpt lat="39.0702" lon="-76.70514">
    <ele>61.64000000000001</ele>
   </trkpt>
   <trkpt lat="39.07074" lon="-76.70488">
    <ele>62.02</ele>
   </trkpt>
   <trkpt lat="39.07150000034078" lon="-76.7045950030714">
    <ele>62.25000000000001</ele>
   </trkpt>
   <trkpt lat="39.07226" lon="-76.70431">
    <ele>62.07000000000001</ele>
   </trkpt>
   <trkpt lat="39.07303" lon="-76.70407">
    <ele>61.720000000000006</ele>
   </trkpt>
   <trkpt lat="39.07361333368657" lon="-76.70385667020655">
    <ele>61.75000000000001</ele>
   </trkpt>
   <trkpt lat="39.07419666698448" lon="-76.70364333688623">
    <ele>61.92</ele>
   </trkpt>
   <trkpt lat="39.074780000000004" lon="-76.70343000000001">
    <ele>61.800000000000004</ele>
   </trkpt>
   <trkpt lat="39.075520000597834" lon="-76.70316667218785">
    <ele>61.900000000000006</ele>
   </trkpt>
   <trkpt lat="39.076260000603405" lon="-76.70290333885261">
    <ele>61.96000000000001</ele>
   </trkpt>
   <trkpt lat="39.077000000000005" lon="-76.70264">
    <ele>62.24</ele>
   </trkpt>
   <trkpt lat="39.07783200132331" lon="-76.70236201311153">
    <ele>61.4</ele>
   </trkpt>
   <trkpt lat="39.078664001986596" lon="-76.7020840196671">
    <ele>59.85000000000001</ele>
   </trkpt>
   <trkpt lat="39.0794960019898" lon="-76.70180601966638">
    <ele>58.39</ele>
   </trkpt>
   <trkpt lat="39.08032800133293" lon="-76.70152801310901">
    <ele>57.080000000000005</ele>
   </trkpt>
   <trkpt lat="39.081160000000004" lon="-76.70125">
    <ele>54.31</ele>
   </trkpt>
   <trkpt lat="39.08185500021221" lon="-76.70100500242916">
    <ele>52.660000000000004</ele>
   </trkpt>
   <trkpt lat="39.082550000000005" lon="-76.70076">
    <ele>50.60000000000001</ele>
   </trkpt>
   <trkpt lat="39.082860000000004" lon="-76.70058">
    <ele>50.28</ele>
   </trkpt>
   <trkpt lat="39.08364" lon="-76.70026">
    <ele>47.28</ele>
   </trkpt>
   <trkpt lat="39.083890000000004" lon="-76.70021000000001">
    <ele>47.00000000000001</ele>
   </trkpt>
   <trkpt lat="39.083940000000005" lon="-76.70013">
    <ele>46.95</ele>
   </trkpt>
   <trkpt lat="39.084120000000006" lon="-76.70006000000001">
    <ele>46.95</ele>
   </trkpt>
   <trkpt lat="39.08413" lon="-76.70006000000001">
    <ele>46.940000000000005</ele>
   </trkpt>
   <trkpt lat="39.084030000000006" lon="-76.69995">
    <ele>46.940000000000005</ele>
   </trkpt>
   <trkpt lat="39.08374500082177" lon="-76.69947999790061">
    <ele>46.77</ele>
   </trkpt>
   <trkpt lat="39.08346" lon="-76.69901">
    <ele>46.84</ele>
   </trkpt>
   <trkpt lat="39.08323" lon="-76.69842000000001">
    <ele>47.14</ele>
   </trkpt>
   <trkpt lat="39.08308" lon="-76.69795">
    <ele>47.46</ele>
   </trkpt>
   <trkpt lat="39.08301" lon="-76.69779000000001">
    <ele>47.63</ele>
   </trkpt>
   <trkpt lat="39.0829" lon="-76.69739000000001">
    <ele>48.06</ele>
   </trkpt>
   <trkpt lat="39.08261" lon="-76.69668">
    <ele>47.790000000000006</ele>
   </trkpt>
   <trkpt lat="39.08203" lon="-76.69590000000001">
    <ele>49.25</ele>
   </trkpt>
   <trkpt lat="39.08193" lon="-76.69578">
    <ele>49.800000000000004</ele>
   </trkpt>
   <trkpt lat="39.08174" lon="-76.69547">
    <ele>52.160000000000004</ele>
   </trkpt>
   <trkpt lat="39.08169" lon="-76.69533000000001">
    <ele>52.14000000000001</ele>
   </trkpt>
   <trkpt lat="39.081450000000004" lon="-76.6949">
    <ele>55.61000000000001</ele>
   </trkpt>
   <trkpt lat="39.08133" lon="-76.69462">
    <ele>57.09</ele>
   </trkpt>
   <trkpt lat="39.08117" lon="-76.69444">
    <ele>59.5</ele>
   </trkpt>
   <trkpt lat="39.08102" lon="-76.69408">
    <ele>61.730000000000004</ele>
   </trkpt>
   <trkpt lat="39.08084" lon="-76.69355">
    <ele>64.53</ele>
   </trkpt>
   <trkpt lat="39.080585002303266" lon="-76.69280999722301">
    <ele>65.75999999999999</ele>
   </trkpt>
   <trkpt lat="39.080330000000004" lon="-76.69207">
    <ele>65.14</ele>
   </trkpt>
   <trkpt lat="39.08032" lon="-76.69189">
    <ele>64.91000000000001</ele>
   </trkpt>
   <trkpt lat="39.080290000000005" lon="-76.6918">
    <ele>64.91000000000001</ele>
   </trkpt>
   <trkpt lat="39.08019" lon="-76.69158">
    <ele>65.0</ele>
   </trkpt>
   <trkpt lat="39.080020000000005" lon="-76.69132">
    <ele>64.75</ele>
   </trkpt>
   <trkpt lat="39.079840001204914" lon="-76.6907749984172">
    <ele>63.12000000000001</ele>
   </trkpt>
   <trkpt lat="39.079660000000004" lon="-76.69023">
    <ele>61.11000000000001</ele>
   </trkpt>
   <trkpt lat="39.07947" lon="-76.68938">
    <ele>57.34</ele>
   </trkpt>
   <trkpt lat="39.079330000000006" lon="-76.68866000000001">
    <ele>54.82000000000001</ele>
   </trkpt>
   <trkpt lat="39.079280000000004" lon="-76.68847000000001">
    <ele>54.63</ele>
   </trkpt>
   <trkpt lat="39.079190000000004" lon="-76.68799">
    <ele>54.01</ele>
   </trkpt>
   <trkpt lat="39.079170000000005" lon="-76.68774">
    <ele>53.76</ele>
   </trkpt>
   <trkpt lat="39.078900000000004" lon="-76.68669000000001">
    <ele>54.44</ele>
   </trkpt>
   <trkpt lat="39.07882" lon="-76.68665">
    <ele>54.52</ele>
   </trkpt>
   <trkpt lat="39.07857000206952" lon="-76.68594999745531">
    <ele>55.39</ele>
   </trkpt>
   <trkpt lat="39.078320000000005" lon="-76.68525000000001">
    <ele>56.31</ele>
   </trkpt>
   <trkpt lat="39.078250000000004" lon="-76.68509">
    <ele>56.7</ele>
   </trkpt>
   <trkpt lat="39.078160000000004" lon="-76.68504">
    <ele>56.96</ele>
   </trkpt>
   <trkpt lat="39.07811" lon="-76.68496">
    <ele>56.96</ele>
   </trkpt>
   <trkpt lat="39.07808" lon="-76.68477">
    <ele>57.230000000000004</ele>
   </trkpt>
   <trkpt lat="39.07799" lon="-76.68461">
    <ele>57.230000000000004</ele>
   </trkpt>
   <trkpt lat="39.07772000000001" lon="-76.68431000000001">
    <ele>57.900000000000006</ele>
   </trkpt>
   <trkpt lat="39.07714000148748" lon="-76.68372999528334">
    <ele>60.15</ele>
   </trkpt>
   <trkpt lat="39.07656" lon="-76.68315000000001">
    <ele>61.43000000000001</ele>
   </trkpt>
   <trkpt lat="39.07634" lon="-76.6829">
    <ele>62.480000000000004</ele>
   </trkpt>
   <trkpt lat="39.075820005250705" lon="-76.68225998585514">
    <ele>63.42</ele>
   </trkpt>
   <trkpt lat="39.07530000700304" lon="-76.68161998114302">
    <ele>62.300000000000004</ele>
   </trkpt>
   <trkpt lat="39.07478000525709" lon="-76.6809799858634">
    <ele>60.08</ele>
   </trkpt>
   <trkpt lat="39.07426" lon="-76.68034">
    <ele>58.510000000000005</ele>
   </trkpt>
   <trkpt lat="39.073775001609846" lon="-76.6797049954891">
    <ele>57.34</ele>
   </trkpt>
   <trkpt lat="39.07329" lon="-76.67907000000001">
    <ele>56.690000000000005</ele>
   </trkpt>
   <trkpt lat="39.07289" lon="-76.67851">
    <ele>56.32</ele>
   </trkpt>
   <trkpt lat="39.07237000000001" lon="-76.67772000000001">
    <ele>55.67</ele>
   </trkpt>
   <trkpt lat="39.07206" lon="-76.67721">
    <ele>55.67</ele>
   </trkpt>
   <trkpt lat="39.0718" lon="-76.67672">
    <ele>55.07000000000001</ele>
   </trkpt>
   <trkpt lat="39.071490000000004" lon="-76.67608000000001">
    <ele>54.43000000000001</ele>
   </trkpt>
   <trkpt lat="39.071130000000004" lon="-76.67512">
    <ele>54.44</ele>
   </trkpt>
   <trkpt lat="39.07077" lon="-76.67421">
    <ele>52.42</ele>
   </trkpt>
   <trkpt lat="39.070460000000004" lon="-76.67354">
    <ele>50.74000000000001</ele>
   </trkpt>
   <trkpt lat="39.06994001008027" lon="-76.67265248036642">
    <ele>49.830000000000005</ele>
   </trkpt>
   <trkpt lat="39.06942001343349" lon="-76.6717649738106">
    <ele>49.96</ele>
   </trkpt>
   <trkpt lat="39.06890001005987" lon="-76.67087748033225">
    <ele>50.11</ele>
   </trkpt>
   <trkpt lat="39.068380000000005" lon="-76.66999000000001">
    <ele>49.64</ele>
   </trkpt>
   <trkpt lat="39.06806000092598" lon="-76.66949499756976">
    <ele>49.14</ele>
   </trkpt>
   <trkpt lat="39.06774" lon="-76.66900000000001">
    <ele>48.82</ele>
   </trkpt>
   <trkpt lat="39.0672" lon="-76.66823000000001">
    <ele>48.14</ele>
   </trkpt>
   <trkpt lat="39.06669800825894" lon="-76.66753398017988">
    <ele>47.400000000000006</ele>
   </trkpt>
   <trkpt lat="39.06619601238071" lon="-76.66683797025958">
    <ele>46.8</ele>
   </trkpt>
   <trkpt lat="39.065694012365455" lon="-76.66614197023885">
    <ele>45.96</ele>
   </trkpt>
   <trkpt lat="39.06519200821331" lon="-76.66544598011747">
    <ele>45.56</ele>
   </trkpt>
   <trkpt lat="39.064690000000006" lon="-76.66475000000001">
    <ele>45.22</ele>
   </trkpt>
   <trkpt lat="39.06427" lon="-76.66427">
    <ele>45.160000000000004</ele>
   </trkpt>
   <trkpt lat="39.06383" lon="-76.66401">
    <ele>45.410000000000004</ele>
   </trkpt>
   <trkpt lat="39.063370000000006" lon="-76.66384000000001">
    <ele>45.58</ele>
   </trkpt>
   <trkpt lat="39.06306" lon="-76.66375000000001">
    <ele>45.89000000000001</ele>
   </trkpt>
   <trkpt lat="39.062430000000006" lon="-76.66362000000001">
    <ele>47.42</ele>
   </trkpt>
   <trkpt lat="39.06201" lon="-76.66350000000001">
    <ele>48.650000000000006</ele>
   </trkpt>
   <trkpt lat="39.061530000000005" lon="-76.66328">
    <ele>50.52</ele>
   </trkpt>
   <trkpt lat="39.06120000000001" lon="-76.66309000000001">
    <ele>50.760000000000005</ele>
   </trkpt>
   <trkpt lat="39.060810000000004" lon="-76.66279">
    <ele>49.82</ele>
   </trkpt>
   <trkpt lat="39.0602866685426" lon="-76.6623133262082">
    <ele>46.75000000000001</ele>
   </trkpt>
   <trkpt lat="39.05976333514485" lon="-76.66183665948296">
    <ele>44.81</ele>
   </trkpt>
   <trkpt lat="39.05924" lon="-76.66136">
    <ele>43.95</ele>
   </trkpt>
   <trkpt lat="39.05877" lon="-76.66086">
    <ele>43.81</ele>
   </trkpt>
   <trkpt lat="39.058330001271024" lon="-76.66029999642375">
    <ele>43.36</ele>
   </trkpt>
   <trkpt lat="39.05789" lon="-76.65974">
    <ele>42.550000000000004</ele>
   </trkpt>
   <trkpt lat="39.057750000000006" lon="-76.65951000000001">
    <ele>42.120000000000005</ele>
   </trkpt>
   <trkpt lat="39.05758" lon="-76.65913">
    <ele>41.14</ele>
   </trkpt>
   <trkpt lat="39.057430000000004" lon="-76.65876">
    <ele>40.34</ele>
   </trkpt>
   <trkpt lat="39.05734" lon="-76.65845">
    <ele>40.330000000000005</ele>
   </trkpt>
   <trkpt lat="39.05727" lon="-76.65813">
    <ele>40.74</ele>
   </trkpt>
   <trkpt lat="39.05722" lon="-76.65781000000001">
    <ele>41.56</ele>
   </trkpt>
   <trkpt lat="39.0572" lon="-76.65724">
    <ele>41.84</ele>
   </trkpt>
   <trkpt lat="39.057210000000005" lon="-76.65699000000001">
    <ele>41.760000000000005</ele>
   </trkpt>
   <trkpt lat="39.057170000000006" lon="-76.65658">
    <ele>41.29</ele>
   </trkpt>
   <trkpt lat="39.057320000000004" lon="-76.65573">
    <ele>40.800000000000004</ele>
   </trkpt>
   <trkpt lat="39.0574" lon="-76.65509">
    <ele>40.89</ele>
   </trkpt>
   <trkpt lat="39.05751" lon="-76.65465">
    <ele>39.86000000000001</ele>
   </trkpt>
   <trkpt lat="39.057590000000005" lon="-76.65395000000001">
    <ele>38.06</ele>
   </trkpt>
   <trkpt lat="39.057680000000005" lon="-76.65305000000001">
    <ele>37.02</ele>
   </trkpt>
   <trkpt lat="39.05771" lon="-76.65249">
    <ele>36.94</ele>
   </trkpt>
   <trkpt lat="39.05769" lon="-76.65187">
    <ele>37.52</ele>
   </trkpt>
   <trkpt lat="39.05754" lon="-76.65191">
    <ele>36.82000000000001</ele>
   </trkpt>
   <trkpt lat="39.057570000000005" lon="-76.65241">
    <ele>36.660000000000004</ele>
   </trkpt>
   <trkpt lat="39.05754" lon="-76.65191">
    <ele>36.980000000000004</ele>
   </trkpt>
   <trkpt lat="39.05747" lon="-76.65128">
    <ele>37.37</ele>
   </trkpt>
   <trkpt lat="39.05721500215873" lon="-76.65056499735033">
    <ele>37.73</ele>
   </trkpt>
   <trkpt lat="39.056960000000004" lon="-76.64985">
    <ele>37.42</ele>
   </trkpt>
   <trkpt lat="39.056740000000005" lon="-76.64953000000001">
    <ele>37.480000000000004</ele>
   </trkpt>
   <trkpt lat="39.056580000000004" lon="-76.64909">
    <ele>37.900000000000006</ele>
   </trkpt>
   <trkpt lat="39.05657" lon="-76.64898000000001">
    <ele>37.74</ele>
   </trkpt>
   <trkpt lat="39.05653" lon="-76.64881000000001">
    <ele>37.74</ele>
   </trkpt>
   <trkpt lat="39.0563" lon="-76.64846">
    <ele>37.44</ele>
   </trkpt>
   <trkpt lat="39.056140000000006" lon="-76.64793">
    <ele>37.28</ele>
   </trkpt>
   <trkpt lat="39.05583401264089" lon="-76.64706998511912">
    <ele>36.61</ele>
   </trkpt>
   <trkpt lat="39.055528018965816" lon="-76.64620997769164">
    <ele>36.0</ele>
   </trkpt>
   <trkpt lat="39.05522201897491" lon="-76.64534997771754">
    <ele>35.61</ele>
   </trkpt>
   <trkpt lat="39.05491601266831" lon="-76.64448998519686">
    <ele>34.97</ele>
   </trkpt>
   <trkpt lat="39.054610000000004" lon="-76.64363">
    <ele>34.410000000000004</ele>
   </trkpt>
   <trkpt lat="39.054520000000004" lon="-76.64312000000001">
    <ele>34.78</ele>
   </trkpt>
   <trkpt lat="39.05432000208213" lon="-76.64242999821599">
    <ele>35.82000000000001</ele>
   </trkpt>
   <trkpt lat="39.054120000000005" lon="-76.64174000000001">
    <ele>37.540000000000006</ele>
   </trkpt>
   <trkpt lat="39.05381500997621" lon="-76.6408574885669">
    <ele>38.73</ele>
   </trkpt>
   <trkpt lat="39.05351001330182" lon="-76.63997498475668">
    <ele>38.510000000000005</ele>
   </trkpt>
   <trkpt lat="39.053205009976935" lon="-76.63909248856935">
    <ele>40.580000000000005</ele>
   </trkpt>
   <trkpt lat="39.0529" lon="-76.63821">
    <ele>37.58</ele>
   </trkpt>
   <trkpt lat="39.052730000000004" lon="-76.63781">
    <ele>37.58</ele>
   </trkpt>
   <trkpt lat="39.05237" lon="-76.63708000000001">
    <ele>33.13</ele>
   </trkpt>
   <trkpt lat="39.05207500239381" lon="-76.63632499674397">
    <ele>32.019999999999996</ele>
   </trkpt>
   <trkpt lat="39.05178" lon="-76.63557">
    <ele>31.77</ele>
   </trkpt>
   <trkpt lat="39.05160000123344" lon="-76.63503499867028">
    <ele>31.310000000000002</ele>
   </trkpt>
   <trkpt lat="39.05142" lon="-76.6345">
    <ele>31.080000000000002</ele>
   </trkpt>
   <trkpt lat="39.0512" lon="-76.63396">
    <ele>29.490000000000002</ele>
   </trkpt>
   <trkpt lat="39.051140000000004" lon="-76.63368000000001">
    <ele>28.84</ele>
   </trkpt>
   <trkpt lat="39.05097000000001" lon="-76.63318000000001">
    <ele>28.240000000000002</ele>
   </trkpt>
   <trkpt lat="39.05084" lon="-76.63293">
    <ele>28.700000000000003</ele>
   </trkpt>
   <trkpt lat="39.05059" lon="-76.63226">
    <ele>29.69</ele>
   </trkpt>
   <trkpt lat="39.05025252584815" lon="-76.63132996888866">
    <ele>29.380000000000003</ele>
   </trkpt>
   <trkpt lat="39.049915044310374" lon="-76.63039994666516">
    <ele>29.01</ele>
   </trkpt>
   <trkpt lat="39.04957755538687" lon="-76.62946993332952">
    <ele>28.87</ele>
   </trkpt>
   <trkpt lat="39.04924005907776" lon="-76.6285399288817">
    <ele>29.27</ele>
   </trkpt>
   <trkpt lat="39.04890255538325" lon="-76.62760993332171">
    <ele>30.01</ele>
   </trkpt>
   <trkpt lat="39.04856504430346" lon="-76.62667994664959">
    <ele>30.76</ele>
   </trkpt>
   <trkpt lat="39.04822752583855" lon="-76.62574996886529">
    <ele>30.890000000000004</ele>
   </trkpt>
   <trkpt lat="39.04789" lon="-76.62482">
    <ele>32.71</ele>
   </trkpt>
   <trkpt lat="39.04782" lon="-76.62468000000001">
    <ele>32.89</ele>
   </trkpt>
   <trkpt lat="39.04782" lon="-76.62479">
    <ele>33.120000000000005</ele>
   </trkpt>
   <trkpt lat="39.0476" lon="-76.62479">
    <ele>33.97</ele>
   </trkpt>
   <trkpt lat="39.04759000000001" lon="-76.62384">
    <ele>40.31</ele>
   </trkpt>
   <trkpt lat="39.047610000000006" lon="-76.6233">
    <ele>42.510000000000005</ele>
   </trkpt>
   <trkpt lat="39.047650000000004" lon="-76.62282">
    <ele>44.76</ele>
   </trkpt>
   <trkpt lat="39.0478" lon="-76.62171000000001">
    <ele>47.13</ele>
   </trkpt>
   <trkpt lat="39.04800001174165" lon="-76.62075250813943">
    <ele>48.74</ele>
   </trkpt>
   <trkpt lat="39.04820001565479" lon="-76.6197950108563">
    <ele>50.160000000000004</ele>
   </trkpt>
   <trkpt lat="39.048400011739346" lon="-76.61883750815076">
    <ele>52.47</ele>
   </trkpt>
   <trkpt lat="39.0486" lon="-76.61788">
    <ele>52.7</ele>
   </trkpt>
   <trkpt lat="39.048700000000004" lon="-76.61702000000001">
    <ele>52.54</ele>
   </trkpt>
   <trkpt lat="39.048880000000004" lon="-76.61641">
    <ele>52.95</ele>
   </trkpt>
   <trkpt lat="39.048970000000004" lon="-76.61606">
    <ele>53.31</ele>
   </trkpt>
   <trkpt lat="39.04916" lon="-76.61515">
    <ele>56.42</ele>
   </trkpt>
   <trkpt lat="39.048950000000005" lon="-76.61488">
    <ele>56.620000000000005</ele>
   </trkpt>
   <trkpt lat="39.048700000000004" lon="-76.6144">
    <ele>56.61000000000001</ele>
   </trkpt>
   <trkpt lat="39.04830000789011" lon="-76.61343998917624">
    <ele>56.07</ele>
   </trkpt>
   <trkpt lat="39.0479000079106" lon="-76.61247998922556">
    <ele>55.830000000000005</ele>
   </trkpt>
   <trkpt lat="39.04750000000001" lon="-76.61152000000001">
    <ele>55.28</ele>
   </trkpt>
   <trkpt lat="39.047180000000004" lon="-76.61087">
    <ele>54.25000000000001</ele>
   </trkpt>
   <trkpt lat="39.04717" lon="-76.61085">
    <ele>54.21</ele>
   </trkpt>
   <trkpt lat="39.04701" lon="-76.61059">
    <ele>52.96000000000001</ele>
   </trkpt>
   <trkpt lat="39.04679" lon="-76.61034000000001">
    <ele>52.6</ele>
   </trkpt>
   <trkpt lat="39.04656000000001" lon="-76.61011">
    <ele>52.18</ele>
   </trkpt>
   <trkpt lat="39.0460400001101" lon="-76.60987999825566">
    <ele>51.15</ele>
   </trkpt>
   <trkpt lat="39.04552" lon="-76.60965">
    <ele>51.61</ele>
   </trkpt>
   <trkpt lat="39.045090000159774" lon="-76.60946999891331">
    <ele>51.24</ele>
   </trkpt>
   <trkpt lat="39.04466" lon="-76.60929">
    <ele>50.46</ele>
   </trkpt>
   <trkpt lat="39.044500000000006" lon="-76.6092">
    <ele>50.09</ele>
   </trkpt>
   <trkpt lat="39.04399" lon="-76.60876">
    <ele>49.760000000000005</ele>
   </trkpt>
   <trkpt lat="39.043650000963815" lon="-76.6083099979656">
    <ele>49.75</ele>
   </trkpt>
   <trkpt lat="39.043310000000005" lon="-76.60786">
    <ele>50.27</ele>
   </trkpt>
   <trkpt lat="39.043020000000006" lon="-76.60742">
    <ele>50.730000000000004</ele>
   </trkpt>
   <trkpt lat="39.04263000065044" lon="-76.60700999766595">
    <ele>51.660000000000004</ele>
   </trkpt>
   <trkpt lat="39.04224000000001" lon="-76.6066">
    <ele>52.03000000000001</ele>
   </trkpt>
   <trkpt lat="39.041850000000004" lon="-76.60625">
    <ele>51.93</ele>
   </trkpt>
   <trkpt lat="39.041700000000006" lon="-76.60619000000001">
    <ele>51.83</ele>
   </trkpt>
   <trkpt lat="39.041630000000005" lon="-76.6062">
    <ele>51.800000000000004</ele>
   </trkpt>
   <trkpt lat="39.041540000000005" lon="-76.60625">
    <ele>51.800000000000004</ele>
   </trkpt>
   <trkpt lat="39.041250000000005" lon="-76.60647">
    <ele>51.63</ele>
   </trkpt>
   <trkpt lat="39.04081" lon="-76.60576">
    <ele>51.82000000000001</ele>
   </trkpt>
   <trkpt lat="39.040380000000006" lon="-76.60521">
    <ele>51.83</ele>
   </trkpt>
   <trkpt lat="39.040110000000006" lon="-76.60492">
    <ele>51.59</ele>
   </trkpt>
   <trkpt lat="39.03943" lon="-76.60432">
    <ele>51.300000000000004</ele>
   </trkpt>
   <trkpt lat="39.039030000000004" lon="-76.60405">
    <ele>51.300000000000004</ele>
   </trkpt>
   <trkpt lat="39.038810000000005" lon="-76.60393">
    <ele>50.980000000000004</ele>
   </trkpt>
   <trkpt lat="39.038540000000005" lon="-76.60379">
    <ele>50.980000000000004</ele>
   </trkpt>
   <trkpt lat="39.03824" lon="-76.60366">
    <ele>50.79</ele>
   </trkpt>
   <trkpt lat="39.03740000030467" lon="-76.60337499659767">
    <ele>49.970000000000006</ele>
   </trkpt>
   <trkpt lat="39.03656" lon="-76.60309000000001">
    <ele>48.32</ele>
   </trkpt>
   <trkpt lat="39.03605" lon="-76.60300000000001">
    <ele>47.99</ele>
   </trkpt>
   <trkpt lat="39.035740000000004" lon="-76.60301000000001">
    <ele>47.980000000000004</ele>
   </trkpt>
   <trkpt lat="39.03549" lon="-76.60302">
    <ele>47.980000000000004</ele>
   </trkpt>
   <trkpt lat="39.03493499996236" lon="-76.60309000055715">
    <ele>47.540000000000006</ele>
   </trkpt>
   <trkpt lat="39.034380000000006" lon="-76.60316">
    <ele>46.24</ele>
   </trkpt>
   <trkpt lat="39.033592000325164" lon="-76.60329600606416">
    <ele>43.04</ele>
   </trkpt>
   <trkpt lat="39.03280400049238" lon="-76.60343200909527">
    <ele>41.93</ele>
   </trkpt>
   <trkpt lat="39.03201600050169" lon="-76.60356800909351">
    <ele>43.35000000000001</ele>
   </trkpt>
   <trkpt lat="39.03122800035308" lon="-76.60370400605903">
    <ele>43.93</ele>
   </trkpt>
   <trkpt lat="39.030440000000006" lon="-76.60384">
    <ele>42.38</ele>
   </trkpt>
   <trkpt lat="39.03002" lon="-76.60389">
    <ele>40.5</ele>
   </trkpt>
   <trkpt lat="39.02957" lon="-76.60388">
    <ele>38.85</ele>
   </trkpt>
   <trkpt lat="39.029300000000006" lon="-76.60383">
    <ele>38.37</ele>
   </trkpt>
   <trkpt lat="39.028890000000004" lon="-76.60373000000001">
    <ele>37.92</ele>
   </trkpt>
   <trkpt lat="39.028400000000005" lon="-76.60351">
    <ele>37.790000000000006</ele>
   </trkpt>
   <trkpt lat="39.0281" lon="-76.60335">
    <ele>38.21</ele>
   </trkpt>
   <trkpt lat="39.02763" lon="-76.60301000000001">
    <ele>39.150000000000006</ele>
   </trkpt>
   <trkpt lat="39.027170000000005" lon="-76.60252000000001">
    <ele>40.660000000000004</ele>
   </trkpt>
   <trkpt lat="39.026900000000005" lon="-76.60213">
    <ele>41.230000000000004</ele>
   </trkpt>
   <trkpt lat="39.026520000000005" lon="-76.60145">
    <ele>41.370000000000005</ele>
   </trkpt>
   <trkpt lat="39.02628" lon="-76.60083">
    <ele>42.71</ele>
   </trkpt>
   <trkpt lat="39.02597501418516" lon="-76.59977748637222">
    <ele>45.64000000000001</ele>
   </trkpt>
   <trkpt lat="39.025670018912564" lon="-76.59872498182665">
    <ele>46.46</ele>
   </trkpt>
   <trkpt lat="39.02536501418244" lon="-76.59767248636338">
    <ele>44.370000000000005</ele>
   </trkpt>
   <trkpt lat="39.02506" lon="-76.59662">
    <ele>41.29</ele>
   </trkpt>
   <trkpt lat="39.02474" lon="-76.59563">
    <ele>36.65</ele>
   </trkpt>
   <trkpt lat="39.02436" lon="-76.59466">
    <ele>33.580000000000005</ele>
   </trkpt>
   <trkpt lat="39.023970000000006" lon="-76.59384">
    <ele>31.03</ele>
   </trkpt>
   <trkpt lat="39.023520009098796" lon="-76.59299748392826">
    <ele>31.32</ele>
   </trkpt>
   <trkpt lat="39.023070012137495" lon="-76.59215497858214">
    <ele>34.84</ele>
   </trkpt>
   <trkpt lat="39.02262000911629" lon="-76.59131248396152">
    <ele>37.12</ele>
   </trkpt>
   <trkpt lat="39.02217" lon="-76.59047000000001">
    <ele>38.040000000000006</ele>
   </trkpt>
   <trkpt lat="39.021731271337735" lon="-76.58962496329718">
    <ele>37.89</ele>
   </trkpt>
   <trkpt lat="39.02129253657914" lon="-76.5887799370822">
    <ele>38.05</ele>
   </trkpt>
   <trkpt lat="39.02085379572442" lon="-76.58793492135487">
    <ele>39.260000000000005</ele>
   </trkpt>
   <trkpt lat="39.02041504877371" lon="-76.58708991611506">
    <ele>38.57</ele>
   </trkpt>
   <trkpt lat="39.019976295727204" lon="-76.58624492136262">
    <ele>35.11</ele>
   </trkpt>
   <trkpt lat="39.01953753658507" lon="-76.58539993709742">
    <ele>31.89</ele>
   </trkpt>
   <trkpt lat="39.01909877134747" lon="-76.5845549633193">
    <ele>30.21</ele>
   </trkpt>
   <trkpt lat="39.018660000000004" lon="-76.58371000000001">
    <ele>31.32</ele>
   </trkpt>
   <trkpt lat="39.01823801088591" lon="-76.58291198097427">
    <ele>32.07</ele>
   </trkpt>
   <trkpt lat="39.01781601633515" lon="-76.58211397147372">
    <ele>31.450000000000006</ele>
   </trkpt>
   <trkpt lat="39.0173940163479" lon="-76.58131597149821">
    <ele>31.55</ele>
   </trkpt>
   <trkpt lat="39.016972010924285" lon="-76.58051798104765">
    <ele>34.04</ele>
   </trkpt>
   <trkpt lat="39.01655" lon="-76.57972000000001">
    <ele>35.58</ele>
   </trkpt>
   <trkpt lat="39.016200000000005" lon="-76.57901000000001">
    <ele>35.43</ele>
   </trkpt>
   <trkpt lat="39.01599" lon="-76.57852000000001">
    <ele>34.43</ele>
   </trkpt>
   <trkpt lat="39.01579000161916" lon="-76.57789999817938">
    <ele>33.72</ele>
   </trkpt>
   <trkpt lat="39.01559" lon="-76.57728">
    <ele>34.620000000000005</ele>
   </trkpt>
   <trkpt lat="39.01536000749917" lon="-76.57634332727841">
    <ele>37.39</ele>
   </trkpt>
   <trkpt lat="39.01513000750844" lon="-76.57540666064968">
    <ele>39.53</ele>
   </trkpt>
   <trkpt lat="39.014900000000004" lon="-76.57447">
    <ele>40.480000000000004</ele>
   </trkpt>
   <trkpt lat="39.01467000329016" lon="-76.5735949972384">
    <ele>41.03</ele>
   </trkpt>
   <trkpt lat="39.01444" lon="-76.57272">
    <ele>41.45</ele>
   </trkpt>
   <trkpt lat="39.01411" lon="-76.57183">
    <ele>41.42</ele>
   </trkpt>
   <trkpt lat="39.0137" lon="-76.57091000000001">
    <ele>40.28</ele>
   </trkpt>
   <trkpt lat="39.01348" lon="-76.57046000000001">
    <ele>39.370000000000005</ele>
   </trkpt>
   <trkpt lat="39.01299" lon="-76.56962">
    <ele>39.46</ele>
   </trkpt>
   <trkpt lat="39.012705000881105" lon="-76.56916999821301">
    <ele>40.160000000000004</ele>
   </trkpt>
   <trkpt lat="39.012420000000006" lon="-76.56872000000001">
    <ele>41.86</ele>
   </trkpt>
   <trkpt lat="39.01186302881443" lon="-76.5678539386262">
    <ele>42.9</ele>
   </trkpt>
   <trkpt lat="39.01130605122588" lon="-76.56698789089324">
    <ele>42.27</ele>
   </trkpt>
   <trkpt lat="39.01074906723462" lon="-76.56612185680078">
    <ele>42.18</ele>
   </trkpt>
   <trkpt lat="39.01019207684086" lon="-76.56525583634848">
    <ele>42.35</ele>
   </trkpt>
   <trkpt lat="39.00963508004482" lon="-76.56438982953604">
    <ele>41.75</ele>
   </trkpt>
   <trkpt lat="39.009078076846755" lon="-76.5635238363631">
    <ele>39.080000000000005</ele>
   </trkpt>
   <trkpt lat="39.00852106724686" lon="-76.56265785682936">
    <ele>34.81</ele>
   </trkpt>
   <trkpt lat="39.007964051245374" lon="-76.56179189093449">
    <ele>32.940000000000005</ele>
   </trkpt>
   <trkpt lat="39.00740702884255" lon="-76.56092593867814">
    <ele>33.74</ele>
   </trkpt>
   <trkpt lat="39.00685" lon="-76.56006000000001">
    <ele>36.88</ele>
   </trkpt>
   <trkpt lat="39.00638" lon="-76.55940000000001">
    <ele>37.95</ele>
   </trkpt>
   <trkpt lat="39.00596" lon="-76.55893">
    <ele>37.99</ele>
   </trkpt>
   <trkpt lat="39.005410000000005" lon="-76.5584">
    <ele>37.42</ele>
   </trkpt>
   <trkpt lat="39.004880000437645" lon="-76.55802499707549">
    <ele>36.86000000000001</ele>
   </trkpt>
   <trkpt lat="39.00435" lon="-76.55765000000001">
    <ele>36.95</ele>
   </trkpt>
   <trkpt lat="39.003730000000004" lon="-76.55729000000001">
    <ele>37.3</ele>
   </trkpt>
   <trkpt lat="39.003400000000006" lon="-76.55717">
    <ele>37.470000000000006</ele>
   </trkpt>
   <trkpt lat="39.00270500032719" lon="-76.55692499761824">
    <ele>37.69</ele>
   </trkpt>
   <trkpt lat="39.002010000000006" lon="-76.55668">
    <ele>36.58</ele>
   </trkpt>
   <trkpt lat="39.001360000430005" lon="-76.55646999615871">
    <ele>34.86</ele>
   </trkpt>
   <trkpt lat="39.000710000483544" lon="-76.55625999617608">
    <ele>30.55</ele>
   </trkpt>
   <trkpt lat="39.000060000000005" lon="-76.55605000000001">
    <ele>28.520000000000003</ele>
   </trkpt>
   <trkpt lat="38.99961500014295" lon="-76.55584999872967">
    <ele>27.83</ele>
   </trkpt>
   <trkpt lat="38.99917000000001" lon="-76.55565">
    <ele>28.0</ele>
   </trkpt>
   <trkpt lat="38.998830000000005" lon="-76.55547">
    <ele>28.64</ele>
   </trkpt>
   <trkpt lat="38.998290000000004" lon="-76.55515000000001">
    <ele>29.77</ele>
   </trkpt>
   <trkpt lat="38.997507503220206" lon="-76.55464748332143">
    <ele>32.68</ele>
   </trkpt>
   <trkpt lat="38.996725004284976" lon="-76.55414497775675">
    <ele>34.82</ele>
   </trkpt>
   <trkpt lat="38.99594250319441" lon="-76.55364248330545">
    <ele>35.06</ele>
   </trkpt>
   <trkpt lat="38.995160000000006" lon="-76.55314000000001">
    <ele>32.95</ele>
   </trkpt>
   <trkpt lat="38.99458000071431" lon="-76.5526749960218">
    <ele>31.310000000000002</ele>
   </trkpt>
   <trkpt lat="38.994" lon="-76.55221">
    <ele>30.62</ele>
   </trkpt>
   <trkpt lat="38.99347666828564" lon="-76.55176666006032">
    <ele>29.61</ele>
   </trkpt>
   <trkpt lat="38.99295333489364" lon="-76.55132332667738">
    <ele>28.75</ele>
   </trkpt>
   <trkpt lat="38.992430000000006" lon="-76.55088">
    <ele>27.250000000000004</ele>
   </trkpt>
   <trkpt lat="38.99175" lon="-76.55019">
    <ele>24.310000000000002</ele>
   </trkpt>
   <trkpt lat="38.991600000000005" lon="-76.54997">
    <ele>23.770000000000003</ele>
   </trkpt>
   <trkpt lat="38.99127" lon="-76.54965">
    <ele>23.290000000000003</ele>
   </trkpt>
   <trkpt lat="38.991060000000004" lon="-76.54954000000001">
    <ele>23.470000000000002</ele>
   </trkpt>
   <trkpt lat="38.99112" lon="-76.5493">
    <ele>23.520000000000003</ele>
   </trkpt>
   <trkpt lat="38.99137" lon="-76.54860000000001">
    <ele>24.6</ele>
   </trkpt>
   <trkpt lat="38.99152" lon="-76.54812000000001">
    <ele>26.38</ele>
   </trkpt>
   <trkpt lat="38.991795015206804" lon="-76.547030012724">
    <ele>28.080000000000002</ele>
   </trkpt>
   <trkpt lat="38.99207002027282" lon="-76.54594001697726">
    <ele>28.0</ele>
   </trkpt>
   <trkpt lat="38.992345015197884" lon="-76.54485001275994">
    <ele>27.090000000000003</ele>
   </trkpt>
   <trkpt lat="38.99262" lon="-76.54376">
    <ele>25.41</ele>
   </trkpt>
   <trkpt lat="38.992560000000005" lon="-76.54376">
    <ele>25.380000000000003</ele>
   </trkpt>
   <trkpt lat="38.992560000000005" lon="-76.54371">
    <ele>25.380000000000003</ele>
   </trkpt>
   <trkpt lat="38.992580000000004" lon="-76.54365">
    <ele>25.44</ele>
   </trkpt>
   <trkpt lat="38.992290000000004" lon="-76.54352">
    <ele>25.32</ele>
   </trkpt>
   <trkpt lat="38.99231" lon="-76.54320000000001">
    <ele>24.85</ele>
   </trkpt>
   <trkpt lat="38.992270000000005" lon="-76.54303">
    <ele>24.53</ele>
   </trkpt>
   <trkpt lat="38.992160000000005" lon="-76.54289">
    <ele>24.32</ele>
   </trkpt>
   <trkpt lat="38.991760000000006" lon="-76.54258">
    <ele>24.23</ele>
   </trkpt>
   <trkpt lat="38.991530000000004" lon="-76.54218">
    <ele>22.820000000000004</ele>
   </trkpt>
   <trkpt lat="38.991310000000006" lon="-76.54188">
    <ele>22.22</ele>
   </trkpt>
   <trkpt lat="38.99105" lon="-76.54162000000001">
    <ele>22.820000000000004</ele>
   </trkpt>
   <trkpt lat="38.99076" lon="-76.54139">
    <ele>23.62</ele>
   </trkpt>
   <trkpt lat="38.99087" lon="-76.54106">
    <ele>24.360000000000003</ele>
   </trkpt>
   <trkpt lat="38.99083" lon="-76.5407">
    <ele>24.360000000000003</ele>
   </trkpt>
   <trkpt lat="38.9909" lon="-76.54021">
    <ele>24.05</ele>
   </trkpt>
   <trkpt lat="38.99087" lon="-76.54003">
    <ele>23.69</ele>
   </trkpt>
   <trkpt lat="38.99089" lon="-76.53971">
    <ele>23.91</ele>
   </trkpt>
   <trkpt lat="38.990840000000006" lon="-76.53936">
    <ele>24.700000000000003</ele>
   </trkpt>
   <trkpt lat="38.990840000000006" lon="-76.53913">
    <ele>24.720000000000002</ele>
   </trkpt>
   <trkpt lat="38.990930000000006" lon="-76.53881000000001">
    <ele>24.180000000000003</ele>
   </trkpt>
   <trkpt lat="38.990970000000004" lon="-76.53859">
    <ele>23.8</ele>
   </trkpt>
   <trkpt lat="38.99101" lon="-76.53855">
    <ele>23.720000000000002</ele>
   </trkpt>
   <trkpt lat="38.991130000000005" lon="-76.53854000000001">
    <ele>23.720000000000002</ele>
   </trkpt>
   <trkpt lat="38.99118" lon="-76.53850000000001">
    <ele>23.8</ele>
   </trkpt>
   <trkpt lat="38.99121" lon="-76.53845000000001">
    <ele>23.91</ele>
   </trkpt>
   <trkpt lat="38.99121" lon="-76.53817000000001">
    <ele>23.83</ele>
   </trkpt>
   <trkpt lat="38.99127" lon="-76.5381">
    <ele>23.630000000000003</ele>
   </trkpt>
   <trkpt lat="38.9913" lon="-76.53798">
    <ele>22.55</ele>
   </trkpt>
   <trkpt lat="38.99128" lon="-76.53774">
    <ele>22.55</ele>
   </trkpt>
   <trkpt lat="38.991310000000006" lon="-76.5373">
    <ele>20.41</ele>
   </trkpt>
   <trkpt lat="38.99127" lon="-76.53698">
    <ele>19.020000000000003</ele>
   </trkpt>
   <trkpt lat="38.9913" lon="-76.53671">
    <ele>18.230000000000004</ele>
   </trkpt>
   <trkpt lat="38.99125" lon="-76.53643000000001">
    <ele>18.04</ele>
   </trkpt>
   <trkpt lat="38.99116" lon="-76.53645">
    <ele>18.1</ele>
   </trkpt>
   <trkpt lat="38.99103" lon="-76.53653000000001">
    <ele>18.46</ele>
   </trkpt>
   <trkpt lat="38.99096" lon="-76.53649">
    <ele>18.46</ele>
   </trkpt>
   <trkpt lat="38.990484999873914" lon="-76.5365450003852">
    <ele>19.540000000000003</ele>
   </trkpt>
   <trkpt lat="38.990010000000005" lon="-76.5366">
    <ele>19.16</ele>
   </trkpt>
   <trkpt lat="38.990010000000005" lon="-76.53647000000001">
    <ele>19.250000000000004</ele>
   </trkpt>
   <trkpt lat="38.98953" lon="-76.53645">
    <ele>20.040000000000003</ele>
   </trkpt>
   <trkpt lat="38.98912" lon="-76.53634000000001">
    <ele>21.310000000000002</ele>
   </trkpt>
   <trkpt lat="38.989140000000006" lon="-76.5361">
    <ele>21.09</ele>
   </trkpt>
   <trkpt lat="38.989180000000005" lon="-76.53541000000001">
    <ele>19.53</ele>
   </trkpt>
   <trkpt lat="38.98915" lon="-76.53473000000001">
    <ele>17.67</ele>
   </trkpt>
   <trkpt lat="38.989090000000004" lon="-76.53407">
    <ele>15.82</ele>
   </trkpt>
   <trkpt lat="38.98912" lon="-76.53389">
    <ele>14.32</ele>
   </trkpt>
   <trkpt lat="38.98908" lon="-76.53371">
    <ele>14.32</ele>
   </trkpt>
   <trkpt lat="38.989090000000004" lon="-76.53363">
    <ele>13.940000000000001</ele>
   </trkpt>
   <trkpt lat="38.98912" lon="-76.5336">
    <ele>13.940000000000001</ele>
   </trkpt>
   <trkpt lat="38.9891" lon="-76.53332">
    <ele>13.370000000000001</ele>
   </trkpt>
   <trkpt lat="38.98903000000001" lon="-76.53332">
    <ele>13.09</ele>
   </trkpt>
   <trkpt lat="38.98901" lon="-76.53331">
    <ele>13.09</ele>
   </trkpt>
   <trkpt lat="38.988980000000005" lon="-76.53278">
    <ele>12.46</ele>
   </trkpt>
   <trkpt lat="38.98899" lon="-76.53224">
    <ele>12.41</ele>
   </trkpt>
   <trkpt lat="38.98908" lon="-76.53157">
    <ele>13.47</ele>
   </trkpt>
   <trkpt lat="38.98928" lon="-76.53086">
    <ele>15.35</ele>
   </trkpt>
   <trkpt lat="38.98935" lon="-76.53064">
    <ele>15.82</ele>
   </trkpt>
   <trkpt lat="38.98965000218273" lon="-76.52994000275324">
    <ele>16.400000000000002</ele>
   </trkpt>
   <trkpt lat="38.98995" lon="-76.52924">
    <ele>16.84</ele>
   </trkpt>
   <trkpt lat="38.990100000000005" lon="-76.5287">
    <ele>15.540000000000001</ele>
   </trkpt>
   <trkpt lat="38.99017000469829" lon="-76.52765000114061">
    <ele>11.19</ele>
   </trkpt>
   <trkpt lat="38.99024" lon="-76.5266">
    <ele>5.620000000000001</ele>
   </trkpt>
   <trkpt lat="38.990190000000005" lon="-76.52617000000001">
    <ele>4.46</ele>
   </trkpt>
   <trkpt lat="38.990120000000005" lon="-76.52609000000001">
    <ele>4.260000000000001</ele>
   </trkpt>
   <trkpt lat="38.989670000102876" lon="-76.5262300008841">
    <ele>3.75</ele>
   </trkpt>
   <trkpt lat="38.98922" lon="-76.52637">
    <ele>2.32</ele>
   </trkpt>
   <trkpt lat="38.98899" lon="-76.52642">
    <ele>2.33</ele>
   </trkpt>
   <trkpt lat="38.98872" lon="-76.52645000000001">
    <ele>2.33</ele>
   </trkpt>
   <trkpt lat="38.988550000000004" lon="-76.52642">
    <ele>2.4899999999999998</ele>
   </trkpt>
   <trkpt lat="38.98832" lon="-76.52633">
    <ele>2.73</ele>
   </trkpt>
   <trkpt lat="38.98778" lon="-76.52592">
    <ele>5.050000000000001</ele>
   </trkpt>
   <trkpt lat="38.98753000000001" lon="-76.52571">
    <ele>7.300000000000001</ele>
   </trkpt>
   <trkpt lat="38.987170000000006" lon="-76.52534">
    <ele>12.08</ele>
   </trkpt>
   <trkpt lat="38.98698" lon="-76.52521">
    <ele>13.98</ele>
   </trkpt>
   <trkpt lat="38.986720000000005" lon="-76.52512">
    <ele>17.5</ele>
   </trkpt>
   <trkpt lat="38.986070000000005" lon="-76.52503">
    <ele>21.120000000000005</ele>
   </trkpt>
   <trkpt lat="38.985420000000005" lon="-76.52481">
    <ele>20.380000000000003</ele>
   </trkpt>
   <trkpt lat="38.98480000019154" lon="-76.52462499839335">
    <ele>20.17</ele>
   </trkpt>
   <trkpt lat="38.98418" lon="-76.52444000000001">
    <ele>21.26</ele>
   </trkpt>
   <trkpt lat="38.98405" lon="-76.52436">
    <ele>21.07</ele>
   </trkpt>
   <trkpt lat="38.98350000000001" lon="-76.52381000000001">
    <ele>20.080000000000002</ele>
   </trkpt>
   <trkpt lat="38.983230000000006" lon="-76.52345000000001">
    <ele>17.87</ele>
   </trkpt>
   <trkpt lat="38.98283" lon="-76.52281">
    <ele>16.34</ele>
   </trkpt>
   <trkpt lat="38.98259" lon="-76.52266">
    <ele>16.220000000000002</ele>
   </trkpt>
   <trkpt lat="38.982150000000246" lon="-76.5224699987528">
    <ele>16.630000000000003</ele>
   </trkpt>
   <trkpt lat="38.98171" lon="-76.52228000000001">
    <ele>17.12</ele>
   </trkpt>
   <trkpt lat="38.9814" lon="-76.52208">
    <ele>18.64</ele>
   </trkpt>
   <trkpt lat="38.98118" lon="-76.52191">
    <ele>19.080000000000002</ele>
   </trkpt>
   <trkpt lat="38.981120000000004" lon="-76.52132">
    <ele>19.590000000000003</ele>
   </trkpt>
   <trkpt lat="38.98109" lon="-76.52120000000001">
    <ele>19.590000000000003</ele>
   </trkpt>
   <trkpt lat="38.98106000000001" lon="-76.52121000000001">
    <ele>19.590000000000003</ele>
   </trkpt>
   <trkpt lat="38.98102" lon="-76.52104">
    <ele>19.470000000000002</ele>
   </trkpt>
   <trkpt lat="38.980970000000006" lon="-76.52042">
    <ele>18.98</ele>
   </trkpt>
   <trkpt lat="38.980880000000006" lon="-76.5197">
    <ele>18.48</ele>
   </trkpt>
   <trkpt lat="38.980850000000004" lon="-76.51956000000001">
    <ele>18.38</ele>
   </trkpt>
   <trkpt lat="38.98073000511633" lon="-76.51846499814098">
    <ele>17.68</ele>
   </trkpt>
   <trkpt lat="38.980610000000006" lon="-76.51737">
    <ele>16.970000000000002</ele>
   </trkpt>
   <trkpt lat="38.98062" lon="-76.51728">
    <ele>16.52</ele>
   </trkpt>
   <trkpt lat="38.98064" lon="-76.51721">
    <ele>16.52</ele>
   </trkpt>
   <trkpt lat="38.98054500322478" lon="-76.51633999878526">
    <ele>16.05</ele>
   </trkpt>
   <trkpt lat="38.980450000000005" lon="-76.51547000000001">
    <ele>15.82</ele>
   </trkpt>
   <trkpt lat="38.980360000000005" lon="-76.51466">
    <ele>15.770000000000003</ele>
   </trkpt>
   <trkpt lat="38.98026" lon="-76.51433">
    <ele>15.490000000000002</ele>
   </trkpt>
   <trkpt lat="38.98028" lon="-76.51405000000001">
    <ele>15.31</ele>
   </trkpt>
   <trkpt lat="38.98021000000001" lon="-76.51326">
    <ele>14.72</ele>
   </trkpt>
   <trkpt lat="38.98010500349192" lon="-76.51235499863078">
    <ele>13.97</ele>
   </trkpt>
   <trkpt lat="38.980000000000004" lon="-76.51145000000001">
    <ele>13.89</ele>
   </trkpt>
   <trkpt lat="38.97988" lon="-76.51152">
    <ele>13.96</ele>
   </trkpt>
   <trkpt lat="38.97930500003927" lon="-76.51163000089565">
    <ele>12.67</ele>
   </trkpt>
   <trkpt lat="38.978730000000006" lon="-76.51174">
    <ele>9.99</ele>
   </trkpt>
   <trkpt lat="38.97796000036613" lon="-76.51204500332884">
    <ele>11.99</ele>
   </trkpt>
   <trkpt lat="38.97719" lon="-76.51235000000001">
    <ele>13.96</ele>
   </trkpt>
   <trkpt lat="38.97706" lon="-76.51183">
    <ele>14.46</ele>
   </trkpt>
   <trkpt lat="38.97649000018432" lon="-76.5120500017794">
    <ele>14.600000000000001</ele>
   </trkpt>
   <trkpt lat="38.97592" lon="-76.51227">
    <ele>13.74</ele>
   </trkpt>
   <trkpt lat="38.97567" lon="-76.51227">
    <ele>12.89</ele>
   </trkpt>
   <trkpt lat="38.97511" lon="-76.51262000000001">
    <ele>11.590000000000002</ele>
   </trkpt>
   <trkpt lat="38.97496" lon="-76.51263">
    <ele>11.420000000000002</ele>
   </trkpt>
   <trkpt lat="38.97428" lon="-76.51281">
    <ele>10.5</ele>
   </trkpt>
   <trkpt lat="38.97373" lon="-76.51311000000001">
    <ele>9.540000000000001</ele>
   </trkpt>
   <trkpt lat="38.97357" lon="-76.51312">
    <ele>9.19</ele>
   </trkpt>
   <trkpt lat="38.973440000000004" lon="-76.51304">
    <ele>9.05</ele>
   </trkpt>
   <trkpt lat="38.973330000000004" lon="-76.51294">
    <ele>8.89</ele>
   </trkpt>
   <trkpt lat="38.97325" lon="-76.51277">
    <ele>8.81</ele>
   </trkpt>
   <trkpt lat="38.97309000183652" lon="-76.51211999866825">
    <ele>8.75</ele>
   </trkpt>
   <trkpt lat="38.972930000000005" lon="-76.51147">
    <ele>8.56</ele>
   </trkpt>
   <trkpt lat="38.97292" lon="-76.51129">
    <ele>8.59</ele>
   </trkpt>
   <trkpt lat="38.972970000000004" lon="-76.51102">
    <ele>8.83</ele>
   </trkpt>
   <trkpt lat="38.97303" lon="-76.51087000000001">
    <ele>9.19</ele>
   </trkpt>
   <trkpt lat="38.973220000000005" lon="-76.51061">
    <ele>9.57</ele>
   </trkpt>
   <trkpt lat="38.97332" lon="-76.51043">
    <ele>9.73</ele>
   </trkpt>
   <trkpt lat="38.97341" lon="-76.51021">
    <ele>10.6</ele>
   </trkpt>
   <trkpt lat="38.973330000000004" lon="-76.50949">
    <ele>12.190000000000001</ele>
   </trkpt>
   <trkpt lat="38.97301" lon="-76.50914">
    <ele>10.97</ele>
   </trkpt>
   <trkpt lat="38.97258" lon="-76.50875">
    <ele>8.100000000000001</ele>
   </trkpt>
   <trkpt lat="38.97218000037602" lon="-76.50842999814398">
    <ele>7.5</ele>
   </trkpt>
   <trkpt lat="38.97178" lon="-76.50811">
    <ele>6.7700000000000005</ele>
   </trkpt>
   <trkpt lat="38.97176" lon="-76.50809000000001">
    <ele>6.670000000000001</ele>
   </trkpt>
   <trkpt lat="38.97178" lon="-76.50811">
    <ele>6.91</ele>
   </trkpt>
   <trkpt lat="38.971920000000004" lon="-76.50784">
    <ele>7.470000000000001</ele>
   </trkpt>
   <trkpt lat="38.97207" lon="-76.5074">
    <ele>7.46</ele>
   </trkpt>
   <trkpt lat="38.97216" lon="-76.50743">
    <ele>7.59</ele>
   </trkpt>
   <trkpt lat="38.97223" lon="-76.50752">
    <ele>7.5600000000000005</ele>
   </trkpt>
   <trkpt lat="38.972030000000004" lon="-76.50755000000001">
    <ele>7.490000000000001</ele>
   </trkpt>
   <trkpt lat="38.97193" lon="-76.50778000000001">
    <ele>7.3500000000000005</ele>
   </trkpt>
   <trkpt lat="38.97185" lon="-76.50802">
    <ele>7.24</ele>
   </trkpt>
   <trkpt lat="38.971790000000006" lon="-76.50813000000001">
    <ele>6.920000000000001</ele>
   </trkpt>
   <trkpt lat="38.971790000000006" lon="-76.50812">
    <ele>6.83</ele>
   </trkpt>
   <trkpt lat="38.971470000000004" lon="-76.50779">
    <ele>4.390000000000001</ele>
   </trkpt>
   <trkpt lat="38.97130000000001" lon="-76.50758">
    <ele>3.6500000000000004</ele>
   </trkpt>
   <trkpt lat="38.9711" lon="-76.50724000000001">
    <ele>3.1300000000000003</ele>
   </trkpt>
   <trkpt lat="38.97088" lon="-76.50738000000001">
    <ele>2.35</ele>
   </trkpt>
   <trkpt lat="38.97064" lon="-76.50742000000001">
    <ele>2.31</ele>
   </trkpt>
   <trkpt lat="38.970560000000006" lon="-76.50748">
    <ele>2.34</ele>
   </trkpt>
   <trkpt lat="38.97055" lon="-76.50743">
    <ele>2.34</ele>
   </trkpt>
   <trkpt lat="38.97043" lon="-76.50747000000001">
    <ele>3.97</ele>
   </trkpt>
   <trkpt lat="38.970130000000005" lon="-76.50743">
    <ele>5.930000000000001</ele>
   </trkpt>
   <trkpt lat="38.9699" lon="-76.50749">
    <ele>8.14</ele>
   </trkpt>
   <trkpt lat="38.96967" lon="-76.50765000000001">
    <ele>8.910000000000002</ele>
   </trkpt>
   <trkpt lat="38.969500000000004" lon="-76.50784">
    <ele>9.22</ele>
   </trkpt>
   <trkpt lat="38.96923" lon="-76.50827000000001">
    <ele>9.540000000000001</ele>
   </trkpt>
   <trkpt lat="38.96925" lon="-76.50847">
    <ele>9.44</ele>
   </trkpt>
   <trkpt lat="38.969190000000005" lon="-76.50851">
    <ele>9.49</ele>
   </trkpt>
   <trkpt lat="38.96904" lon="-76.50851">
    <ele>9.35</ele>
   </trkpt>
   <trkpt lat="38.96856500006311" lon="-76.50848499983553">
    <ele>8.41</ele>
   </trkpt>
   <trkpt lat="38.968090000000004" lon="-76.50846">
    <ele>7.72</ele>
   </trkpt>
   <trkpt lat="38.96791" lon="-76.50842">
    <ele>7.5</ele>
   </trkpt>
   <trkpt lat="38.967740000000006" lon="-76.50828">
    <ele>6.74</ele>
   </trkpt>
   <trkpt lat="38.96742500147863" lon="-76.5076899973638">
    <ele>4.96</ele>
   </trkpt>
   <trkpt lat="38.967110000000005" lon="-76.50710000000001">
    <ele>5.36</ele>
   </trkpt>
   <trkpt lat="38.96697" lon="-76.50679000000001">
    <ele>5.81</ele>
   </trkpt>
   <trkpt lat="38.96649" lon="-76.50711000000001">
    <ele>8.280000000000001</ele>
   </trkpt>
   <trkpt lat="38.96598" lon="-76.50750000000001">
    <ele>8.47</ele>
   </trkpt>
   <trkpt lat="38.96556" lon="-76.50793">
    <ele>5.82</ele>
   </trkpt>
   <trkpt lat="38.96513" lon="-76.50869">
    <ele>4.66</ele>
   </trkpt>
   <trkpt lat="38.964850000000006" lon="-76.50902">
    <ele>4.73</ele>
   </trkpt>
   <trkpt lat="38.96444667017047" lon="-76.508379992726">
    <ele>4.19</ele>
   </trkpt>
   <trkpt lat="38.96404333684549" lon="-76.50773999273935">
    <ele>3.96</ele>
   </trkpt>
   <trkpt lat="38.963640000000005" lon="-76.50710000000001">
    <ele>5.430000000000001</ele>
   </trkpt>
   <trkpt lat="38.963166672725684" lon="-76.50625665537991">
    <ele>8.88</ele>
   </trkpt>
   <trkpt lat="38.962693339382106" lon="-76.5054133220285">
    <ele>11.370000000000001</ele>
   </trkpt>
   <trkpt lat="38.96222" lon="-76.50457">
    <ele>13.96</ele>
   </trkpt>
   <trkpt lat="38.961960000000005" lon="-76.50391">
    <ele>14.93</ele>
   </trkpt>
   <trkpt lat="38.961760000000005" lon="-76.50322000000001">
    <ele>14.440000000000001</ele>
   </trkpt>
   <trkpt lat="38.96166" lon="-76.5027">
    <ele>13.44</ele>
   </trkpt>
   <trkpt lat="38.96159" lon="-76.50197">
    <ele>11.600000000000001</ele>
   </trkpt>
   <trkpt lat="38.961570009052664" lon="-76.50093999939095">
    <ele>9.030000000000001</ele>
   </trkpt>
   <trkpt lat="38.96155000905214" lon="-76.49990999936328">
    <ele>9.860000000000001</ele>
   </trkpt>
   <trkpt lat="38.96153" lon="-76.49888">
    <ele>9.88</ele>
   </trkpt>
   <trkpt lat="38.9615" lon="-76.49844">
    <ele>10.24</ele>
   </trkpt>
   <trkpt lat="38.96146" lon="-76.49813">
    <ele>10.68</ele>
   </trkpt>
   <trkpt lat="38.961380000000005" lon="-76.49781">
    <ele>11.35</ele>
   </trkpt>
   <trkpt lat="38.96115500161642" lon="-76.49718999796575">
    <ele>11.98</ele>
   </trkpt>
   <trkpt lat="38.960930000000005" lon="-76.49657">
    <ele>11.36</ele>
   </trkpt>
   <trkpt lat="38.96083" lon="-76.4962">
    <ele>10.610000000000001</ele>
   </trkpt>
   <trkpt lat="38.96061601803899" lon="-76.49517198759472">
    <ele>10.23</ele>
   </trkpt>
   <trkpt lat="38.9604020270598" lon="-76.49414398139882">
    <ele>10.350000000000001</ele>
   </trkpt>
   <trkpt lat="38.96018802706255" lon="-76.4931159814125">
    <ele>10.540000000000001</ele>
   </trkpt>
   <trkpt lat="38.95997401804739" lon="-76.49208798763593">
    <ele>8.96</ele>
   </trkpt>
   <trkpt lat="38.95976" lon="-76.49106">
    <ele>6.970000000000001</ele>
   </trkpt>
   <trkpt lat="38.95985" lon="-76.49101">
    <ele>6.72</ele>
   </trkpt>
   <trkpt lat="38.96045" lon="-76.49081000000001">
    <ele>4.9</ele>
   </trkpt>
   <trkpt lat="38.960860000000004" lon="-76.4907">
    <ele>4.9799999999999995</ele>
   </trkpt>
   <trkpt lat="38.96151250065928" lon="-76.4904750062125">
    <ele>6.540000000000001</ele>
   </trkpt>
   <trkpt lat="38.96216500088656" lon="-76.49025000828087">
    <ele>8.650000000000002</ele>
   </trkpt>
   <trkpt lat="38.96281750068184" lon="-76.49002500620492">
    <ele>9.92</ele>
   </trkpt>
   <trkpt lat="38.96347" lon="-76.4898">
    <ele>9.9</ele>
   </trkpt>
   <trkpt lat="38.96409000040615" lon="-76.48959000366554">
    <ele>9.65</ele>
   </trkpt>
   <trkpt lat="38.964710000435986" lon="-76.48938000365548">
    <ele>9.41</ele>
   </trkpt>
   <trkpt lat="38.96533" lon="-76.48917">
    <ele>8.990000000000002</ele>
   </trkpt>
   <trkpt lat="38.965610000000005" lon="-76.48909">
    <ele>8.84</ele>
   </trkpt>
   <trkpt lat="38.965680000000006" lon="-76.48903">
    <ele>8.700000000000001</ele>
   </trkpt>
   <trkpt lat="38.96575" lon="-76.48894">
    <ele>8.700000000000001</ele>
   </trkpt>
   <trkpt lat="38.966120000000004" lon="-76.48830000000001">
    <ele>7.8100000000000005</ele>
   </trkpt>
   <trkpt lat="38.96660000258453" lon="-76.48752000530389">
    <ele>7.17</ele>
   </trkpt>
   <trkpt lat="38.96708" lon="-76.48674000000001">
    <ele>7.280000000000001</ele>
   </trkpt>
   <trkpt lat="38.967500006227596" lon="-76.48604251240695">
    <ele>6.790000000000001</ele>
   </trkpt>
   <trkpt lat="38.96792000830351" lon="-76.48534501654275">
    <ele>6.390000000000001</ele>
   </trkpt>
   <trkpt lat="38.968340006227606" lon="-76.48464751240725">
    <ele>6.3500000000000005</ele>
   </trkpt>
   <trkpt lat="38.96876" lon="-76.48395000000001">
    <ele>5.36</ele>
   </trkpt>
   <trkpt lat="38.96813500166706" lon="-76.48333499462596">
    <ele>4.670000000000001</ele>
   </trkpt>
   <trkpt lat="38.967510000000004" lon="-76.48272">
    <ele>3.87</ele>
   </trkpt>
   <trkpt lat="38.967990002513034" lon="-76.48194500533205">
    <ele>4.0600000000000005</ele>
   </trkpt>
   <trkpt lat="38.96847" lon="-76.48117">
    <ele>3.36</ele>
   </trkpt>
   <trkpt lat="38.968945008050454" lon="-76.48037751592554">
    <ele>1.4900000000000002</ele>
   </trkpt>
   <trkpt lat="38.96942001074124" lon="-76.47958502122219">
    <ele>2.3000000000000003</ele>
   </trkpt>
   <trkpt lat="38.969895008072186" lon="-76.47879251588977">
    <ele>3.22</ele>
   </trkpt>
   <trkpt lat="38.97037" lon="-76.47800000000001">
    <ele>3.33</ele>
   </trkpt>
   <trkpt lat="38.969795001224696" lon="-76.4774349952783">
    <ele>2.21</ele>
   </trkpt>
   <trkpt lat="38.96922" lon="-76.47687">
    <ele>1.2100000000000002</ele>
   </trkpt>
   <trkpt lat="38.969530000000006" lon="-76.47635000000001">
    <ele>1.1</ele>
   </trkpt>
   <trkpt lat="38.969480000000004" lon="-76.47645">
    <ele>0.9800000000000002</ele>
   </trkpt>
   <trkpt lat="38.96922" lon="-76.47687">
    <ele>1.2100000000000002</ele>
   </trkpt>
   <trkpt lat="38.96981750446105" lon="-76.47745998507378">
    <ele>2.21</ele>
   </trkpt>
   <trkpt lat="38.970415005951494" lon="-76.47804998010146">
    <ele>3.33</ele>
   </trkpt>
   <trkpt lat="38.97101250447122" lon="-76.47863998508339">
    <ele>3.75</ele>
   </trkpt>
   <trkpt lat="38.971610000000005" lon="-76.47923">
    <ele>4.04</ele>
   </trkpt>
   <trkpt lat="38.97118667088469" lon="-76.47993334174697">
    <ele>3.5700000000000003</ele>
   </trkpt>
   <trkpt lat="38.97076333754768" lon="-76.48063667508629">
    <ele>3.4200000000000004</ele>
   </trkpt>
   <trkpt lat="38.97034" lon="-76.48134">
    <ele>3.23</ele>
   </trkpt>
   <trkpt lat="38.97096500169954" lon="-76.4819599945878">
    <ele>3.56</ele>
   </trkpt>
   <trkpt lat="38.971590000000006" lon="-76.48258000000001">
    <ele>2.91</ele>
   </trkpt>
   <trkpt lat="38.9711800039558" lon="-76.4832633412932">
    <ele>2.32</ele>
   </trkpt>
   <trkpt lat="38.97077000392662" lon="-76.4839466746751">
    <ele>2.18</ele>
   </trkpt>
   <trkpt lat="38.97036000000001" lon="-76.48463000000001">
    <ele>3.35</ele>
   </trkpt>
   <trkpt lat="38.970670000000005" lon="-76.48492">
    <ele>3.0700000000000003</ele>
   </trkpt>
   <trkpt lat="38.970800000000004" lon="-76.48502">
    <ele>3.0700000000000003</ele>
   </trkpt>
   <trkpt lat="38.971140000000005" lon="-76.48521000000001">
    <ele>2.8100000000000005</ele>
   </trkpt>
   <trkpt lat="38.971340000000005" lon="-76.48528">
    <ele>2.7900000000000005</ele>
   </trkpt>
   <trkpt lat="38.97146" lon="-76.48531000000001">
    <ele>2.9000000000000004</ele>
   </trkpt>
   <trkpt lat="38.972050000202756" lon="-76.48539999927593">
    <ele>5.050000000000001</ele>
   </trkpt>
   <trkpt lat="38.972640000000006" lon="-76.48549000000001">
    <ele>6.37</ele>
   </trkpt>
   <trkpt lat="38.973290000048124" lon="-76.48560499894307">
    <ele>5.17</ele>
   </trkpt>
   <trkpt lat="38.973940000000006" lon="-76.48572">
    <ele>2.65</ele>
   </trkpt>
   <trkpt lat="38.97445500003162" lon="-76.4857949994557">
    <ele>1.8800000000000001</ele>
   </trkpt>
   <trkpt lat="38.974970000000006" lon="-76.48587">
    <ele>1.75</ele>
   </trkpt>
   <trkpt lat="38.975190000000005" lon="-76.48594">
    <ele>1.3900000000000001</ele>
   </trkpt>
   <trkpt lat="38.975440000000006" lon="-76.48605">
    <ele>1.3900000000000001</ele>
   </trkpt>
   <trkpt lat="38.976150000000004" lon="-76.48644">
    <ele>1.0</ele>
   </trkpt>
   <trkpt lat="38.97655" lon="-76.48663">
    <ele>1.18</ele>
   </trkpt>
   <trkpt lat="38.9771" lon="-76.48688">
    <ele>1.18</ele>
   </trkpt>
   <trkpt lat="38.977160000000005" lon="-76.4869">
    <ele>1.18</ele>
   </trkpt>
   <trkpt lat="38.97755" lon="-76.48710000000001">
    <ele>1.1900000000000002</ele>
   </trkpt>
   <trkpt lat="38.97767" lon="-76.48711">
    <ele>1.33</ele>
   </trkpt>
   <trkpt lat="38.97786" lon="-76.48700000000001">
    <ele>1.33</ele>
   </trkpt>
   <trkpt lat="38.9784" lon="-76.48642000000001">
    <ele>2.4400000000000004</ele>
   </trkpt>
   <trkpt lat="38.97886500123381" lon="-76.48591000321335">
    <ele>2.58</ele>
   </trkpt>
   <trkpt lat="38.979330000000004" lon="-76.48540000000001">
    <ele>1.9200000000000002</ele>
   </trkpt>
   <trkpt lat="38.97980250701762" lon="-76.48613998519671">
    <ele>2.3000000000000003</ele>
   </trkpt>
   <trkpt lat="38.980275009361755" lon="-76.48687998026976">
    <ele>3.6500000000000004</ele>
   </trkpt>
   <trkpt lat="38.980747507032305" lon="-76.48761998521933">
    <ele>5.17</ele>
   </trkpt>
   <trkpt lat="38.98122" lon="-76.48836">
    <ele>7.760000000000001</ele>
   </trkpt>
   <trkpt lat="38.98174000817762" lon="-76.48915998234864">
    <ele>8.96</ele>
   </trkpt>
   <trkpt lat="38.98226001089313" lon="-76.48995997644856">
    <ele>8.46</ele>
   </trkpt>
   <trkpt lat="38.98278000814637" lon="-76.49075998230003">
    <ele>7.82</ele>
   </trkpt>
   <trkpt lat="38.9833" lon="-76.49156">
    <ele>7.23</ele>
   </trkpt>
   <trkpt lat="38.983756008896506" lon="-76.49228198139527">
    <ele>6.540000000000001</ele>
   </trkpt>
   <trkpt lat="38.98421201334406" lon="-76.49300397209139">
    <ele>3.7</ele>
   </trkpt>
   <trkpt lat="38.98466801334256" lon="-76.49372597208861">
    <ele>2.5900000000000003</ele>
   </trkpt>
   <trkpt lat="38.98512400889184" lon="-76.49444798138708">
    <ele>4.17</ele>
   </trkpt>
   <trkpt lat="38.985580000000006" lon="-76.49517">
    <ele>2.62</ele>
   </trkpt>
   <trkpt lat="38.986043337742366" lon="-76.49588665732433">
    <ele>4.670000000000001</ele>
   </trkpt>
   <trkpt lat="38.986506671101075" lon="-76.49660332403015">
    <ele>6.840000000000001</ele>
   </trkpt>
   <trkpt lat="38.98697000000001" lon="-76.49732">
    <ele>8.57</ele>
   </trkpt>
   <trkpt lat="38.98757000069603" lon="-76.49771499667173">
    <ele>9.680000000000001</ele>
   </trkpt>
   <trkpt lat="38.988170000000004" lon="-76.49811000000001">
    <ele>12.120000000000001</ele>
   </trkpt>
   <trkpt lat="38.98849500851865" lon="-76.49729501118934">
    <ele>10.96</ele>
   </trkpt>
   <trkpt lat="38.98882001136808" lon="-76.49648001489453">
    <ele>10.3</ele>
   </trkpt>
   <trkpt lat="38.98914500854821" lon="-76.4956650111155">
    <ele>10.560000000000002</ele>
   </trkpt>
   <trkpt lat="38.989470000000004" lon="-76.49485">
    <ele>12.59</ele>
   </trkpt>
   <trkpt lat="38.98964" lon="-76.49445">
    <ele>13.19</ele>
   </trkpt>
   <trkpt lat="38.98978" lon="-76.49418">
    <ele>12.84</ele>
   </trkpt>
   <trkpt lat="38.989990000000006" lon="-76.49381000000001">
    <ele>11.770000000000001</ele>
   </trkpt>
   <trkpt lat="38.990325001262995" lon="-76.49327000252599">
    <ele>8.16</ele>
   </trkpt>
   <trkpt lat="38.990660000000005" lon="-76.49273000000001">
    <ele>6.24</ele>
   </trkpt>
   <trkpt lat="38.991060000000004" lon="-76.49203">
    <ele>6.280000000000001</ele>
   </trkpt>
   <trkpt lat="38.991490000000006" lon="-76.49114">
    <ele>10.360000000000001</ele>
   </trkpt>
   <trkpt lat="38.99182667345509" lon="-76.49024667522725">
    <ele>14.620000000000001</ele>
   </trkpt>
   <trkpt lat="38.99216334009859" lon="-76.48935334195555">
    <ele>19.01</ele>
   </trkpt>
   <trkpt lat="38.9925" lon="-76.48846">
    <ele>22.94</ele>
   </trkpt>
   <trkpt lat="38.99279000171568" lon="-76.48783000253414">
    <ele>25.900000000000002</ele>
   </trkpt>
   <trkpt lat="38.993080000000006" lon="-76.4872">
    <ele>26.17</ele>
   </trkpt>
   <trkpt lat="38.993390000000005" lon="-76.48657">
    <ele>25.060000000000002</ele>
   </trkpt>
   <trkpt lat="38.993745001618144" lon="-76.48596500293935">
    <ele>22.27</ele>
   </trkpt>
   <trkpt lat="38.9941" lon="-76.48536">
    <ele>19.22</ele>
   </trkpt>
   <trkpt lat="38.994640000000004" lon="-76.48456">
    <ele>14.860000000000001</ele>
   </trkpt>
   <trkpt lat="38.99519" lon="-76.48384">
    <ele>10.88</ele>
   </trkpt>
   <trkpt lat="38.99559" lon="-76.48341">
    <ele>10.010000000000002</ele>
   </trkpt>
   <trkpt lat="38.99604" lon="-76.48299">
    <ele>10.24</ele>
   </trkpt>
   <trkpt lat="38.996370000000006" lon="-76.4826">
    <ele>11.040000000000001</ele>
   </trkpt>
   <trkpt lat="38.996930000000006" lon="-76.48215">
    <ele>13.88</ele>
   </trkpt>
   <trkpt lat="38.997600000000006" lon="-76.48172000000001">
    <ele>17.41</ele>
   </trkpt>
   <trkpt lat="38.998050000022225" lon="-76.48155000111934">
    <ele>21.05</ele>
   </trkpt>
   <trkpt lat="38.9985" lon="-76.48138">
    <ele>24.09</ele>
   </trkpt>
   <trkpt lat="38.99913" lon="-76.48121">
    <ele>26.840000000000003</ele>
   </trkpt>
   <trkpt lat="38.99942" lon="-76.48115">
    <ele>27.17</ele>
   </trkpt>
   <trkpt lat="39.00023" lon="-76.48115">
    <ele>26.87</ele>
   </trkpt>
   <trkpt lat="39.00054" lon="-76.4812">
    <ele>26.770000000000003</ele>
   </trkpt>
   <trkpt lat="39.00085" lon="-76.48129">
    <ele>26.53</ele>
   </trkpt>
   <trkpt lat="39.00117" lon="-76.48142">
    <ele>26.18</ele>
   </trkpt>
   <trkpt lat="39.0016" lon="-76.4816">
    <ele>25.95</ele>
   </trkpt>
   <trkpt lat="39.00188" lon="-76.48176000000001">
    <ele>25.720000000000002</ele>
   </trkpt>
   <trkpt lat="39.002610000000004" lon="-76.48227">
    <ele>24.68</ele>
   </trkpt>
   <trkpt lat="39.0033550015793" lon="-76.48287999356906">
    <ele>21.11</ele>
   </trkpt>
   <trkpt lat="39.0041" lon="-76.48349">
    <ele>18.410000000000004</ele>
   </trkpt>
   <trkpt lat="39.0048180057447" lon="-76.48406997645398">
    <ele>15.860000000000003</ele>
   </trkpt>
   <trkpt lat="39.00553600861799" lon="-76.48464996468111">
    <ele>17.490000000000002</ele>
   </trkpt>
   <trkpt lat="39.006254008619706" lon="-76.4852299646819">
    <ele>18.860000000000003</ele>
   </trkpt>
   <trkpt lat="39.006972005749745" lon="-76.48580997645684">
    <ele>19.73</ele>
   </trkpt>
   <trkpt lat="39.007690000000004" lon="-76.48639">
    <ele>18.27</ele>
   </trkpt>
   <trkpt lat="39.00830000321542" lon="-76.48689248698462">
    <ele>15.580000000000002</ele>
   </trkpt>
   <trkpt lat="39.008910004275386" lon="-76.48739498263616">
    <ele>13.0</ele>
   </trkpt>
   <trkpt lat="39.00952000317984" lon="-76.48789748695494">
    <ele>12.51</ele>
   </trkpt>
   <trkpt lat="39.010130000000004" lon="-76.48840000000001">
    <ele>14.910000000000002</ele>
   </trkpt>
   <trkpt lat="39.009710000000005" lon="-76.48925000000001">
    <ele>9.670000000000002</ele>
   </trkpt>
   <trkpt lat="39.009660000000004" lon="-76.48966">
    <ele>8.180000000000001</ele>
   </trkpt>
   <trkpt lat="39.00967" lon="-76.48985">
    <ele>7.69</ele>
   </trkpt>
   <trkpt lat="39.009710000000005" lon="-76.49006">
    <ele>7.430000000000001</ele>
   </trkpt>
   <trkpt lat="39.00977" lon="-76.49024">
    <ele>7.540000000000001</ele>
   </trkpt>
   <trkpt lat="39.00994" lon="-76.49056">
    <ele>8.780000000000001</ele>
   </trkpt>
   <trkpt lat="39.010070000000006" lon="-76.49069">
    <ele>9.28</ele>
   </trkpt>
   <trkpt lat="39.010200000000005" lon="-76.49078">
    <ele>9.83</ele>
   </trkpt>
   <trkpt lat="39.010765000371634" lon="-76.49111499726021">
    <ele>14.620000000000001</ele>
   </trkpt>
   <trkpt lat="39.01133" lon="-76.49145">
    <ele>17.05</ele>
   </trkpt>
   <trkpt lat="39.0118" lon="-76.49180000000001">
    <ele>20.18</ele>
   </trkpt>
   <trkpt lat="39.01236" lon="-76.4923">
    <ele>22.430000000000003</ele>
   </trkpt>
   <trkpt lat="39.012930002879806" lon="-76.4928833239046">
    <ele>23.87</ele>
   </trkpt>
   <trkpt lat="39.01350000285479" lon="-76.4934666572122">
    <ele>25.09</ele>
   </trkpt>
   <trkpt lat="39.014070000000004" lon="-76.49405">
    <ele>26.55</ele>
   </trkpt>
   <trkpt lat="39.01422" lon="-76.49418">
    <ele>27.240000000000002</ele>
   </trkpt>
   <trkpt lat="39.01437000000001" lon="-76.49427">
    <ele>28.240000000000002</ele>
   </trkpt>
   <trkpt lat="39.01521" lon="-76.49462000000001">
    <ele>32.0</ele>
   </trkpt>
   <trkpt lat="39.01532" lon="-76.49467">
    <ele>32.28</ele>
   </trkpt>
   <trkpt lat="39.01541" lon="-76.49477">
    <ele>32.470000000000006</ele>
   </trkpt>
   <trkpt lat="39.015530000000005" lon="-76.49512">
    <ele>32.800000000000004</ele>
   </trkpt>
   <trkpt lat="39.01554" lon="-76.4953">
    <ele>32.77</ele>
   </trkpt>
   <trkpt lat="39.015510000000006" lon="-76.49547000000001">
    <ele>32.17</ele>
   </trkpt>
   <trkpt lat="39.01619" lon="-76.49611">
    <ele>28.41</ele>
   </trkpt>
   <trkpt lat="39.016580000000005" lon="-76.49646000000001">
    <ele>28.32</ele>
   </trkpt>
   <trkpt lat="39.01708500027845" lon="-76.49677499765986">
    <ele>28.73</ele>
   </trkpt>
   <trkpt lat="39.017590000000006" lon="-76.49709">
    <ele>29.040000000000003</ele>
   </trkpt>
   <trkpt lat="39.017970000000005" lon="-76.49736">
    <ele>29.130000000000003</ele>
   </trkpt>
   <trkpt lat="39.01823" lon="-76.49762000000001">
    <ele>29.43</ele>
   </trkpt>
   <trkpt lat="39.018840000000004" lon="-76.49826">
    <ele>30.7</ele>
   </trkpt>
   <trkpt lat="39.01920500051683" lon="-76.49861999810571">
    <ele>30.88</ele>
   </trkpt>
   <trkpt lat="39.01957" lon="-76.49898">
    <ele>30.860000000000003</ele>
   </trkpt>
   <trkpt lat="39.02024167619817" lon="-76.49964830158585">
    <ele>30.410000000000004</ele>
   </trkpt>
   <trkpt lat="39.020913348583306" lon="-76.50031661586942">
    <ele>30.02</ele>
   </trkpt>
   <trkpt lat="39.021585017155246" lon="-76.50098494285119">
    <ele>29.980000000000004</ele>
   </trkpt>
   <trkpt lat="39.02225668191384" lon="-76.5016532825316">
    <ele>30.36</ele>
   </trkpt>
   <trkpt lat="39.022928342858904" lon="-76.50232163491117">
    <ele>31.75</ele>
   </trkpt>
   <trkpt lat="39.0236" lon="-76.50299000000001">
    <ele>33.18</ele>
   </trkpt>
   <trkpt lat="39.02407" lon="-76.50332">
    <ele>34.28</ele>
   </trkpt>
   <trkpt lat="39.024781670737596" lon="-76.50375664468696">
    <ele>34.42000000000001</ele>
   </trkpt>
   <trkpt lat="39.02549333984742" lon="-76.5041932981656">
    <ele>36.800000000000004</ele>
   </trkpt>
   <trkpt lat="39.02620500732937" lon="-76.50462996043629">
    <ele>37.44</ele>
   </trkpt>
   <trkpt lat="39.02691667318339" lon="-76.50506663149943">
    <ele>38.42</ele>
   </trkpt>
   <trkpt lat="39.0276283374094" lon="-76.50550331135538">
    <ele>37.95</ele>
   </trkpt>
   <trkpt lat="39.02834" lon="-76.50594000000001">
    <ele>38.67</ele>
   </trkpt>
   <trkpt lat="39.029003334920404" lon="-76.50636332542385">
    <ele>37.81</ele>
   </trkpt>
   <trkpt lat="39.029666668310774" lon="-76.50678665879344">
    <ele>37.410000000000004</ele>
   </trkpt>
   <trkpt lat="39.030330000000006" lon="-76.50721">
    <ele>37.64</ele>
   </trkpt>
   <trkpt lat="39.03069" lon="-76.50749">
    <ele>37.61000000000001</ele>
   </trkpt>
   <trkpt lat="39.030950000000004" lon="-76.50774000000001">
    <ele>37.45</ele>
   </trkpt>
   <trkpt lat="39.031622007623085" lon="-76.50840797459671">
    <ele>37.32000000000001</ele>
   </trkpt>
   <trkpt lat="39.03229401143655" lon="-76.50907596189634">
    <ele>37.32000000000001</ele>
   </trkpt>
   <trkpt lat="39.03296601144024" lon="-76.50974396189937">
    <ele>37.45</ele>
   </trkpt>
   <trkpt lat="39.03363800763398" lon="-76.51041197460626">
    <ele>37.7</ele>
   </trkpt>
   <trkpt lat="39.034310000000005" lon="-76.51108">
    <ele>38.55</ele>
   </trkpt>
   <trkpt lat="39.03491400659068" lon="-76.51170197871794">
    <ele>38.75</ele>
   </trkpt>
   <trkpt lat="39.03551800987826" lon="-76.51232396806843">
    <ele>38.8</ele>
   </trkpt>
   <trkpt lat="39.0361220098626" lon="-76.51294596805182">
    <ele>38.95</ele>
   </trkpt>
   <trkpt lat="39.03672600654357" lon="-76.51356797866846">
    <ele>38.760000000000005</ele>
   </trkpt>
   <trkpt lat="39.037330000000004" lon="-76.51419">
    <ele>38.56</ele>
   </trkpt>
   <trkpt lat="39.037780000000005" lon="-76.51478">
    <ele>38.27</ele>
   </trkpt>
   <trkpt lat="39.03828001435441" lon="-76.51559997098896">
    <ele>37.50000000000001</ele>
   </trkpt>
   <trkpt lat="39.03878002296797" lon="-76.51641995358308">
    <ele>36.95</ele>
   </trkpt>
   <trkpt lat="39.03928002584045" lon="-76.51723994778261">
    <ele>36.74</ele>
   </trkpt>
   <trkpt lat="39.039780022971705" lon="-76.51805995358777">
    <ele>36.39000000000001</ele>
   </trkpt>
   <trkpt lat="39.04028001436153" lon="-76.51887997099882">
    <ele>36.120000000000005</ele>
   </trkpt>
   <trkpt lat="39.040780000000005" lon="-76.5197">
    <ele>35.82000000000001</ele>
   </trkpt>
   <trkpt lat="39.041340000000005" lon="-76.52033">
    <ele>35.67</ele>
   </trkpt>
   <trkpt lat="39.04191" lon="-76.52081000000001">
    <ele>35.32</ele>
   </trkpt>
   <trkpt lat="39.04260000139767" lon="-76.52135999471288">
    <ele>35.10000000000001</ele>
   </trkpt>
   <trkpt lat="39.043290000000006" lon="-76.52191">
    <ele>34.83</ele>
   </trkpt>
   <trkpt lat="39.04364" lon="-76.52216">
    <ele>35.0</ele>
   </trkpt>
   <trkpt lat="39.04407000025977" lon="-76.52238999861815">
    <ele>34.510000000000005</ele>
   </trkpt>
   <trkpt lat="39.044500000000006" lon="-76.52262">
    <ele>33.81</ele>
   </trkpt>
   <trkpt lat="39.04519500022413" lon="-76.52290499714572">
    <ele>32.53</ele>
   </trkpt>
   <trkpt lat="39.04589" lon="-76.52319">
    <ele>31.160000000000004</ele>
   </trkpt>
   <trkpt lat="39.04650000031924" lon="-76.52339999635326">
    <ele>30.27</ele>
   </trkpt>
   <trkpt lat="39.047110000261924" lon="-76.52360999633348">
    <ele>29.51</ele>
   </trkpt>
   <trkpt lat="39.047720000000005" lon="-76.52382">
    <ele>28.700000000000003</ele>
   </trkpt>
   <trkpt lat="39.04815" lon="-76.52390000000001">
    <ele>27.87</ele>
   </trkpt>
   <trkpt lat="39.04888999992447" lon="-76.52388000021165">
    <ele>26.29</ele>
   </trkpt>
   <trkpt lat="39.04963" lon="-76.52386000000001">
    <ele>25.09</ele>
   </trkpt>
   <trkpt lat="39.05037" lon="-76.52392">
    <ele>24.270000000000003</ele>
   </trkpt>
   <trkpt lat="39.050700000000006" lon="-76.524">
    <ele>23.12</ele>
   </trkpt>
   <trkpt lat="39.051230000024454" lon="-76.5241999984439">
    <ele>22.55</ele>
   </trkpt>
   <trkpt lat="39.05176" lon="-76.5244">
    <ele>21.900000000000002</ele>
   </trkpt>
   <trkpt lat="39.05244000041957" lon="-76.52462999785091">
    <ele>21.57</ele>
   </trkpt>
   <trkpt lat="39.05312" lon="-76.52486">
    <ele>21.220000000000002</ele>
   </trkpt>
   <trkpt lat="39.053720000000006" lon="-76.52513">
    <ele>20.93</ele>
   </trkpt>
   <trkpt lat="39.05429" lon="-76.52566">
    <ele>20.580000000000002</ele>
   </trkpt>
   <trkpt lat="39.0546" lon="-76.52601">
    <ele>20.200000000000003</ele>
   </trkpt>
   <trkpt lat="39.055073338895745" lon="-76.52681665586226">
    <ele>19.650000000000002</ele>
   </trkpt>
   <trkpt lat="39.05554667223487" lon="-76.52762332253863">
    <ele>18.8</ele>
   </trkpt>
   <trkpt lat="39.056020000000004" lon="-76.52843">
    <ele>18.31</ele>
   </trkpt>
   <trkpt lat="39.05648" lon="-76.52918000000001">
    <ele>18.53</ele>
   </trkpt>
   <trkpt lat="39.057007030642666" lon="-76.53007294001199">
    <ele>17.94</ele>
   </trkpt>
   <trkpt lat="39.057534054476264" lon="-76.53096589335362">
    <ele>17.810000000000002</ele>
   </trkpt>
   <trkpt lat="39.05806107150062" lon="-76.53185886002517">
    <ele>18.11</ele>
   </trkpt>
   <trkpt lat="39.058588081715484" lon="-76.53275184002692">
    <ele>17.67</ele>
   </trkpt>
   <trkpt lat="39.05911508512062" lon="-76.53364483335913">
    <ele>17.300000000000004</ele>
   </trkpt>
   <trkpt lat="39.05964208171578" lon="-76.53453784002211">
    <ele>17.67</ele>
   </trkpt>
   <trkpt lat="39.06016907150078" lon="-76.5354308600161">
    <ele>17.080000000000002</ele>
   </trkpt>
   <trkpt lat="39.06069605447535" lon="-76.53632389334142">
    <ele>16.77</ele>
   </trkpt>
   <trkpt lat="39.0612230306393" lon="-76.5372169399983">
    <ele>17.05</ele>
   </trkpt>
   <trkpt lat="39.06175" lon="-76.53811">
    <ele>17.23</ele>
   </trkpt>
   <trkpt lat="39.06212" lon="-76.53863000000001">
    <ele>16.6</ele>
   </trkpt>
   <trkpt lat="39.06244" lon="-76.53904">
    <ele>16.09</ele>
   </trkpt>
   <trkpt lat="39.062650000000005" lon="-76.53926000000001">
    <ele>15.850000000000003</ele>
   </trkpt>
   <trkpt lat="39.06335750433639" lon="-76.53984248247806">
    <ele>14.97</ele>
   </trkpt>
   <trkpt lat="39.06406500577522" lon="-76.54042497663157">
    <ele>14.41</ele>
   </trkpt>
   <trkpt lat="39.0647725043164" lon="-76.54100748246101">
    <ele>13.73</ele>
   </trkpt>
   <trkpt lat="39.06548" lon="-76.54159">
    <ele>13.74</ele>
   </trkpt>
   <trkpt lat="39.06620429497801" lon="-76.54219139154064">
    <ele>13.47</ele>
   </trkpt>
   <trkpt lat="39.06692858686724" lon="-76.54279279542308">
    <ele>13.61</ele>
   </trkpt>
   <trkpt lat="39.06765287566755" lon="-76.54339421164785">
    <ele>13.420000000000002</ele>
   </trkpt>
   <trkpt lat="39.068377161378784" lon="-76.54399564021547">
    <ele>13.36</ele>
   </trkpt>
   <trkpt lat="39.06910144400079" lon="-76.54459708112645">
    <ele>13.23</ele>
   </trkpt>
   <trkpt lat="39.06982572353346" lon="-76.54519853438131">
    <ele>12.39</ele>
   </trkpt>
   <trkpt lat="39.070550000000004" lon="-76.5458">
    <ele>11.950000000000001</ele>
   </trkpt>
   <trkpt lat="39.07063" lon="-76.54583000000001">
    <ele>11.950000000000001</ele>
   </trkpt>
   <trkpt lat="39.07072" lon="-76.54589">
    <ele>11.950000000000001</ele>
   </trkpt>
   <trkpt lat="39.07083" lon="-76.54598">
    <ele>11.63</ele>
   </trkpt>
   <trkpt lat="39.070910000000005" lon="-76.54612">
    <ele>11.63</ele>
   </trkpt>
   <trkpt lat="39.070980000000006" lon="-76.54615000000001">
    <ele>11.63</ele>
   </trkpt>
   <trkpt lat="39.071696260487414" lon="-76.54674245790079">
    <ele>11.47</ele>
   </trkpt>
   <trkpt lat="39.07241251797701" lon="-76.5473349278275">
    <ele>11.45</ele>
   </trkpt>
   <trkpt lat="39.07312877246865" lon="-76.54792740978068">
    <ele>12.33</ele>
   </trkpt>
   <trkpt lat="39.073845023962186" lon="-76.5485199037608">
    <ele>13.02</ele>
   </trkpt>
   <trkpt lat="39.074561272457515" lon="-76.5491124097684">
    <ele>14.33</ele>
   </trkpt>
   <trkpt lat="39.07527751795446" lon="-76.54970492780394">
    <ele>14.75</ele>
   </trkpt>
   <trkpt lat="39.0759937604529" lon="-76.55029745786794">
    <ele>15.23</ele>
   </trkpt>
   <trkpt lat="39.076710000000006" lon="-76.55089000000001">
    <ele>15.47</ele>
   </trkpt>
   <trkpt lat="39.077110000651246" lon="-76.551239998128">
    <ele>15.780000000000003</ele>
   </trkpt>
   <trkpt lat="39.077510000000004" lon="-76.55159">
    <ele>15.83</ele>
   </trkpt>
   <trkpt lat="39.07820500187961" lon="-76.55225999336434">
    <ele>15.030000000000001</ele>
   </trkpt>
   <trkpt lat="39.078900000000004" lon="-76.55293">
    <ele>14.540000000000001</ele>
   </trkpt>
   <trkpt lat="39.07956500182232" lon="-76.5535899937416">
    <ele>13.71</ele>
   </trkpt>
   <trkpt lat="39.08023" lon="-76.55425000000001">
    <ele>13.030000000000001</ele>
   </trkpt>
   <trkpt lat="39.08063000055569" lon="-76.55460999796094">
    <ele>12.8</ele>
   </trkpt>
   <trkpt lat="39.081030000000005" lon="-76.55497000000001">
    <ele>12.68</ele>
   </trkpt>
   <trkpt lat="39.08155000069305" lon="-76.55535499720672">
    <ele>12.530000000000001</ele>
   </trkpt>
   <trkpt lat="39.08207" lon="-76.55574">
    <ele>12.0</ele>
   </trkpt>
   <trkpt lat="39.08247000044275" lon="-76.5560099985578">
    <ele>11.91</ele>
   </trkpt>
   <trkpt lat="39.08287" lon="-76.55628">
    <ele>12.23</ele>
   </trkpt>
   <trkpt lat="39.083340000249144" lon="-76.55656999800001">
    <ele>12.72</ele>
   </trkpt>
   <trkpt lat="39.08381" lon="-76.55686">
    <ele>13.0</ele>
   </trkpt>
   <trkpt lat="39.084592002785534" lon="-76.55726598198078">
    <ele>13.71</ele>
   </trkpt>
   <trkpt lat="39.08537400416324" lon="-76.55767197296286">
    <ele>14.350000000000001</ele>
   </trkpt>
   <trkpt lat="39.08615600413305" lon="-76.55807797294672">
    <ele>14.58</ele>
   </trkpt>
   <trkpt lat="39.08693800269493" lon="-76.5584839819328">
    <ele>15.19</ele>
   </trkpt>
   <trkpt lat="39.087720000000004" lon="-76.55889">
    <ele>15.620000000000001</ele>
   </trkpt>
   <trkpt lat="39.0885150007701" lon="-76.55932999500912">
    <ele>16.439999999999998</ele>
   </trkpt>
   <trkpt lat="39.089310000000005" lon="-76.55977">
    <ele>16.700000000000003</ele>
   </trkpt>
   <trkpt lat="39.089800000000004" lon="-76.56013">
    <ele>17.17</ele>
   </trkpt>
   <trkpt lat="39.090300000000006" lon="-76.56058">
    <ele>17.490000000000002</ele>
   </trkpt>
   <trkpt lat="39.09057000000001" lon="-76.56089">
    <ele>17.550000000000004</ele>
   </trkpt>
   <trkpt lat="39.09118000707921" lon="-76.56163248075215">
    <ele>17.85</ele>
   </trkpt>
   <trkpt lat="39.09179000944949" lon="-76.56237497434864">
    <ele>18.51</ele>
   </trkpt>
   <trkpt lat="39.0924000071107" lon="-76.56311748078984">
    <ele>18.63</ele>
   </trkpt>
   <trkpt lat="39.09301000000001" lon="-76.56386">
    <ele>18.82</ele>
   </trkpt>
   <trkpt lat="39.093070000000004" lon="-76.56394">
    <ele>18.82</ele>
   </trkpt>
   <trkpt lat="39.09363572668948" lon="-76.56463568079879">
    <ele>18.97</ele>
   </trkpt>
   <trkpt lat="39.09420144924489" lon="-76.56533137275967">
    <ele>19.3</ele>
   </trkpt>
   <trkpt lat="39.09476716766607" lon="-76.566027075883">
    <ele>19.540000000000003</ele>
   </trkpt>
   <trkpt lat="39.09533288195288" lon="-76.56672279016904">
    <ele>20.19</ele>
   </trkpt>
   <trkpt lat="39.09589859210518" lon="-76.56741851561817">
    <ele>20.53</ele>
   </trkpt>
   <trkpt lat="39.0964642981228" lon="-76.56811425223069">
    <ele>21.09</ele>
   </trkpt>
   <trkpt lat="39.097030000000004" lon="-76.56881000000001">
    <ele>21.460000000000004</ele>
   </trkpt>
   <trkpt lat="39.09756" lon="-76.56938000000001">
    <ele>22.11</ele>
   </trkpt>
   <trkpt lat="39.097975000790456" lon="-76.56976999783686">
    <ele>22.37</ele>
   </trkpt>
   <trkpt lat="39.09839" lon="-76.57016">
    <ele>22.61</ele>
   </trkpt>
   <trkpt lat="39.098850000655936" lon="-76.57053499759847">
    <ele>22.250000000000004</ele>
   </trkpt>
   <trkpt lat="39.09931" lon="-76.57091000000001">
    <ele>21.900000000000002</ele>
   </trkpt>
   <trkpt lat="39.1001062580063" lon="-76.57142745908588">
    <ele>21.05</ele>
   </trkpt>
   <trkpt lat="39.100902513725245" lon="-76.57194492986034">
    <ele>20.37</ele>
   </trkpt>
   <trkpt lat="39.10169876715672" lon="-76.57246241232394">
    <ele>20.57</ele>
   </trkpt>
   <trkpt lat="39.102495018300594" lon="-76.57297990647723">
    <ele>20.950000000000003</ele>
   </trkpt>
   <trkpt lat="39.10329126715679" lon="-76.57349741232079">
    <ele>22.12</ele>
   </trkpt>
   <trkpt lat="39.10408751372516" lon="-76.57401492985518">
    <ele>23.250000000000004</ele>
   </trkpt>
   <trkpt lat="39.10488375800558" lon="-76.57453245908093">
    <ele>23.360000000000003</ele>
   </trkpt>
   <trkpt lat="39.10568000000001" lon="-76.57505">
    <ele>22.73</ele>
   </trkpt>
   <trkpt lat="39.106445728244566" lon="-76.5755513577521">
    <ele>22.35</ele>
   </trkpt>
   <trkpt lat="39.1072114543418" lon="-76.57605272639734">
    <ele>21.640000000000004</ele>
   </trkpt>
   <trkpt lat="39.10797717829163" lon="-76.5765541059362">
    <ele>24.96</ele>
   </trkpt>
   <trkpt lat="39.1087429000939" lon="-76.57705549636917">
    <ele>25.6</ele>
   </trkpt>
   <trkpt lat="39.10950861974856" lon="-76.57755689769677">
    <ele>23.610000000000003</ele>
   </trkpt>
   <trkpt lat="39.110274337255454" lon="-76.5780583099195">
    <ele>25.880000000000003</ele>
   </trkpt>
   <trkpt lat="39.11104005261453" lon="-76.57855973303786">
    <ele>26.92</ele>
   </trkpt>
   <trkpt lat="39.11180576582563" lon="-76.57906116705237">
    <ele>27.06</ele>
   </trkpt>
   <trkpt lat="39.1125714768887" lon="-76.57956261196352">
    <ele>26.910000000000004</ele>
   </trkpt>
   <trkpt lat="39.113337185803594" lon="-76.58006406777183">
    <ele>27.180000000000003</ele>
   </trkpt>
   <trkpt lat="39.11410289257022" lon="-76.58056553447777">
    <ele>27.860000000000003</ele>
   </trkpt>
   <trkpt lat="39.11486859718848" lon="-76.58106701208186">
    <ele>28.89</ele>
   </trkpt>
   <trkpt lat="39.11563429965826" lon="-76.58156850058462">
    <ele>28.950000000000003</ele>
   </trkpt>
   <trkpt lat="39.116400000000006" lon="-76.58207">
    <ele>27.520000000000003</ele>
   </trkpt>
   <trkpt lat="39.116710000000005" lon="-76.5823">
    <ele>26.96</ele>
   </trkpt>
   <trkpt lat="39.11703" lon="-76.5826">
    <ele>26.310000000000002</ele>
   </trkpt>
   <trkpt lat="39.117490000000004" lon="-76.5831">
    <ele>24.610000000000003</ele>
   </trkpt>
   <trkpt lat="39.11782" lon="-76.58355">
    <ele>23.900000000000002</ele>
   </trkpt>
   <trkpt lat="39.1183585886619" lon="-76.58436996239018">
    <ele>22.55</ele>
   </trkpt>
   <trkpt lat="39.118897171579675" lon="-76.58518993731644">
    <ele>21.19</ele>
   </trkpt>
   <trkpt lat="39.11943574875313" lon="-76.5860099247791">
    <ele>19.930000000000003</ele>
   </trkpt>
   <trkpt lat="39.11997432018207" lon="-76.58682992477844">
    <ele>19.790000000000003</ele>
   </trkpt>
   <trkpt lat="39.12051288586628" lon="-76.5876499373148">
    <ele>20.73</ele>
   </trkpt>
   <trkpt lat="39.121051445805584" lon="-76.58846996238843">
    <ele>21.5</ele>
   </trkpt>
   <trkpt lat="39.121590000000005" lon="-76.58929">
    <ele>22.740000000000002</ele>
   </trkpt>
   <trkpt lat="39.12165" lon="-76.58951">
    <ele>23.13</ele>
   </trkpt>
   <trkpt lat="39.121610000000004" lon="-76.58995">
    <ele>23.040000000000003</ele>
   </trkpt>
   <trkpt lat="39.121640000000006" lon="-76.59008">
    <ele>22.98</ele>
   </trkpt>
   <trkpt lat="39.12167" lon="-76.59013">
    <ele>22.97</ele>
   </trkpt>
   <trkpt lat="39.1221300004457" lon="-76.59045499787395">
    <ele>23.64</ele>
   </trkpt>
   <trkpt lat="39.12259" lon="-76.59078000000001">
    <ele>24.23</ele>
   </trkpt>
   <trkpt lat="39.12331377492803" lon="-76.59140365386418">
    <ele>24.790000000000003</ele>
   </trkpt>
   <trkpt lat="39.124037546532975" lon="-76.59202732054392">
    <ele>25.1</ele>
   </trkpt>
   <trkpt lat="39.12476131481468" lon="-76.59265100003972">
    <ele>24.380000000000003</ele>
   </trkpt>
   <trkpt lat="39.12548507977301" lon="-76.59327469235217">
    <ele>23.360000000000003</ele>
   </trkpt>
   <trkpt lat="39.126208841407774" lon="-76.5938983974818">
    <ele>22.22</ele>
   </trkpt>
   <trkpt lat="39.126932599718856" lon="-76.5945221154291">
    <ele>20.78</ele>
   </trkpt>
   <trkpt lat="39.127656354706076" lon="-76.59514584619464">
    <ele>19.810000000000002</ele>
   </trkpt>
   <trkpt lat="39.12838010636929" lon="-76.59576958977895">
    <ele>18.7</ele>
   </trkpt>
   <trkpt lat="39.12910385470835" lon="-76.59639334618258">
    <ele>17.77</ele>
   </trkpt>
   <trkpt lat="39.12982759972309" lon="-76.59701711540603">
    <ele>18.0</ele>
   </trkpt>
   <trkpt lat="39.13055134141336" lon="-76.59764089744985">
    <ele>18.240000000000002</ele>
   </trkpt>
   <trkpt lat="39.13127507977901" lon="-76.5982646923146">
    <ele>18.62</ele>
   </trkpt>
   <trkpt lat="39.13199881481988" lon="-76.59888850000078">
    <ele>18.830000000000002</ele>
   </trkpt>
   <trkpt lat="39.132722546535824" lon="-76.59951232050895">
    <ele>18.03</ele>
   </trkpt>
   <trkpt lat="39.133446274926676" lon="-76.60013615383963">
    <ele>17.150000000000002</ele>
   </trkpt>
   <trkpt lat="39.134170000000005" lon="-76.60076000000001">
    <ele>16.85</ele>
   </trkpt>
   <trkpt lat="39.13425" lon="-76.60087">
    <ele>16.85</ele>
   </trkpt>
   <trkpt lat="39.134280000000004" lon="-76.60096">
    <ele>16.66</ele>
   </trkpt>
   <trkpt lat="39.13425" lon="-76.60168">
    <ele>17.05</ele>
   </trkpt>
   <trkpt lat="39.134330000000006" lon="-76.60195">
    <ele>17.490000000000002</ele>
   </trkpt>
   <trkpt lat="39.13452" lon="-76.6023">
    <ele>18.81</ele>
   </trkpt>
   <trkpt lat="39.134690000000006" lon="-76.60302">
    <ele>22.320000000000004</ele>
   </trkpt>
   <trkpt lat="39.13474" lon="-76.60316">
    <ele>22.51</ele>
   </trkpt>
   <trkpt lat="39.13479" lon="-76.60322000000001">
    <ele>22.51</ele>
   </trkpt>
   <trkpt lat="39.13557" lon="-76.60366">
    <ele>20.89</ele>
   </trkpt>
   <trkpt lat="39.13573" lon="-76.60379">
    <ele>19.89</ele>
   </trkpt>
   <trkpt lat="39.13582" lon="-76.60396">
    <ele>19.41</ele>
   </trkpt>
   <trkpt lat="39.136127510552" lon="-76.6048674881007">
    <ele>18.830000000000002</ele>
   </trkpt>
   <trkpt lat="39.13643501406728" lon="-76.60577498412792">
    <ele>20.700000000000003</ele>
   </trkpt>
   <trkpt lat="39.13674251054567" lon="-76.60668248808165">
    <ele>20.16</ele>
   </trkpt>
   <trkpt lat="39.13705" lon="-76.60759">
    <ele>18.87</ele>
   </trkpt>
   <trkpt lat="39.13723" lon="-76.60803">
    <ele>16.42</ele>
   </trkpt>
   <trkpt lat="39.13734" lon="-76.60821">
    <ele>16.42</ele>
   </trkpt>
   <trkpt lat="39.13754" lon="-76.60848">
    <ele>14.470000000000002</ele>
   </trkpt>
   <trkpt lat="39.13765" lon="-76.60856000000001">
    <ele>14.290000000000001</ele>
   </trkpt>
   <trkpt lat="39.137930000000004" lon="-76.60869000000001">
    <ele>14.540000000000001</ele>
   </trkpt>
   <trkpt lat="39.13852" lon="-76.60892000000001">
    <ele>13.06</ele>
   </trkpt>
   <trkpt lat="39.13891" lon="-76.60897">
    <ele>12.4</ele>
   </trkpt>
   <trkpt lat="39.139030000000005" lon="-76.60897">
    <ele>12.530000000000001</ele>
   </trkpt>
   <trkpt lat="39.139780000558474" lon="-76.60870333903247">
    <ele>14.900000000000002</ele>
   </trkpt>
   <trkpt lat="39.140530000509344" lon="-76.60843667238336">
    <ele>15.200000000000001</ele>
   </trkpt>
   <trkpt lat="39.14128" lon="-76.60817">
    <ele>12.260000000000002</ele>
   </trkpt>
   <trkpt lat="39.14141" lon="-76.60808">
    <ele>12.17</ele>
   </trkpt>
   <trkpt lat="39.141490000000005" lon="-76.608">
    <ele>12.13</ele>
   </trkpt>
   <trkpt lat="39.14172000000001" lon="-76.60772">
    <ele>11.840000000000002</ele>
   </trkpt>
   <trkpt lat="39.14182" lon="-76.60768">
    <ele>11.330000000000002</ele>
   </trkpt>
   <trkpt lat="39.1419" lon="-76.60770000000001">
    <ele>11.330000000000002</ele>
   </trkpt>
   <trkpt lat="39.14199" lon="-76.60775000000001">
    <ele>11.22</ele>
   </trkpt>
   <trkpt lat="39.14233" lon="-76.60807000000001">
    <ele>11.01</ele>
   </trkpt>
   <trkpt lat="39.14278" lon="-76.60853">
    <ele>11.61</ele>
   </trkpt>
   <trkpt lat="39.143" lon="-76.60876">
    <ele>12.24</ele>
   </trkpt>
   <trkpt lat="39.143330000000006" lon="-76.6092">
    <ele>12.51</ele>
   </trkpt>
   <trkpt lat="39.1437" lon="-76.60992">
    <ele>12.93</ele>
   </trkpt>
   <trkpt lat="39.14403000323136" lon="-76.61078999591489">
    <ele>13.21</ele>
   </trkpt>
   <trkpt lat="39.144360000000006" lon="-76.61166">
    <ele>12.860000000000001</ele>
   </trkpt>
   <trkpt lat="39.14468" lon="-76.61233">
    <ele>13.09</ele>
   </trkpt>
   <trkpt lat="39.144800000000004" lon="-76.61252">
    <ele>13.09</ele>
   </trkpt>
   <trkpt lat="39.145030000000006" lon="-76.61286000000001">
    <ele>13.410000000000002</ele>
   </trkpt>
   <trkpt lat="39.145410000000005" lon="-76.61331000000001">
    <ele>14.270000000000001</ele>
   </trkpt>
   <trkpt lat="39.14564" lon="-76.6135">
    <ele>14.440000000000001</ele>
   </trkpt>
   <trkpt lat="39.146080000000005" lon="-76.61384000000001">
    <ele>15.18</ele>
   </trkpt>
   <trkpt lat="39.14627" lon="-76.61395">
    <ele>15.320000000000002</ele>
   </trkpt>
   <trkpt lat="39.14704714681195" lon="-76.61434283111508">
    <ele>15.74</ele>
   </trkpt>
   <trkpt lat="39.14782429230521" lon="-76.61473567090512">
    <ele>15.850000000000003</ele>
   </trkpt>
   <trkpt lat="39.148601436479716" lon="-76.61512851937054">
    <ele>16.970000000000002</ele>
   </trkpt>
   <trkpt lat="39.14937857933542" lon="-76.61552137651178">
    <ele>17.490000000000002</ele>
   </trkpt>
   <trkpt lat="39.150155720872235" lon="-76.61591424232921">
    <ele>18.22</ele>
   </trkpt>
   <trkpt lat="39.15093286109009" lon="-76.6163071168233">
    <ele>18.67</ele>
   </trkpt>
   <trkpt lat="39.15171" lon="-76.61670000000001">
    <ele>18.910000000000004</ele>
   </trkpt>
   <trkpt lat="39.15234" lon="-76.61703">
    <ele>19.75</ele>
   </trkpt>
   <trkpt lat="39.15247" lon="-76.61716000000001">
    <ele>19.180000000000003</ele>
   </trkpt>
   <trkpt lat="39.152530000000006" lon="-76.61714">
    <ele>19.180000000000003</ele>
   </trkpt>
   <trkpt lat="39.152660000000004" lon="-76.61719000000001">
    <ele>18.8</ele>
   </trkpt>
   <trkpt lat="39.1533350005533" lon="-76.61753999665818">
    <ele>19.270000000000003</ele>
   </trkpt>
   <trkpt lat="39.15401000000001" lon="-76.61789">
    <ele>19.62</ele>
   </trkpt>
   <trkpt lat="39.15455" lon="-76.61833">
    <ele>19.83</ele>
   </trkpt>
   <trkpt lat="39.15532000378031" lon="-76.61887248219526">
    <ele>19.16</ele>
   </trkpt>
   <trkpt lat="39.156090005045684" lon="-76.61941497626364">
    <ele>18.060000000000002</ele>
   </trkpt>
   <trkpt lat="39.15686000379602" lon="-76.61995748220569">
    <ele>17.95</ele>
   </trkpt>
   <trkpt lat="39.157630000000005" lon="-76.6205">
    <ele>18.250000000000004</ele>
   </trkpt>
   <trkpt lat="39.15818" lon="-76.62084">
    <ele>17.35</ele>
   </trkpt>
   <trkpt lat="39.15896" lon="-76.62137000000001">
    <ele>16.82</ele>
   </trkpt>
   <trkpt lat="39.15975250376021" lon="-76.62190998176611">
    <ele>15.96</ele>
   </trkpt>
   <trkpt lat="39.16054500502853" lon="-76.62244997569786">
    <ele>15.38</ele>
   </trkpt>
   <trkpt lat="39.161337503804845" lon="-76.62298998179587">
    <ele>15.530000000000001</ele>
   </trkpt>
   <trkpt lat="39.162130000000005" lon="-76.62353">
    <ele>16.009999999999998</ele>
   </trkpt>
   <trkpt lat="39.162470000000006" lon="-76.62379">
    <ele>16.080000000000002</ele>
   </trkpt>
   <trkpt lat="39.162890000000004" lon="-76.62419000000001">
    <ele>16.21</ele>
   </trkpt>
   <trkpt lat="39.1629" lon="-76.6242">
    <ele>16.220000000000002</ele>
   </trkpt>
   <trkpt lat="39.163450000000005" lon="-76.62489000000001">
    <ele>16.16</ele>
   </trkpt>
   <trkpt lat="39.163520000000005" lon="-76.62487">
    <ele>16.080000000000002</ele>
   </trkpt>
   <trkpt lat="39.1636" lon="-76.625">
    <ele>16.19</ele>
   </trkpt>
   <trkpt lat="39.163850000000004" lon="-76.62555">
    <ele>16.86</ele>
   </trkpt>
   <trkpt lat="39.16389" lon="-76.62568">
    <ele>16.93</ele>
   </trkpt>
   <trkpt lat="39.16396" lon="-76.62565000000001">
    <ele>16.93</ele>
   </trkpt>
   <trkpt lat="39.164060000000006" lon="-76.62587">
    <ele>16.98</ele>
   </trkpt>
   <trkpt lat="39.164590000000004" lon="-76.62661">
    <ele>16.790000000000003</ele>
   </trkpt>
   <trkpt lat="39.16478" lon="-76.62683000000001">
    <ele>16.93</ele>
   </trkpt>
   <trkpt lat="39.164970000000004" lon="-76.62697">
    <ele>16.95</ele>
   </trkpt>
   <trkpt lat="39.16532" lon="-76.62729">
    <ele>16.900000000000002</ele>
   </trkpt>
   <trkpt lat="39.16599000681776" lon="-76.6278549730874">
    <ele>16.650000000000002</ele>
   </trkpt>
   <trkpt lat="39.16666001090753" lon="-76.62841995693839">
    <ele>15.680000000000003</ele>
   </trkpt>
   <trkpt lat="39.16733001226919" lon="-76.6289849515534">
    <ele>15.27</ele>
   </trkpt>
   <trkpt lat="39.16800001090262" lon="-76.62954995693288">
    <ele>14.200000000000001</ele>
   </trkpt>
   <trkpt lat="39.16867000680771" lon="-76.63011497307721">
    <ele>13.23</ele>
   </trkpt>
   <trkpt lat="39.169340000000005" lon="-76.63068000000001">
    <ele>11.74</ele>
   </trkpt>
   <trkpt lat="39.16986" lon="-76.63104000000001">
    <ele>10.530000000000001</ele>
   </trkpt>
   <trkpt lat="39.17013" lon="-76.63135000000001">
    <ele>10.34</ele>
   </trkpt>
   <trkpt lat="39.170120000000004" lon="-76.63137">
    <ele>10.34</ele>
   </trkpt>
   <trkpt lat="39.17014" lon="-76.6315">
    <ele>10.34</ele>
   </trkpt>
   <trkpt lat="39.16983500131298" lon="-76.63203500216261">
    <ele>9.950000000000001</ele>
   </trkpt>
   <trkpt lat="39.16953" lon="-76.63257">
    <ele>11.27</ele>
   </trkpt>
   <trkpt lat="39.1694" lon="-76.63287000000001">
    <ele>11.63</ele>
   </trkpt>
   <trkpt lat="39.16921000000001" lon="-76.63323000000001">
    <ele>11.89</ele>
   </trkpt>
   <trkpt lat="39.168960000000006" lon="-76.63346">
    <ele>11.55</ele>
   </trkpt>
   <trkpt lat="39.16855" lon="-76.63399000000001">
    <ele>12.74</ele>
   </trkpt>
   <trkpt lat="39.16799" lon="-76.63459">
    <ele>12.59</ele>
   </trkpt>
   <trkpt lat="39.167820000000006" lon="-76.63485">
    <ele>12.89</ele>
   </trkpt>
   <trkpt lat="39.16774" lon="-76.63505">
    <ele>13.55</ele>
   </trkpt>
   <trkpt lat="39.167660000000005" lon="-76.63517">
    <ele>14.040000000000001</ele>
   </trkpt>
   <trkpt lat="39.167530000000006" lon="-76.6353">
    <ele>14.48</ele>
   </trkpt>
   <trkpt lat="39.167300000000004" lon="-76.63584">
    <ele>16.89</ele>
   </trkpt>
   <trkpt lat="39.167300000000004" lon="-76.63605000000001">
    <ele>17.52</ele>
   </trkpt>
   <trkpt lat="39.16727" lon="-76.6362">
    <ele>17.890000000000004</ele>
   </trkpt>
   <trkpt lat="39.16723" lon="-76.63624">
    <ele>17.95</ele>
   </trkpt>
   <trkpt lat="39.167080000000006" lon="-76.63632000000001">
    <ele>17.910000000000004</ele>
   </trkpt>
   <trkpt lat="39.16704" lon="-76.63637">
    <ele>17.71</ele>
   </trkpt>
   <trkpt lat="39.167" lon="-76.63651">
    <ele>17.66</ele>
   </trkpt>
   <trkpt lat="39.167" lon="-76.63668000000001">
    <ele>17.550000000000004</ele>
   </trkpt>
   <trkpt lat="39.16696" lon="-76.63696">
    <ele>17.53</ele>
   </trkpt>
   <trkpt lat="39.16693" lon="-76.63704000000001">
    <ele>17.67</ele>
   </trkpt>
   <trkpt lat="39.16648" lon="-76.63741">
    <ele>16.990000000000002</ele>
   </trkpt>
   <trkpt lat="39.16637" lon="-76.63745">
    <ele>16.95</ele>
   </trkpt>
   <trkpt lat="39.166290000000004" lon="-76.63743000000001">
    <ele>17.02</ele>
   </trkpt>
   <trkpt lat="39.166160000000005" lon="-76.63745">
    <ele>17.12</ele>
   </trkpt>
   <trkpt lat="39.16606" lon="-76.63753000000001">
    <ele>17.01</ele>
   </trkpt>
   <trkpt lat="39.165800000000004" lon="-76.63759">
    <ele>16.740000000000002</ele>
   </trkpt>
   <trkpt lat="39.16563" lon="-76.63772">
    <ele>17.09</ele>
   </trkpt>
   <trkpt lat="39.16525" lon="-76.63820000000001">
    <ele>16.8</ele>
   </trkpt>
   <trkpt lat="39.16514" lon="-76.63843">
    <ele>16.020000000000003</ele>
   </trkpt>
   <trkpt lat="39.16481" lon="-76.63888">
    <ele>15.520000000000001</ele>
   </trkpt>
   <trkpt lat="39.164570000000005" lon="-76.63897">
    <ele>15.360000000000001</ele>
   </trkpt>
   <trkpt lat="39.16447" lon="-76.63906">
    <ele>14.76</ele>
   </trkpt>
   <trkpt lat="39.164410000000004" lon="-76.63955">
    <ele>15.150000000000002</ele>
   </trkpt>
   <trkpt lat="39.16443" lon="-76.64005">
    <ele>16.490000000000002</ele>
   </trkpt>
   <trkpt lat="39.16433000000001" lon="-76.64058">
    <ele>17.220000000000002</ele>
   </trkpt>
   <trkpt lat="39.164280000000005" lon="-76.64117">
    <ele>18.48</ele>
   </trkpt>
   <trkpt lat="39.16423" lon="-76.64134">
    <ele>18.48</ele>
   </trkpt>
   <trkpt lat="39.16411" lon="-76.64152">
    <ele>18.590000000000003</ele>
   </trkpt>
   <trkpt lat="39.163990000000005" lon="-76.64179">
    <ele>18.330000000000002</ele>
   </trkpt>
   <trkpt lat="39.163630000000005" lon="-76.64218000000001">
    <ele>18.31</ele>
   </trkpt>
   <trkpt lat="39.16328" lon="-76.64246">
    <ele>18.750000000000004</ele>
   </trkpt>
   <trkpt lat="39.162690000000005" lon="-76.643">
    <ele>20.17</ele>
   </trkpt>
   <trkpt lat="39.16252" lon="-76.64314">
    <ele>20.37</ele>
   </trkpt>
   <trkpt lat="39.162130000000005" lon="-76.6434">
    <ele>20.32</ele>
   </trkpt>
   <trkpt lat="39.161820000000006" lon="-76.6435">
    <ele>19.91</ele>
   </trkpt>
   <trkpt lat="39.161500000000004" lon="-76.64345">
    <ele>18.63</ele>
   </trkpt>
   <trkpt lat="39.161150000000006" lon="-76.64296">
    <ele>17.66</ele>
   </trkpt>
   <trkpt lat="39.161060000000006" lon="-76.64290000000001">
    <ele>17.48</ele>
   </trkpt>
   <trkpt lat="39.16075" lon="-76.64282">
    <ele>16.27</ele>
   </trkpt>
   <trkpt lat="39.16057" lon="-76.64271000000001">
    <ele>15.92</ele>
   </trkpt>
   <trkpt lat="39.16038" lon="-76.64266">
    <ele>15.91</ele>
   </trkpt>
   <trkpt lat="39.160270000000004" lon="-76.64269">
    <ele>16.130000000000003</ele>
   </trkpt>
   <trkpt lat="39.160000000000004" lon="-76.64269">
    <ele>17.29</ele>
   </trkpt>
   <trkpt lat="39.159960000000005" lon="-76.64269">
    <ele>17.720000000000002</ele>
   </trkpt>
   <trkpt lat="39.159890000000004" lon="-76.64255">
    <ele>17.96</ele>
   </trkpt>
   <trkpt lat="39.15973" lon="-76.64262000000001">
    <ele>18.150000000000002</ele>
   </trkpt>
   <trkpt lat="39.159800000000004" lon="-76.64286000000001">
    <ele>18.48</ele>
   </trkpt>
   <trkpt lat="39.160050000000005" lon="-76.64336">
    <ele>20.59</ele>
   </trkpt>
   <trkpt lat="39.16019" lon="-76.64362000000001">
    <ele>22.26</ele>
   </trkpt>
   <trkpt lat="39.160560000000004" lon="-76.64413">
    <ele>25.53</ele>
   </trkpt>
   <trkpt lat="39.16097500185561" lon="-76.64478499617142">
    <ele>26.990000000000002</ele>
   </trkpt>
   <trkpt lat="39.161390000000004" lon="-76.64544000000001">
    <ele>25.980000000000004</ele>
   </trkpt>
   <trkpt lat="39.161370000000005" lon="-76.64547">
    <ele>25.980000000000004</ele>
   </trkpt>
   <trkpt lat="39.16075" lon="-76.64542">
    <ele>21.53</ele>
   </trkpt>
   <trkpt lat="39.16057" lon="-76.64533">
    <ele>20.790000000000003</ele>
   </trkpt>
   <trkpt lat="39.160450000000004" lon="-76.64528">
    <ele>20.610000000000003</ele>
   </trkpt>
   <trkpt lat="39.160250000000005" lon="-76.64532000000001">
    <ele>20.41</ele>
   </trkpt>
   <trkpt lat="39.160120000000006" lon="-76.64538">
    <ele>20.05</ele>
   </trkpt>
   <trkpt lat="39.16004" lon="-76.64587">
    <ele>20.630000000000003</ele>
   </trkpt>
   <trkpt lat="39.159980000000004" lon="-76.64613">
    <ele>20.82</ele>
   </trkpt>
   <trkpt lat="39.15991" lon="-76.64672">
    <ele>21.44</ele>
   </trkpt>
   <trkpt lat="39.15972" lon="-76.64743">
    <ele>21.650000000000002</ele>
   </trkpt>
   <trkpt lat="39.15968" lon="-76.6478">
    <ele>21.800000000000004</ele>
   </trkpt>
   <trkpt lat="39.15957" lon="-76.64797">
    <ele>21.7</ele>
   </trkpt>
   <trkpt lat="39.159420000000004" lon="-76.64807">
    <ele>21.7</ele>
   </trkpt>
   <trkpt lat="39.1593" lon="-76.64828">
    <ele>21.990000000000002</ele>
   </trkpt>
   <trkpt lat="39.15926" lon="-76.64846">
    <ele>22.26</ele>
   </trkpt>
   <trkpt lat="39.15926" lon="-76.64854000000001">
    <ele>22.26</ele>
   </trkpt>
   <trkpt lat="39.159310000000005" lon="-76.64873">
    <ele>22.490000000000002</ele>
   </trkpt>
   <trkpt lat="39.1593" lon="-76.64887">
    <ele>22.520000000000003</ele>
   </trkpt>
   <trkpt lat="39.159150000000004" lon="-76.64918">
    <ele>22.26</ele>
   </trkpt>
   <trkpt lat="39.15901" lon="-76.64971000000001">
    <ele>22.070000000000004</ele>
   </trkpt>
   <trkpt lat="39.158910000000006" lon="-76.64994">
    <ele>22.17</ele>
   </trkpt>
   <trkpt lat="39.158860000000004" lon="-76.65002000000001">
    <ele>22.17</ele>
   </trkpt>
   <trkpt lat="39.158570000000005" lon="-76.65029000000001">
    <ele>20.71</ele>
   </trkpt>
   <trkpt lat="39.15849" lon="-76.65039">
    <ele>20.540000000000003</ele>
   </trkpt>
   <trkpt lat="39.158460000000005" lon="-76.65052">
    <ele>20.270000000000003</ele>
   </trkpt>
   <trkpt lat="39.15847" lon="-76.65092">
    <ele>21.470000000000002</ele>
   </trkpt>
   <trkpt lat="39.15843" lon="-76.65154000000001">
    <ele>21.800000000000004</ele>
   </trkpt>
   <trkpt lat="39.158440000000006" lon="-76.65172000000001">
    <ele>21.85</ele>
   </trkpt>
   <trkpt lat="39.158480000000004" lon="-76.65186">
    <ele>22.05</ele>
   </trkpt>
   <trkpt lat="39.15883" lon="-76.6524">
    <ele>23.200000000000003</ele>
   </trkpt>
   <trkpt lat="39.15888" lon="-76.65263">
    <ele>23.14</ele>
   </trkpt>
   <trkpt lat="39.15885" lon="-76.65277">
    <ele>22.79</ele>
   </trkpt>
   <trkpt lat="39.158660000000005" lon="-76.65303">
    <ele>22.650000000000002</ele>
   </trkpt>
   <trkpt lat="39.15861" lon="-76.65321">
    <ele>22.71</ele>
   </trkpt>
   <trkpt lat="39.158590000000004" lon="-76.65343">
    <ele>22.92</ele>
   </trkpt>
   <trkpt lat="39.158640000000005" lon="-76.65383">
    <ele>23.39</ele>
   </trkpt>
   <trkpt lat="39.158640000000005" lon="-76.65393">
    <ele>23.41</ele>
   </trkpt>
   <trkpt lat="39.1586" lon="-76.6542">
    <ele>23.44</ele>
   </trkpt>
   <trkpt lat="39.158440000000006" lon="-76.65504">
    <ele>24.62</ele>
   </trkpt>
   <trkpt lat="39.15843" lon="-76.65563">
    <ele>25.220000000000002</ele>
   </trkpt>
   <trkpt lat="39.15825" lon="-76.65612">
    <ele>25.820000000000004</ele>
   </trkpt>
   <trkpt lat="39.15818" lon="-76.65653">
    <ele>26.490000000000002</ele>
   </trkpt>
   <trkpt lat="39.158150000000006" lon="-76.65661">
    <ele>26.490000000000002</ele>
   </trkpt>
   <trkpt lat="39.15798" lon="-76.6568">
    <ele>26.76</ele>
   </trkpt>
   <trkpt lat="39.15795000000001" lon="-76.65701">
    <ele>27.200000000000003</ele>
   </trkpt>
   <trkpt lat="39.157920000000004" lon="-76.65748">
    <ele>27.82</ele>
   </trkpt>
   <trkpt lat="39.15794" lon="-76.6577">
    <ele>28.03</ele>
   </trkpt>
   <trkpt lat="39.15784" lon="-76.65866000000001">
    <ele>28.790000000000003</ele>
   </trkpt>
   <trkpt lat="39.157700000000006" lon="-76.65920000000001">
    <ele>27.66</ele>
   </trkpt>
   <trkpt lat="39.157610000000005" lon="-76.6597">
    <ele>27.160000000000004</ele>
   </trkpt>
   <trkpt lat="39.157540000000004" lon="-76.66033">
    <ele>28.28</ele>
   </trkpt>
   <trkpt lat="39.15755" lon="-76.66045000000001">
    <ele>29.110000000000003</ele>
   </trkpt>
   <trkpt lat="39.1576" lon="-76.66055">
    <ele>29.110000000000003</ele>
   </trkpt>
   <trkpt lat="39.157680000000006" lon="-76.6606">
    <ele>29.53</ele>
   </trkpt>
   <trkpt lat="39.15827333367562" lon="-76.66077666370938">
    <ele>29.740000000000002</ele>
   </trkpt>
   <trkpt lat="39.15886666708452" lon="-76.66095333039853">
    <ele>29.76</ele>
   </trkpt>
   <trkpt lat="39.15946" lon="-76.66113">
    <ele>29.880000000000003</ele>
   </trkpt>
   <trkpt lat="39.159580000000005" lon="-76.66118">
    <ele>30.520000000000003</ele>
   </trkpt>
   <trkpt lat="39.15982" lon="-76.6614">
    <ele>30.840000000000003</ele>
   </trkpt>
   <trkpt lat="39.16034666902551" lon="-76.66192332551583">
    <ele>32.35</ele>
   </trkpt>
   <trkpt lat="39.160873335710484" lon="-76.66244665886725">
    <ele>33.690000000000005</ele>
   </trkpt>
   <trkpt lat="39.1614" lon="-76.66297">
    <ele>33.74</ele>
   </trkpt>
   <trkpt lat="39.16145" lon="-76.66306">
    <ele>33.74</ele>
   </trkpt>
   <trkpt lat="39.161500000000004" lon="-76.66328">
    <ele>33.65</ele>
   </trkpt>
   <trkpt lat="39.161550000000005" lon="-76.66337">
    <ele>33.65</ele>
   </trkpt>
   <trkpt lat="39.16199" lon="-76.66395">
    <ele>33.93</ele>
   </trkpt>
   <trkpt lat="39.162090000000006" lon="-76.664">
    <ele>34.67</ele>
   </trkpt>
   <trkpt lat="39.162200000000006" lon="-76.66404">
    <ele>34.67</ele>
   </trkpt>
   <trkpt lat="39.16264" lon="-76.66404">
    <ele>35.96000000000001</ele>
   </trkpt>
   <trkpt lat="39.16275" lon="-76.66409">
    <ele>37.08</ele>
   </trkpt>
   <trkpt lat="39.162850000000006" lon="-76.66426000000001">
    <ele>37.64</ele>
   </trkpt>
   <trkpt lat="39.162870000000005" lon="-76.66431">
    <ele>37.64</ele>
   </trkpt>
   <trkpt lat="39.162806673235735" lon="-76.66518666823157">
    <ele>38.73</ele>
   </trkpt>
   <trkpt lat="39.16274333990337" lon="-76.66606333488464">
    <ele>39.730000000000004</ele>
   </trkpt>
   <trkpt lat="39.16268" lon="-76.66694000000001">
    <ele>42.68</ele>
   </trkpt>
   <trkpt lat="39.162650000000006" lon="-76.66722">
    <ele>42.93</ele>
   </trkpt>
   <trkpt lat="39.162600000000005" lon="-76.66744000000001">
    <ele>43.36</ele>
   </trkpt>
   <trkpt lat="39.16286" lon="-76.66747000000001">
    <ele>43.67</ele>
   </trkpt>
   <trkpt lat="39.16293" lon="-76.66758">
    <ele>43.60000000000001</ele>
   </trkpt>
   <trkpt lat="39.162940000000006" lon="-76.66767">
    <ele>43.60000000000001</ele>
   </trkpt>
   <trkpt lat="39.16287667358227" lon="-76.66857000171682">
    <ele>43.09</ele>
   </trkpt>
   <trkpt lat="39.162813340242145" lon="-76.66947000181311">
    <ele>41.7</ele>
   </trkpt>
   <trkpt lat="39.16275" lon="-76.67037">
    <ele>41.0</ele>
   </trkpt>
   <trkpt lat="39.162655010439245" lon="-76.671272503676">
    <ele>41.61</ele>
   </trkpt>
   <trkpt lat="39.162560013917584" lon="-76.67217500491454">
    <ele>44.58</ele>
   </trkpt>
   <trkpt lat="39.162465010435064" lon="-76.67307750371545">
    <ele>48.49</ele>
   </trkpt>
   <trkpt lat="39.16237" lon="-76.67398">
    <ele>46.330000000000005</ele>
   </trkpt>
   <trkpt lat="39.162310000000005" lon="-76.67439">
    <ele>45.13</ele>
   </trkpt>
   <trkpt lat="39.162155003263116" lon="-76.67526500197562">
    <ele>44.980000000000004</ele>
   </trkpt>
   <trkpt lat="39.162000000000006" lon="-76.67614">
    <ele>42.760000000000005</ele>
   </trkpt>
   <trkpt lat="39.16187500163285" lon="-76.67676500129213">
    <ele>40.470000000000006</ele>
   </trkpt>
   <trkpt lat="39.161750000000005" lon="-76.67739">
    <ele>39.220000000000006</ele>
   </trkpt>
   <trkpt lat="39.16160334041315" lon="-76.67830000377693">
    <ele>38.400000000000006</ele>
   </trkpt>
   <trkpt lat="39.161456673749285" lon="-76.67921000375947">
    <ele>37.71</ele>
   </trkpt>
   <trkpt lat="39.16131" lon="-76.68012">
    <ele>36.800000000000004</ele>
   </trkpt>
   <trkpt lat="39.161210000000004" lon="-76.68064000000001">
    <ele>37.58</ele>
   </trkpt>
   <trkpt lat="39.16107" lon="-76.68125">
    <ele>37.660000000000004</ele>
   </trkpt>
   <trkpt lat="39.16095" lon="-76.68204">
    <ele>37.14000000000001</ele>
   </trkpt>
   <trkpt lat="39.160790000000006" lon="-76.68256000000001">
    <ele>37.15</ele>
   </trkpt>
   <trkpt lat="39.16057" lon="-76.68311">
    <ele>37.18000000000001</ele>
   </trkpt>
   <trkpt lat="39.16029500165055" lon="-76.68374000256665">
    <ele>36.480000000000004</ele>
   </trkpt>
   <trkpt lat="39.16002" lon="-76.68437">
    <ele>36.59</ele>
   </trkpt>
   <trkpt lat="39.15972" lon="-76.68491">
    <ele>36.6</ele>
   </trkpt>
   <trkpt lat="39.159440000000004" lon="-76.68568">
    <ele>36.49</ele>
   </trkpt>
   <trkpt lat="39.15937" lon="-76.68616">
    <ele>36.94</ele>
   </trkpt>
   <trkpt lat="39.159290000000006" lon="-76.68709000000001">
    <ele>39.88</ele>
   </trkpt>
   <trkpt lat="39.15928500342294" lon="-76.68798500002895">
    <ele>40.13</ele>
   </trkpt>
   <trkpt lat="39.15928" lon="-76.68888000000001">
    <ele>39.6</ele>
   </trkpt>
   <trkpt lat="39.15926000209171" lon="-76.68958000027038">
    <ele>40.120000000000005</ele>
   </trkpt>
   <trkpt lat="39.159240000000004" lon="-76.69028">
    <ele>39.86000000000001</ele>
   </trkpt>
   <trkpt lat="39.15916500135888" lon="-76.69086000122569">
    <ele>40.61</ele>
   </trkpt>
   <trkpt lat="39.159090000000006" lon="-76.69144">
    <ele>42.910000000000004</ele>
   </trkpt>
   <trkpt lat="39.15907" lon="-76.69247">
    <ele>46.21</ele>
   </trkpt>
   <trkpt lat="39.1591" lon="-76.69274">
    <ele>46.660000000000004</ele>
   </trkpt>
   <trkpt lat="39.159180000000006" lon="-76.69301">
    <ele>46.720000000000006</ele>
   </trkpt>
   <trkpt lat="39.15917" lon="-76.69298">
    <ele>46.720000000000006</ele>
   </trkpt>
   <trkpt lat="39.15927000000001" lon="-76.69319">
    <ele>46.540000000000006</ele>
   </trkpt>
   <trkpt lat="39.15946" lon="-76.6935">
    <ele>45.24</ele>
   </trkpt>
   <trkpt lat="39.159650000000006" lon="-76.69369">
    <ele>45.24</ele>
   </trkpt>
   <trkpt lat="39.16006" lon="-76.69404">
    <ele>43.410000000000004</ele>
   </trkpt>
   <trkpt lat="39.16062333455967" lon="-76.69441332737769">
    <ele>42.77</ele>
   </trkpt>
   <trkpt lat="39.16118666792827" lon="-76.69478666073428">
    <ele>42.85000000000001</ele>
   </trkpt>
   <trkpt lat="39.161750000000005" lon="-76.69516">
    <ele>39.769999999999996</ele>
   </trkpt>
   <trkpt lat="39.16239500018039" lon="-76.6954049977247">
    <ele>37.42</ele>
   </trkpt>
   <trkpt lat="39.16304" lon="-76.69565">
    <ele>38.09</ele>
   </trkpt>
   <trkpt lat="39.16344" lon="-76.69573000000001">
    <ele>37.78</ele>
   </trkpt>
   <trkpt lat="39.16404" lon="-76.69578">
    <ele>36.32000000000001</ele>
   </trkpt>
   <trkpt lat="39.16465" lon="-76.69578">
    <ele>34.120000000000005</ele>
   </trkpt>
   <trkpt lat="39.16525" lon="-76.6957">
    <ele>32.64</ele>
   </trkpt>
   <trkpt lat="39.1655" lon="-76.69565">
    <ele>31.360000000000007</ele>
   </trkpt>
   <trkpt lat="39.1659" lon="-76.69543">
    <ele>30.230000000000004</ele>
   </trkpt>
   <trkpt lat="39.16642" lon="-76.69526">
    <ele>29.130000000000003</ele>
   </trkpt>
   <trkpt lat="39.16657" lon="-76.69525">
    <ele>28.51</ele>
   </trkpt>
   <trkpt lat="39.16675" lon="-76.69525">
    <ele>28.12</ele>
   </trkpt>
   <trkpt lat="39.167" lon="-76.69529">
    <ele>27.94</ele>
   </trkpt>
   <trkpt lat="39.167390000000005" lon="-76.6952">
    <ele>27.990000000000002</ele>
   </trkpt>
   <trkpt lat="39.168225000293084" lon="-76.69495500289801">
    <ele>28.020000000000003</ele>
   </trkpt>
   <trkpt lat="39.16906" lon="-76.69471">
    <ele>27.900000000000002</ele>
   </trkpt>
   <trkpt lat="39.1693" lon="-76.69467">
    <ele>27.87</ele>
   </trkpt>
   <trkpt lat="39.17004500026124" lon="-76.69449500182323">
    <ele>28.240000000000002</ele>
   </trkpt>
   <trkpt lat="39.170790000000004" lon="-76.69432">
    <ele>28.470000000000002</ele>
   </trkpt>
   <trkpt lat="39.17099" lon="-76.69431">
    <ele>28.66</ele>
   </trkpt>
   <trkpt lat="39.17182666695816" lon="-76.69413000428003">
    <ele>29.290000000000003</ele>
   </trkpt>
   <trkpt lat="39.17266333363941" lon="-76.69395000427696">
    <ele>30.330000000000002</ele>
   </trkpt>
   <trkpt lat="39.173500000000004" lon="-76.69377">
    <ele>30.930000000000003</ele>
   </trkpt>
   <trkpt lat="39.1743266670042" lon="-76.69357667120832">
    <ele>31.000000000000004</ele>
   </trkpt>
   <trkpt lat="39.17515333368895" lon="-76.69338333787084">
    <ele>30.330000000000002</ele>
   </trkpt>
   <trkpt lat="39.17598" lon="-76.69319">
    <ele>29.1</ele>
   </trkpt>
   <trkpt lat="39.176210000000005" lon="-76.6931">
    <ele>28.610000000000003</ele>
   </trkpt>
   <trkpt lat="39.176350000000006" lon="-76.69296">
    <ele>28.21</ele>
   </trkpt>
   <trkpt lat="39.176460000000006" lon="-76.69266">
    <ele>27.930000000000003</ele>
   </trkpt>
   <trkpt lat="39.176460000000006" lon="-76.69247">
    <ele>28.090000000000003</ele>
   </trkpt>
   <trkpt lat="39.176350000000006" lon="-76.69171">
    <ele>30.390000000000004</ele>
   </trkpt>
   <trkpt lat="39.176350000000006" lon="-76.69152000000001">
    <ele>30.87</ele>
   </trkpt>
   <trkpt lat="39.17638" lon="-76.69130000000001">
    <ele>31.160000000000004</ele>
   </trkpt>
   <trkpt lat="39.17653000000001" lon="-76.6909">
    <ele>32.260000000000005</ele>
   </trkpt>
   <trkpt lat="39.176680000000005" lon="-76.69069">
    <ele>32.56</ele>
   </trkpt>
   <trkpt lat="39.1769" lon="-76.69051">
    <ele>33.07</ele>
   </trkpt>
   <trkpt lat="39.17714" lon="-76.69042">
    <ele>33.39</ele>
   </trkpt>
   <trkpt lat="39.177640000000004" lon="-76.69031000000001">
    <ele>34.56</ele>
   </trkpt>
   <trkpt lat="39.17781" lon="-76.69029">
    <ele>34.64</ele>
   </trkpt>
   <trkpt lat="39.17793667411027" lon="-76.6912233299569">
    <ele>33.81</ele>
   </trkpt>
   <trkpt lat="39.17806334077515" lon="-76.69215666327692">
    <ele>33.730000000000004</ele>
   </trkpt>
   <trkpt lat="39.17819" lon="-76.69309000000001">
    <ele>33.86</ele>
   </trkpt>
   <trkpt lat="39.17869500019339" lon="-76.69299500065327">
    <ele>31.82</ele>
   </trkpt>
   <trkpt lat="39.1792" lon="-76.69290000000001">
    <ele>29.740000000000002</ele>
   </trkpt>
   <trkpt lat="39.179860000175196" lon="-76.69274000301479">
    <ele>25.640000000000004</ele>
   </trkpt>
   <trkpt lat="39.180520000131594" lon="-76.69258000302541">
    <ele>24.5</ele>
   </trkpt>
   <trkpt lat="39.181180000000005" lon="-76.69242000000001">
    <ele>24.990000000000002</ele>
   </trkpt>
   <trkpt lat="39.1818" lon="-76.6922">
    <ele>24.98</ele>
   </trkpt>
   <trkpt lat="39.182410000000004" lon="-76.69193">
    <ele>25.05</ele>
   </trkpt>
   <trkpt lat="39.18273000000001" lon="-76.69175000000001">
    <ele>25.16</ele>
   </trkpt>
   <trkpt lat="39.182970000000005" lon="-76.69153">
    <ele>25.060000000000002</ele>
   </trkpt>
   <trkpt lat="39.18325" lon="-76.69133000000001">
    <ele>25.11</ele>
   </trkpt>
   <trkpt lat="39.18341" lon="-76.69126">
    <ele>25.6</ele>
   </trkpt>
   <trkpt lat="39.183460000000004" lon="-76.69126">
    <ele>25.640000000000004</ele>
   </trkpt>
   <trkpt lat="39.18352" lon="-76.69131">
    <ele>25.59</ele>
   </trkpt>
   <trkpt lat="39.183710000000005" lon="-76.69163">
    <ele>25.34</ele>
   </trkpt>
   <trkpt lat="39.18376000000001" lon="-76.69167">
    <ele>25.490000000000002</ele>
   </trkpt>
   <trkpt lat="39.184180000000005" lon="-76.69152000000001">
    <ele>27.500000000000004</ele>
   </trkpt>
   <trkpt lat="39.18477000022482" lon="-76.69139000105757">
    <ele>28.700000000000003</ele>
   </trkpt>
   <trkpt lat="39.18536" lon="-76.69126">
    <ele>28.96</ele>
   </trkpt>
   <trkpt lat="39.18553" lon="-76.69114">
    <ele>29.18</ele>
   </trkpt>
   <trkpt lat="39.18572" lon="-76.69113">
    <ele>29.720000000000002</ele>
   </trkpt>
   <trkpt lat="39.186130000000006" lon="-76.69117">
    <ele>29.820000000000004</ele>
   </trkpt>
   <trkpt lat="39.18656" lon="-76.69130000000001">
    <ele>29.710000000000004</ele>
   </trkpt>
   <trkpt lat="39.186840000000004" lon="-76.69127">
    <ele>30.01</ele>
   </trkpt>
   <trkpt lat="39.18759" lon="-76.69108">
    <ele>29.880000000000003</ele>
   </trkpt>
   <trkpt lat="39.18802" lon="-76.69087">
    <ele>29.43</ele>
   </trkpt>
   <trkpt lat="39.18863" lon="-76.69085000000001">
    <ele>28.060000000000002</ele>
   </trkpt>
   <trkpt lat="39.18916" lon="-76.69086">
    <ele>27.49</ele>
   </trkpt>
   <trkpt lat="39.189620000000005" lon="-76.69095">
    <ele>26.54</ele>
   </trkpt>
   <trkpt lat="39.190070000000006" lon="-76.69109">
    <ele>25.92</ele>
   </trkpt>
   <trkpt lat="39.19055000005014" lon="-76.69129499854449">
    <ele>25.220000000000002</ele>
   </trkpt>
   <trkpt lat="39.191030000000005" lon="-76.6915">
    <ele>25.18</ele>
   </trkpt>
   <trkpt lat="39.1916" lon="-76.69176">
    <ele>23.42</ele>
   </trkpt>
   <trkpt lat="39.19174" lon="-76.69185">
    <ele>23.42</ele>
   </trkpt>
   <trkpt lat="39.19185" lon="-76.69198">
    <ele>22.92</ele>
   </trkpt>
   <trkpt lat="39.191970000000005" lon="-76.69216">
    <ele>22.37</ele>
   </trkpt>
   <trkpt lat="39.19205" lon="-76.69239">
    <ele>21.630000000000003</ele>
   </trkpt>
   <trkpt lat="39.19205" lon="-76.69246000000001">
    <ele>21.630000000000003</ele>
   </trkpt>
   <trkpt lat="39.19188500180036" lon="-76.69311500167008">
    <ele>20.39</ele>
   </trkpt>
   <trkpt lat="39.191720000000004" lon="-76.69377">
    <ele>20.1</ele>
   </trkpt>
   <trkpt lat="39.19176" lon="-76.6939">
    <ele>20.1</ele>
   </trkpt>
   <trkpt lat="39.1918" lon="-76.69395">
    <ele>20.1</ele>
   </trkpt>
   <trkpt lat="39.19232" lon="-76.69417">
    <ele>20.009999999999998</ele>
   </trkpt>
   <trkpt lat="39.19225" lon="-76.69432">
    <ele>19.69</ele>
   </trkpt>
  </trkseg>
 </trk>
</gpx>