<?xml version='1.0' encoding='UTF-8'?>
<gpx xmlns="http://www.topografix.com/GPX/1/1" xmlns:xsi="http://www.w3.org/2001/XMLSchema-instance" creator="RouteMaker reference fixture" version="1.1" xsi:schemaLocation="http://www.topografix.com/GPX/1/1 http://www.topografix.com/GPX/1/1/gpx.xsd">
 <metadata>
  <name>Bethesda Loop</name>
  <copyright author="OpenStreetMap contributors">
   <year>2020</year>
   <license>https://www.openstreetmap.org/copyright</license>
  </copyright>
  </metadata>
 <trk>
  <name>Bethesda Loop</name>
  <type>cycling</type>
  <trkseg>
   <trkpt lat="38.908280000000005" lon="-77.00186000000001">
    <ele>21.66</ele>
   </trkpt>
   <trkpt lat="38.908060000000006" lon="-77.00194">
    <ele>19.89</ele>
   </trkpt>
   <trkpt lat="38.90805" lon="-77.00219000000001">
    <ele>18.12</ele>
   </trkpt>
   <trkpt lat="38.90802" lon="-77.0022">
    <ele>18.12</ele>
   </trkpt>
   <trkpt lat="38.908010000000004" lon="-77.00219000000001">
    <ele>18.12</ele>
   </trkpt>
   <trkpt lat="38.907900000000005" lon="-77.00229">
    <ele>16.330000000000002</ele>
   </trkpt>
   <trkpt lat="38.907830000000004" lon="-77.00242">
    <ele>18.01</ele>
   </trkpt>
   <trkpt lat="38.90735" lon="-77.00273">
    <ele>21.040000000000003</ele>
   </trkpt>
   <trkpt lat="38.907250000000005" lon="-77.00278">
    <ele>21.040000000000003</ele>
   </trkpt>
   <trkpt lat="38.907120000000006" lon="-77.00303000000001">
    <ele>21.32</ele>
   </trkpt>
   <trkpt lat="38.907160000000005" lon="-77.00325000000001">
    <ele>22.19</ele>
   </trkpt>
   <trkpt lat="38.90634000026097" lon="-77.00355000351017">
    <ele>21.61</ele>
   </trkpt>
   <trkpt lat="38.90552" lon="-77.00385">
    <ele>20.98</ele>
   </trkpt>
   <trkpt lat="38.904970000000006" lon="-77.00399">
    <ele>17.37</ele>
   </trkpt>
   <trkpt lat="38.90498" lon="-77.00403">
    <ele>17.37</ele>
   </trkpt>
   <trkpt lat="38.905190000000005" lon="-77.00402000000001">
    <ele>16.05</ele>
   </trkpt>
   <trkpt lat="38.90565" lon="-77.00385">
    <ele>16.71</ele>
   </trkpt>
   <trkpt lat="38.905655003929446" lon="-77.00480999971134">
    <ele>13.430000000000001</ele>
   </trkpt>
   <trkpt lat="38.905660000000005" lon="-77.00577000000001">
    <ele>13.590000000000002</ele>
   </trkpt>
   <trkpt lat="38.90561" lon="-77.00577000000001">
    <ele>13.55</ele>
   </trkpt>
   <trkpt lat="38.90556" lon="-77.00583">
    <ele>13.55</ele>
   </trkpt>
   <trkpt lat="38.90478499999563" lon="-77.00583250008188">
    <ele>12.820000000000002</ele>
   </trkpt>
   <trkpt lat="38.90400999999121" lon="-77.00583500010919">
    <ele>12.16</ele>
   </trkpt>
   <trkpt lat="38.90323499998675" lon="-77.0058375000819">
    <ele>11.61</ele>
   </trkpt>
   <trkpt lat="38.902460000000005" lon="-77.00584">
    <ele>11.540000000000001</ele>
   </trkpt>
   <trkpt lat="38.901900000000005" lon="-77.00587">
    <ele>11.040000000000001</ele>
   </trkpt>
   <trkpt lat="38.90173" lon="-77.00591">
    <ele>11.040000000000001</ele>
   </trkpt>
   <trkpt lat="38.901160000000004" lon="-77.00631000000001">
    <ele>10.540000000000001</ele>
   </trkpt>
   <trkpt lat="38.90042666731447" lon="-77.0065800055674">
    <ele>10.270000000000001</ele>
   </trkpt>
   <trkpt lat="38.89969333400711" lon="-77.00685000555772">
    <ele>10.5</ele>
   </trkpt>
   <trkpt lat="38.89896" lon="-77.00712">
    <ele>10.870000000000001</ele>
   </trkpt>
   <trkpt lat="38.89846" lon="-77.00734">
    <ele>12.85</ele>
   </trkpt>
   <trkpt lat="38.89828" lon="-77.00736">
    <ele>12.940000000000001</ele>
   </trkpt>
   <trkpt lat="38.897540000000006" lon="-77.00766">
    <ele>17.11</ele>
   </trkpt>
   <trkpt lat="38.89741" lon="-77.00766">
    <ele>17.5</ele>
   </trkpt>
   <trkpt lat="38.897290000000005" lon="-77.00762">
    <ele>17.490000000000002</ele>
   </trkpt>
   <trkpt lat="38.896820000000005" lon="-77.00766">
    <ele>17.0</ele>
   </trkpt>
   <trkpt lat="38.89661" lon="-77.00773000000001">
    <ele>16.95</ele>
   </trkpt>
   <trkpt lat="38.8964" lon="-77.00765000000001">
    <ele>16.8</ele>
   </trkpt>
   <trkpt lat="38.89625" lon="-77.00752">
    <ele>16.69</ele>
   </trkpt>
   <trkpt lat="38.89613000000001" lon="-77.00773000000001">
    <ele>16.26</ele>
   </trkpt>
   <trkpt lat="38.89570500138845" lon="-77.00831000353396">
    <ele>14.640000000000002</ele>
   </trkpt>
   <trkpt lat="38.89528" lon="-77.00889000000001">
    <ele>14.05</ele>
   </trkpt>
   <trkpt lat="38.89513" lon="-77.00904000000001">
    <ele>13.690000000000001</ele>
   </trkpt>
   <trkpt lat="38.894602009148024" lon="-77.00977202175707">
    <ele>11.200000000000001</ele>
   </trkpt>
   <trkpt lat="38.89407401372569" lon="-77.01050403263005">
    <ele>9.28</ele>
   </trkpt>
   <trkpt lat="38.893546013733136" lon="-77.01123603261924">
    <ele>7.57</ele>
   </trkpt>
   <trkpt lat="38.893018009170525" lon="-77.0119680217249">
    <ele>5.840000000000001</ele>
   </trkpt>
   <trkpt lat="38.89249" lon="-77.01270000000001">
    <ele>5.15</ele>
   </trkpt>
   <trkpt lat="38.892250000000004" lon="-77.013">
    <ele>4.95</ele>
   </trkpt>
   <trkpt lat="38.89215" lon="-77.01317">
    <ele>4.83</ele>
   </trkpt>
   <trkpt lat="38.89208" lon="-77.01333000000001">
    <ele>4.83</ele>
   </trkpt>
   <trkpt lat="38.89208500384895" lon="-77.01427999997397">
    <ele>4.59</ele>
   </trkpt>
   <trkpt lat="38.89209" lon="-77.01523">
    <ele>4.37</ele>
   </trkpt>
   <trkpt lat="38.89193" lon="-77.01526000000001">
    <ele>3.91</ele>
   </trkpt>
   <trkpt lat="38.89166" lon="-77.01527">
    <ele>3.49</ele>
   </trkpt>
   <trkpt lat="38.891540000000006" lon="-77.01522">
    <ele>3.5</ele>
   </trkpt>
   <trkpt lat="38.89108000018102" lon="-77.01522">
    <ele>3.3200000000000003</ele>
   </trkpt>
   <trkpt lat="38.890620000000006" lon="-77.01522">
    <ele>3.2700000000000005</ele>
   </trkpt>
   <trkpt lat="38.890620000000006" lon="-77.01523">
    <ele>3.2900000000000005</ele>
   </trkpt>
   <trkpt lat="38.89060628425679" lon="-77.01630125144654">
    <ele>3.3800000000000003</ele>
   </trkpt>
   <trkpt lat="38.890592558725906" lon="-77.0173725024792">
    <ele>3.12</ele>
   </trkpt>
   <trkpt lat="38.8905788234074" lon="-77.01844375309776">
    <ele>3.18</ele>
   </trkpt>
   <trkpt lat="38.89056507830124" lon="-77.01951500330183">
    <ele>3.04</ele>
   </trkpt>
   <trkpt lat="38.89055132340746" lon="-77.02058625309118">
    <ele>3.17</ele>
   </trkpt>
   <trkpt lat="38.89053755872605" lon="-77.02165750246552">
    <ele>3.6</ele>
   </trkpt>
   <trkpt lat="38.890523784257034" lon="-77.0227287514245">
    <ele>4.59</ele>
   </trkpt>
   <trkpt lat="38.890510000000006" lon="-77.02380000000001">
    <ele>5.540000000000001</ele>
   </trkpt>
   <trkpt lat="38.890530000000005" lon="-77.0244">
    <ele>5.960000000000001</ele>
   </trkpt>
   <trkpt lat="38.890514315559145" lon="-77.02548000141043">
    <ele>7.04</ele>
   </trkpt>
   <trkpt lat="38.89049862117009" lon="-77.02656000234377">
    <ele>7.150000000000001</ele>
   </trkpt>
   <trkpt lat="38.89048291683285" lon="-77.02764000279969">
    <ele>7.33</ele>
   </trkpt>
   <trkpt lat="38.89046720254744" lon="-77.02872000277792">
    <ele>7.88</ele>
   </trkpt>
   <trkpt lat="38.890451478313864" lon="-77.02980000227812">
    <ele>8.06</ele>
   </trkpt>
   <trkpt lat="38.890435744132155" lon="-77.03088000130005">
    <ele>7.7700000000000005</ele>
   </trkpt>
   <trkpt lat="38.890420000000006" lon="-77.03196000000001">
    <ele>5.450000000000001</ele>
   </trkpt>
   <trkpt lat="38.8904" lon="-77.03212">
    <ele>5.3500000000000005</ele>
   </trkpt>
   <trkpt lat="38.89012" lon="-77.03303000000001">
    <ele>5.410000000000001</ele>
   </trkpt>
   <trkpt lat="38.890060000000005" lon="-77.03301">
    <ele>5.53</ele>
   </trkpt>
   <trkpt lat="38.89002" lon="-77.03315">
    <ele>5.540000000000001</ele>
   </trkpt>
   <trkpt lat="38.88996" lon="-77.03319">
    <ele>5.620000000000001</ele>
   </trkpt>
   <trkpt lat="38.88991" lon="-77.03336">
    <ele>5.91</ele>
   </trkpt>
   <trkpt lat="38.889900000000004" lon="-77.03354">
    <ele>5.91</ele>
   </trkpt>
   <trkpt lat="38.88998" lon="-77.03367">
    <ele>6.0</ele>
   </trkpt>
   <trkpt lat="38.89009" lon="-77.03394">
    <ele>6.53</ele>
   </trkpt>
   <trkpt lat="38.89014" lon="-77.03412">
    <ele>7.430000000000001</ele>
   </trkpt>
   <trkpt lat="38.89018" lon="-77.03434">
    <ele>7.430000000000001</ele>
   </trkpt>
   <trkpt lat="38.89018" lon="-77.03452">
    <ele>9.120000000000001</ele>
   </trkpt>
   <trkpt lat="38.89014" lon="-77.03488">
    <ele>10.010000000000002</ele>
   </trkpt>
   <trkpt lat="38.890080000000005" lon="-77.03507">
    <ele>10.33</ele>
   </trkpt>
   <trkpt lat="38.88998" lon="-77.03525">
    <ele>10.75</ele>
   </trkpt>
   <trkpt lat="38.88983" lon="-77.03542">
    <ele>11.18</ele>
   </trkpt>
   <trkpt lat="38.88969" lon="-77.03548">
    <ele>11.500000000000002</ele>
   </trkpt>
   <trkpt lat="38.8896" lon="-77.03559000000001">
    <ele>11.510000000000002</ele>
   </trkpt>
   <trkpt lat="38.88949" lon="-77.03563000000001">
    <ele>11.45</ele>
   </trkpt>
   <trkpt lat="38.88944" lon="-77.03563000000001">
    <ele>11.45</ele>
   </trkpt>
   <trkpt lat="38.889340000000004" lon="-77.03559000000001">
    <ele>11.430000000000001</ele>
   </trkpt>
   <trkpt lat="38.88922" lon="-77.03542">
    <ele>11.39</ele>
   </trkpt>
   <trkpt lat="38.889190000000006" lon="-77.03532000000001">
    <ele>11.39</ele>
   </trkpt>
   <trkpt lat="38.8892" lon="-77.03519">
    <ele>11.430000000000001</ele>
   </trkpt>
   <trkpt lat="38.88924" lon="-77.03505000000001">
    <ele>11.430000000000001</ele>
   </trkpt>
   <trkpt lat="38.889340000000004" lon="-77.03496000000001">
    <ele>11.57</ele>
   </trkpt>
   <trkpt lat="38.889430000000004" lon="-77.03490000000001">
    <ele>11.65</ele>
   </trkpt>
   <trkpt lat="38.889570000000006" lon="-77.03492">
    <ele>11.56</ele>
   </trkpt>
   <trkpt lat="38.88969" lon="-77.03503">
    <ele>11.56</ele>
   </trkpt>
   <trkpt lat="38.889790000000005" lon="-77.03506">
    <ele>11.09</ele>
   </trkpt>
   <trkpt lat="38.88998" lon="-77.03525">
    <ele>10.75</ele>
   </trkpt>
   <trkpt lat="38.89012" lon="-77.03556">
    <ele>10.07</ele>
   </trkpt>
   <trkpt lat="38.890170000000005" lon="-77.03591">
    <ele>6.74</ele>
   </trkpt>
   <trkpt lat="38.89016" lon="-77.03609">
    <ele>6.74</ele>
   </trkpt>
   <trkpt lat="38.89012" lon="-77.03630000000001">
    <ele>6.74</ele>
   </trkpt>
   <trkpt lat="38.88996" lon="-77.03666000000001">
    <ele>5.9799999999999995</ele>
   </trkpt>
   <trkpt lat="38.88996" lon="-77.03671">
    <ele>5.9799999999999995</ele>
   </trkpt>
   <trkpt lat="38.88993" lon="-77.03674000000001">
    <ele>5.9799999999999995</ele>
   </trkpt>
   <trkpt lat="38.88992334359067" lon="-77.03783666690644">
    <ele>4.55</ele>
   </trkpt>
   <trkpt lat="38.8899166769238" lon="-77.03893333360719">
    <ele>2.8000000000000003</ele>
   </trkpt>
   <trkpt lat="38.88991" lon="-77.04003">
    <ele>3.08</ele>
   </trkpt>
   <trkpt lat="38.88993" lon="-77.04011000000001">
    <ele>3.19</ele>
   </trkpt>
   <trkpt lat="38.89002" lon="-77.04023000000001">
    <ele>3.2600000000000002</ele>
   </trkpt>
   <trkpt lat="38.89007" lon="-77.04039">
    <ele>3.45</ele>
   </trkpt>
   <trkpt lat="38.890080000000005" lon="-77.04054000000001">
    <ele>3.45</ele>
   </trkpt>
   <trkpt lat="38.89007" lon="-77.04069000000001">
    <ele>3.43</ele>
   </trkpt>
   <trkpt lat="38.89" lon="-77.04088">
    <ele>3.39</ele>
   </trkpt>
   <trkpt lat="38.889900000000004" lon="-77.04101">
    <ele>3.2</ele>
   </trkpt>
   <trkpt lat="38.889880000000005" lon="-77.0411">
    <ele>3.2</ele>
   </trkpt>
   <trkpt lat="38.889865741130215" lon="-77.04212428695891">
    <ele>3.08</ele>
   </trkpt>
   <trkpt lat="38.889851473312184" lon="-77.04314857350649">
    <ele>2.9800000000000004</ele>
   </trkpt>
   <trkpt lat="38.889837196545955" lon="-77.04417285964246">
    <ele>3.19</ele>
   </trkpt>
   <trkpt lat="38.889822910831526" lon="-77.04519714536654">
    <ele>3.0500000000000003</ele>
   </trkpt>
   <trkpt lat="38.88980861616889" lon="-77.04622143067851">
    <ele>2.9800000000000004</ele>
   </trkpt>
   <trkpt lat="38.88979431255809" lon="-77.04724571557813">
    <ele>2.97</ele>
   </trkpt>
   <trkpt lat="38.88978" lon="-77.04827">
    <ele>3.5300000000000002</ele>
   </trkpt>
   <trkpt lat="38.889920000000004" lon="-77.04830000000001">
    <ele>4.2700000000000005</ele>
   </trkpt>
   <trkpt lat="38.889970000000005" lon="-77.04832">
    <ele>4.2700000000000005</ele>
   </trkpt>
   <trkpt lat="38.890010000000004" lon="-77.0484">
    <ele>4.2700000000000005</ele>
   </trkpt>
   <trkpt lat="38.89002" lon="-77.04848000000001">
    <ele>5.710000000000001</ele>
   </trkpt>
   <trkpt lat="38.889990000000004" lon="-77.04863">
    <ele>5.710000000000001</ele>
   </trkpt>
   <trkpt lat="38.88993" lon="-77.04872">
    <ele>6.4</ele>
   </trkpt>
   <trkpt lat="38.889970000000005" lon="-77.04881">
    <ele>6.4</ele>
   </trkpt>
   <trkpt lat="38.889970000000005" lon="-77.04889">
    <ele>6.640000000000001</ele>
   </trkpt>
   <trkpt lat="38.88991" lon="-77.04898">
    <ele>6.640000000000001</ele>
   </trkpt>
   <trkpt lat="38.889990000000004" lon="-77.04906000000001">
    <ele>6.750000000000001</ele>
   </trkpt>
   <trkpt lat="38.89016" lon="-77.04929000000001">
    <ele>6.960000000000001</ele>
   </trkpt>
   <trkpt lat="38.890240000000006" lon="-77.04946000000001">
    <ele>6.970000000000001</ele>
   </trkpt>
   <trkpt lat="38.89021" lon="-77.04957">
    <ele>7.04</ele>
   </trkpt>
   <trkpt lat="38.89021" lon="-77.04965">
    <ele>7.04</ele>
   </trkpt>
   <trkpt lat="38.890280000000004" lon="-77.04999000000001">
    <ele>7.25</ele>
   </trkpt>
   <trkpt lat="38.89029" lon="-77.05017000000001">
    <ele>7.24</ele>
   </trkpt>
   <trkpt lat="38.890260000000005" lon="-77.05024">
    <ele>7.24</ele>
   </trkpt>
   <trkpt lat="38.890150000000006" lon="-77.05073">
    <ele>7.620000000000001</ele>
   </trkpt>
   <trkpt lat="38.890010000000004" lon="-77.05098000000001">
    <ele>8.0</ele>
   </trkpt>
   <trkpt lat="38.88989" lon="-77.05153">
    <ele>8.4</ele>
   </trkpt>
   <trkpt lat="38.889900000000004" lon="-77.05179000000001">
    <ele>8.6</ele>
   </trkpt>
   <trkpt lat="38.88993" lon="-77.05204">
    <ele>8.84</ele>
   </trkpt>
   <trkpt lat="38.889790000000005" lon="-77.05211000000001">
    <ele>8.780000000000001</ele>
   </trkpt>
   <trkpt lat="38.8898" lon="-77.05211000000001">
    <ele>8.790000000000001</ele>
   </trkpt>
   <trkpt lat="38.89" lon="-77.05267">
    <ele>8.610000000000001</ele>
   </trkpt>
   <trkpt lat="38.89027" lon="-77.05329">
    <ele>7.55</ele>
   </trkpt>
   <trkpt lat="38.89056" lon="-77.05381000000001">
    <ele>6.090000000000001</ele>
   </trkpt>
   <trkpt lat="38.890730000000005" lon="-77.05404">
    <ele>5.25</ele>
   </trkpt>
   <trkpt lat="38.891020000000005" lon="-77.05435">
    <ele>4.880000000000001</ele>
   </trkpt>
   <trkpt lat="38.89132" lon="-77.05462">
    <ele>4.19</ele>
   </trkpt>
   <trkpt lat="38.89159" lon="-77.05481">
    <ele>4.07</ele>
   </trkpt>
   <trkpt lat="38.89175" lon="-77.0549">
    <ele>3.93</ele>
   </trkpt>
   <trkpt lat="38.892030000000005" lon="-77.0549">
    <ele>3.85</ele>
   </trkpt>
   <trkpt lat="38.89208" lon="-77.05492000000001">
    <ele>3.85</ele>
   </trkpt>
   <trkpt lat="38.89219000000001" lon="-77.05512">
    <ele>3.7700000000000005</ele>
   </trkpt>
   <trkpt lat="38.892480000000006" lon="-77.05539">
    <ele>3.9000000000000004</ele>
   </trkpt>
   <trkpt lat="38.89262" lon="-77.05547">
    <ele>3.87</ele>
   </trkpt>
   <trkpt lat="38.89275000000001" lon="-77.05569000000001">
    <ele>3.5500000000000003</ele>
   </trkpt>
   <trkpt lat="38.89282" lon="-77.0557">
    <ele>3.47</ele>
   </trkpt>
   <trkpt lat="38.893240000000006" lon="-77.05589">
    <ele>3.25</ele>
   </trkpt>
   <trkpt lat="38.89352" lon="-77.05614000000001">
    <ele>2.7600000000000002</ele>
   </trkpt>
   <trkpt lat="38.89361" lon="-77.05616">
    <ele>2.73</ele>
   </trkpt>
   <trkpt lat="38.89434" lon="-77.0565">
    <ele>2.9600000000000004</ele>
   </trkpt>
   <trkpt lat="38.89461" lon="-77.05659">
    <ele>2.9899999999999998</ele>
   </trkpt>
   <trkpt lat="38.895" lon="-77.05668">
    <ele>2.97</ele>
   </trkpt>
   <trkpt lat="38.895520000000005" lon="-77.05669">
    <ele>2.8800000000000003</ele>
   </trkpt>
   <trkpt lat="38.896339999908555" lon="-77.05668500005828">
    <ele>2.85</ele>
   </trkpt>
   <trkpt lat="38.89716000000001" lon="-77.05668">
    <ele>2.8100000000000005</ele>
   </trkpt>
   <trkpt lat="38.89732" lon="-77.05663000000001">
    <ele>2.91</ele>
   </trkpt>
   <trkpt lat="38.898140000000005" lon="-77.05651">
    <ele>3.7</ele>
   </trkpt>
   <trkpt lat="38.898320000000005" lon="-77.05651">
    <ele>3.95</ele>
   </trkpt>
   <trkpt lat="38.89884" lon="-77.05663000000001">
    <ele>4.050000000000001</ele>
   </trkpt>
   <trkpt lat="38.8996300003229" lon="-77.05689499705962">
    <ele>4.44</ele>
   </trkpt>
   <trkpt lat="38.900420000000004" lon="-77.05716000000001">
    <ele>5.15</ele>
   </trkpt>
   <trkpt lat="38.90091" lon="-77.05735">
    <ele>6.050000000000001</ele>
   </trkpt>
   <trkpt lat="38.900980000000004" lon="-77.05739000000001">
    <ele>6.050000000000001</ele>
   </trkpt>
   <trkpt lat="38.90154499977466" lon="-77.05738000008358">
    <ele>6.46</ele>
   </trkpt>
   <trkpt lat="38.90211" lon="-77.05737">
    <ele>6.42</ele>
   </trkpt>
   <trkpt lat="38.9022" lon="-77.05741">
    <ele>6.38</ele>
   </trkpt>
   <trkpt lat="38.902280000000005" lon="-77.05749">
    <ele>6.38</ele>
   </trkpt>
   <trkpt lat="38.902350000000006" lon="-77.05758">
    <ele>6.42</ele>
   </trkpt>
   <trkpt lat="38.90238" lon="-77.05768">
    <ele>6.5</ele>
   </trkpt>
   <trkpt lat="38.902390000000004" lon="-77.05793000000001">
    <ele>6.450000000000001</ele>
   </trkpt>
   <trkpt lat="38.902420000000006" lon="-77.05817">
    <ele>5.9799999999999995</ele>
   </trkpt>
   <trkpt lat="38.90243" lon="-77.05900000000001">
    <ele>4.57</ele>
   </trkpt>
   <trkpt lat="38.902460000000005" lon="-77.05903">
    <ele>4.57</ele>
   </trkpt>
   <trkpt lat="38.902460000000005" lon="-77.05918000000001">
    <ele>4.44</ele>
   </trkpt>
   <trkpt lat="38.90247" lon="-77.06019">
    <ele>3.7900000000000005</ele>
   </trkpt>
   <trkpt lat="38.90245000315162" lon="-77.06105000035697">
    <ele>3.5900000000000003</ele>
   </trkpt>
   <trkpt lat="38.90243" lon="-77.06191000000001">
    <ele>3.96</ele>
   </trkpt>
   <trkpt lat="38.90245" lon="-77.06276000000001">
    <ele>4.66</ele>
   </trkpt>
   <trkpt lat="38.90252" lon="-77.06323">
    <ele>4.800000000000001</ele>
   </trkpt>
   <trkpt lat="38.90267" lon="-77.06391">
    <ele>5.25</ele>
   </trkpt>
   <trkpt lat="38.90279" lon="-77.06395">
    <ele>5.25</ele>
   </trkpt>
   <trkpt lat="38.90292" lon="-77.06448">
    <ele>5.33</ele>
   </trkpt>
   <trkpt lat="38.90308" lon="-77.06501">
    <ele>5.260000000000001</ele>
   </trkpt>
   <trkpt lat="38.90345000000001" lon="-77.06598000000001">
    <ele>5.37</ele>
   </trkpt>
   <trkpt lat="38.90366500356617" lon="-77.06689499720994">
    <ele>5.37</ele>
   </trkpt>
   <trkpt lat="38.90388" lon="-77.06781000000001">
    <ele>5.61</ele>
   </trkpt>
   <trkpt lat="38.904090000000004" lon="-77.06885000000001">
    <ele>5.73</ele>
   </trkpt>
   <trkpt lat="38.90431" lon="-77.06975000000001">
    <ele>5.280000000000001</ele>
   </trkpt>
   <trkpt lat="38.90438" lon="-77.07023000000001">
    <ele>4.920000000000001</ele>
   </trkpt>
   <trkpt lat="38.90439000000001" lon="-77.07049">
    <ele>4.6000000000000005</ele>
   </trkpt>
   <trkpt lat="38.90442" lon="-77.07069000000001">
    <ele>4.49</ele>
   </trkpt>
   <trkpt lat="38.904555001555714" lon="-77.07129499882554">
    <ele>4.46</ele>
   </trkpt>
   <trkpt lat="38.90469" lon="-77.0719">
    <ele>4.5600000000000005</ele>
   </trkpt>
   <trkpt lat="38.904880000000006" lon="-77.07298">
    <ele>4.21</ele>
   </trkpt>
   <trkpt lat="38.904920000000004" lon="-77.07352">
    <ele>4.3100000000000005</ele>
   </trkpt>
   <trkpt lat="38.90495000276856" lon="-77.07432499978776">
    <ele>4.65</ele>
   </trkpt>
   <trkpt lat="38.90498" lon="-77.07513">
    <ele>4.890000000000001</ele>
   </trkpt>
   <trkpt lat="38.905010000000004" lon="-77.07543000000001">
    <ele>4.95</ele>
   </trkpt>
   <trkpt lat="38.905060000000006" lon="-77.0758">
    <ele>5.34</ele>
   </trkpt>
   <trkpt lat="38.905180001919966" lon="-77.07646999889779">
    <ele>5.59</ele>
   </trkpt>
   <trkpt lat="38.905300000000004" lon="-77.07714">
    <ele>5.760000000000001</ele>
   </trkpt>
   <trkpt lat="38.905390000000004" lon="-77.07781">
    <ele>6.220000000000001</ele>
   </trkpt>
   <trkpt lat="38.9054" lon="-77.07796">
    <ele>6.24</ele>
   </trkpt>
   <trkpt lat="38.905390000000004" lon="-77.07885">
    <ele>6.19</ele>
   </trkpt>
   <trkpt lat="38.905350000000006" lon="-77.0792">
    <ele>6.19</ele>
   </trkpt>
   <trkpt lat="38.905300000000004" lon="-77.07945000000001">
    <ele>6.15</ele>
   </trkpt>
   <trkpt lat="38.90510500314304" lon="-77.08031000241205">
    <ele>6.36</ele>
   </trkpt>
   <trkpt lat="38.90491" lon="-77.08117">
    <ele>6.710000000000001</ele>
   </trkpt>
   <trkpt lat="38.904860000000006" lon="-77.08144">
    <ele>6.920000000000001</ele>
   </trkpt>
   <trkpt lat="38.904830000000004" lon="-77.08193">
    <ele>6.930000000000001</ele>
   </trkpt>
   <trkpt lat="38.90485" lon="-77.0822">
    <ele>6.970000000000001</ele>
   </trkpt>
   <trkpt lat="38.90493" lon="-77.0827">
    <ele>7.140000000000001</ele>
   </trkpt>
   <trkpt lat="38.905080000000005" lon="-77.08319">
    <ele>7.29</ele>
   </trkpt>
   <trkpt lat="38.90546000467188" lon="-77.08423499444625">
    <ele>7.5600000000000005</ele>
   </trkpt>
   <trkpt lat="38.905840000000005" lon="-77.08528000000001">
    <ele>7.55</ele>
   </trkpt>
   <trkpt lat="38.906060001864354" lon="-77.08593999797431">
    <ele>7.790000000000001</ele>
   </trkpt>
   <trkpt lat="38.90628" lon="-77.0866">
    <ele>8.15</ele>
   </trkpt>
   <trkpt lat="38.90661501436538" lon="-77.08765998495878">
    <ele>8.620000000000001</ele>
   </trkpt>
   <trkpt lat="38.906950019146635" lon="-77.08871997992188">
    <ele>8.83</ele>
   </trkpt>
   <trkpt lat="38.90728501434357" lon="-77.08977998488922">
    <ele>9.170000000000002</ele>
   </trkpt>
   <trkpt lat="38.90762" lon="-77.09084">
    <ele>9.19</ele>
   </trkpt>
   <trkpt lat="38.907830000000004" lon="-77.09142">
    <ele>9.53</ele>
   </trkpt>
   <trkpt lat="38.90829" lon="-77.09236">
    <ele>9.520000000000001</ele>
   </trkpt>
   <trkpt lat="38.90874" lon="-77.09304">
    <ele>9.770000000000001</ele>
   </trkpt>
   <trkpt lat="38.90930500637882" lon="-77.09374498318947">
    <ele>10.010000000000002</ele>
   </trkpt>
   <trkpt lat="38.909870008518055" lon="-77.09444997760178">
    <ele>10.24</ele>
   </trkpt>
   <trkpt lat="38.91043500641759" lon="-77.09515498323734">
    <ele>10.520000000000001</ele>
   </trkpt>
   <trkpt lat="38.911" lon="-77.09586">
    <ele>10.780000000000001</ele>
   </trkpt>
   <trkpt lat="38.911460000000005" lon="-77.09635">
    <ele>10.820000000000002</ele>
   </trkpt>
   <trkpt lat="38.912040000000005" lon="-77.09688000000001">
    <ele>10.93</ele>
   </trkpt>
   <trkpt lat="38.912600000000005" lon="-77.09734">
    <ele>11.14</ele>
   </trkpt>
   <trkpt lat="38.913070000000005" lon="-77.09769">
    <ele>11.39</ele>
   </trkpt>
   <trkpt lat="38.913870004453585" lon="-77.09819997701496">
    <ele>11.38</ele>
   </trkpt>
   <trkpt lat="38.914670006688546" lon="-77.098709965527">
    <ele>11.56</ele>
   </trkpt>
   <trkpt lat="38.91547000670477" lon="-77.0992199655367">
    <ele>11.850000000000001</ele>
   </trkpt>
   <trkpt lat="38.916270004502145" lon="-77.09972997704466">
    <ele>11.83</ele>
   </trkpt>
   <trkpt lat="38.91707" lon="-77.10024">
    <ele>11.74</ele>
   </trkpt>
   <trkpt lat="38.91756500028412" lon="-77.10054999775883">
    <ele>11.73</ele>
   </trkpt>
   <trkpt lat="38.918060000000004" lon="-77.10086000000001">
    <ele>11.83</ele>
   </trkpt>
   <trkpt lat="38.91863500052968" lon="-77.1012349969156">
    <ele>11.690000000000001</ele>
   </trkpt>
   <trkpt lat="38.91921" lon="-77.10161000000001">
    <ele>11.73</ele>
   </trkpt>
   <trkpt lat="38.919630000000005" lon="-77.10191">
    <ele>11.88</ele>
   </trkpt>
   <trkpt lat="38.920190000000005" lon="-77.1024">
    <ele>11.79</ele>
   </trkpt>
   <trkpt lat="38.920730000000006" lon="-77.10298">
    <ele>11.930000000000001</ele>
   </trkpt>
   <trkpt lat="38.92109000080025" lon="-77.1034249976873">
    <ele>12.430000000000001</ele>
   </trkpt>
   <trkpt lat="38.92145" lon="-77.10387">
    <ele>12.58</ele>
   </trkpt>
   <trkpt lat="38.921820000000004" lon="-77.10445">
    <ele>13.27</ele>
   </trkpt>
   <trkpt lat="38.92233" lon="-77.10535">
    <ele>14.360000000000001</ele>
   </trkpt>
   <trkpt lat="38.922740000000005" lon="-77.10619000000001">
    <ele>15.280000000000001</ele>
   </trkpt>
   <trkpt lat="38.92298" lon="-77.10656">
    <ele>15.97</ele>
   </trkpt>
   <trkpt lat="38.9232" lon="-77.10682000000001">
    <ele>16.360000000000003</ele>
   </trkpt>
   <trkpt lat="38.92347" lon="-77.10701">
    <ele>16.73</ele>
   </trkpt>
   <trkpt lat="38.92369" lon="-77.1071">
    <ele>17.07</ele>
   </trkpt>
   <trkpt lat="38.924060000000004" lon="-77.10721000000001">
    <ele>17.86</ele>
   </trkpt>
   <trkpt lat="38.92458000028267" lon="-77.1073099993132">
    <ele>18.67</ele>
   </trkpt>
   <trkpt lat="38.9251" lon="-77.10741">
    <ele>19.26</ele>
   </trkpt>
   <trkpt lat="38.92542" lon="-77.10759">
    <ele>19.560000000000002</ele>
   </trkpt>
   <trkpt lat="38.925700000000006" lon="-77.1079">
    <ele>19.720000000000002</ele>
   </trkpt>
   <trkpt lat="38.92609000121286" lon="-77.10841499727641">
    <ele>20.310000000000002</ele>
   </trkpt>
   <trkpt lat="38.926480000000005" lon="-77.10893">
    <ele>21.060000000000002</ele>
   </trkpt>
   <trkpt lat="38.92674" lon="-77.10921">
    <ele>21.37</ele>
   </trkpt>
   <trkpt lat="38.92725" lon="-77.10956">
    <ele>22.01</ele>
   </trkpt>
   <trkpt lat="38.9278400004977" lon="-77.10991499702337">
    <ele>22.64</ele>
   </trkpt>
   <trkpt lat="38.928430000000006" lon="-77.11027">
    <ele>23.330000000000002</ele>
   </trkpt>
   <trkpt lat="38.928630000000005" lon="-77.11041">
    <ele>23.720000000000002</ele>
   </trkpt>
   <trkpt lat="38.92893" lon="-77.11058000000001">
    <ele>24.28</ele>
   </trkpt>
   <trkpt lat="38.92954" lon="-77.11094">
    <ele>25.580000000000002</ele>
   </trkpt>
   <trkpt lat="38.92995000019107" lon="-77.11120999836038">
    <ele>26.01</ele>
   </trkpt>
   <trkpt lat="38.93036" lon="-77.11148">
    <ele>27.240000000000002</ele>
   </trkpt>
   <trkpt lat="38.93074" lon="-77.11166">
    <ele>27.840000000000003</ele>
   </trkpt>
   <trkpt lat="38.931185000334445" lon="-77.11181499910833">
    <ele>28.55</ele>
   </trkpt>
   <trkpt lat="38.931630000000006" lon="-77.11197">
    <ele>29.240000000000002</ele>
   </trkpt>
   <trkpt lat="38.932070000441946" lon="-77.11215499897675">
    <ele>30.140000000000004</ele>
   </trkpt>
   <trkpt lat="38.93251" lon="-77.11234">
    <ele>30.87</ele>
   </trkpt>
   <trkpt lat="38.93291" lon="-77.11259000000001">
    <ele>31.3</ele>
   </trkpt>
   <trkpt lat="38.93314" lon="-77.11274">
    <ele>32.010000000000005</ele>
   </trkpt>
   <trkpt lat="38.93381500191891" lon="-77.11338999392586">
    <ele>33.330000000000005</ele>
   </trkpt>
   <trkpt lat="38.934490000000004" lon="-77.11404">
    <ele>34.510000000000005</ele>
   </trkpt>
   <trkpt lat="38.93473" lon="-77.11425000000001">
    <ele>35.34</ele>
   </trkpt>
   <trkpt lat="38.934920000000005" lon="-77.11435">
    <ele>35.34</ele>
   </trkpt>
   <trkpt lat="38.93562" lon="-77.11466">
    <ele>37.00000000000001</ele>
   </trkpt>
   <trkpt lat="38.93591" lon="-77.11479">
    <ele>37.36000000000001</ele>
   </trkpt>
   <trkpt lat="38.93614" lon="-77.11497">
    <ele>37.64</ele>
   </trkpt>
   <trkpt lat="38.9365" lon="-77.11531000000001">
    <ele>38.41</ele>
   </trkpt>
   <trkpt lat="38.93681" lon="-77.11565">
    <ele>38.78</ele>
   </trkpt>
   <trkpt lat="38.937110000000004" lon="-77.11587">
    <ele>39.1</ele>
   </trkpt>
   <trkpt lat="38.937540000000006" lon="-77.11604000000001">
    <ele>39.82</ele>
   </trkpt>
   <trkpt lat="38.937960000000004" lon="-77.11605">
    <ele>40.300000000000004</ele>
   </trkpt>
   <trkpt lat="38.938050000000004" lon="-77.11605">
    <ele>40.300000000000004</ele>
   </trkpt>
   <trkpt lat="38.93853" lon="-77.11586000000001">
    <ele>42.35</ele>
   </trkpt>
   <trkpt lat="38.93912" lon="-77.11551">
    <ele>45.34</ele>
   </trkpt>
   <trkpt lat="38.939460000000004" lon="-77.11533">
    <ele>45.540000000000006</ele>
   </trkpt>
   <trkpt lat="38.939840000000004" lon="-77.11523000000001">
    <ele>43.43</ele>
   </trkpt>
   <trkpt lat="38.94004" lon="-77.1152">
    <ele>43.190000000000005</ele>
   </trkpt>
   <trkpt lat="38.94026" lon="-77.11519000000001">
    <ele>43.370000000000005</ele>
   </trkpt>
   <trkpt lat="38.940580000000004" lon="-77.1152">
    <ele>43.78000000000001</ele>
   </trkpt>
   <trkpt lat="38.94082" lon="-77.11524">
    <ele>44.36</ele>
   </trkpt>
   <trkpt lat="38.94147499997772" lon="-77.11536499882827">
    <ele>45.85</ele>
   </trkpt>
   <trkpt lat="38.942130000000006" lon="-77.11549000000001">
    <ele>47.45</ele>
   </trkpt>
   <trkpt lat="38.94294000034959" lon="-77.1156524944327">
    <ele>48.870000000000005</ele>
   </trkpt>
   <trkpt lat="38.94375000047388" lon="-77.11581499257835">
    <ele>50.68</ele>
   </trkpt>
   <trkpt lat="38.94456000037285" lon="-77.11597749443716">
    <ele>51.660000000000004</ele>
   </trkpt>
   <trkpt lat="38.945370000000004" lon="-77.11614">
    <ele>52.54</ele>
   </trkpt>
   <trkpt lat="38.94559" lon="-77.11614">
    <ele>52.81</ele>
   </trkpt>
   <trkpt lat="38.94603" lon="-77.1161">
    <ele>53.230000000000004</ele>
   </trkpt>
   <trkpt lat="38.946020000000004" lon="-77.11611">
    <ele>53.230000000000004</ele>
   </trkpt>
   <trkpt lat="38.946310000000004" lon="-77.116">
    <ele>53.36000000000001</ele>
   </trkpt>
   <trkpt lat="38.946560000000005" lon="-77.11587">
    <ele>53.15</ele>
   </trkpt>
   <trkpt lat="38.946870000000004" lon="-77.11564000000001">
    <ele>53.07000000000001</ele>
   </trkpt>
   <trkpt lat="38.947100000000006" lon="-77.11542">
    <ele>52.980000000000004</ele>
   </trkpt>
   <trkpt lat="38.94727" lon="-77.11523000000001">
    <ele>52.82000000000001</ele>
   </trkpt>
   <trkpt lat="38.947625001456636" lon="-77.11465000286961">
    <ele>52.660000000000004</ele>
   </trkpt>
   <trkpt lat="38.94798" lon="-77.11407000000001">
    <ele>52.25000000000001</ele>
   </trkpt>
   <trkpt lat="38.948150000000005" lon="-77.11381">
    <ele>52.09</ele>
   </trkpt>
   <trkpt lat="38.94838" lon="-77.11358000000001">
    <ele>51.800000000000004</ele>
   </trkpt>
   <trkpt lat="38.948750000000004" lon="-77.11327">
    <ele>51.39</ele>
   </trkpt>
   <trkpt lat="38.94917" lon="-77.11309">
    <ele>51.21000000000001</ele>
   </trkpt>
   <trkpt lat="38.94937" lon="-77.11304000000001">
    <ele>51.21000000000001</ele>
   </trkpt>
   <trkpt lat="38.950210000000006" lon="-77.11295000000001">
    <ele>51.410000000000004</ele>
   </trkpt>
   <trkpt lat="38.95094999990117" lon="-77.11291000042334">
    <ele>52.18</ele>
   </trkpt>
   <trkpt lat="38.951690000000006" lon="-77.11287">
    <ele>52.730000000000004</ele>
   </trkpt>
   <trkpt lat="38.95214" lon="-77.11277000000001">
    <ele>53.470000000000006</ele>
   </trkpt>
   <trkpt lat="38.95235" lon="-77.11268000000001">
    <ele>54.080000000000005</ele>
   </trkpt>
   <trkpt lat="38.95288" lon="-77.11238">
    <ele>54.400000000000006</ele>
   </trkpt>
   <trkpt lat="38.953558577973716" lon="-77.11187431476843">
    <ele>55.17</ele>
   </trkpt>
   <trkpt lat="38.954237153765355" lon="-77.11136861985317">
    <ele>56.260000000000005</ele>
   </trkpt>
   <trkpt lat="38.95491572737481" lon="-77.11086291525385">
    <ele>57.35</ele>
   </trkpt>
   <trkpt lat="38.955594298802005" lon="-77.11035720097009">
    <ele>58.45</ele>
   </trkpt>
   <trkpt lat="38.95627286804683" lon="-77.10985147700147">
    <ele>60.14000000000001</ele>
   </trkpt>
   <trkpt lat="38.956951435109204" lon="-77.10934574334763">
    <ele>61.190000000000005</ele>
   </trkpt>
   <trkpt lat="38.95763" lon="-77.10884">
    <ele>62.290000000000006</ele>
   </trkpt>
   <trkpt lat="38.957750000000004" lon="-77.10876">
    <ele>62.49</ele>
   </trkpt>
   <trkpt lat="38.958470000000005" lon="-77.10822">
    <ele>63.33000000000001</ele>
   </trkpt>
   <trkpt lat="38.95893" lon="-77.10780000000001">
    <ele>64.59</ele>
   </trkpt>
   <trkpt lat="38.95929" lon="-77.10733">
    <ele>64.99000000000001</ele>
   </trkpt>
   <trkpt lat="38.95980000447071" lon="-77.10661001029837">
    <ele>65.83</ele>
   </trkpt>
   <trkpt lat="38.960310004517765" lon="-77.10589001023207">
    <ele>66.77000000000001</ele>
   </trkpt>
   <trkpt lat="38.960820000000005" lon="-77.10517">
    <ele>68.27000000000001</ele>
   </trkpt>
   <trkpt lat="38.961130000000004" lon="-77.10481">
    <ele>68.74000000000001</ele>
   </trkpt>
   <trkpt lat="38.9615" lon="-77.10454">
    <ele>69.13000000000001</ele>
   </trkpt>
   <trkpt lat="38.96184" lon="-77.10431000000001">
    <ele>69.4</ele>
   </trkpt>
   <trkpt lat="38.96222" lon="-77.10414">
    <ele>69.79</ele>
   </trkpt>
   <trkpt lat="38.9626" lon="-77.10404000000001">
    <ele>69.94</ele>
   </trkpt>
   <trkpt lat="38.963445000154195" lon="-77.10384000238935">
    <ele>73.95</ele>
   </trkpt>
   <trkpt lat="38.964290000000005" lon="-77.10364000000001">
    <ele>77.72000000000001</ele>
   </trkpt>
   <trkpt lat="38.96511000159818" lon="-77.10343602125263">
    <ele>77.34</ele>
   </trkpt>
   <trkpt lat="38.9659300028413" lon="-77.10323203778309">
    <ele>75.78</ele>
   </trkpt>
   <trkpt lat="38.96675000372931" lon="-77.10302804959115">
    <ele>76.55000000000001</ele>
   </trkpt>
   <trkpt lat="38.967570004262214" lon="-77.10282405667657">
    <ele>77.54</ele>
   </trkpt>
   <trkpt lat="38.96839000443999" lon="-77.1026200590391">
    <ele>79.38000000000001</ele>
   </trkpt>
   <trkpt lat="38.96921000426261" lon="-77.10241605667846">
    <ele>80.34</ele>
   </trkpt>
   <trkpt lat="38.970030003730066" lon="-77.10221204959446">
    <ele>81.22</ele>
   </trkpt>
   <trkpt lat="38.97085000284234" lon="-77.10200803778683">
    <ele>82.59</ele>
   </trkpt>
   <trkpt lat="38.971670001599406" lon="-77.10180402125532">
    <ele>84.08</ele>
   </trkpt>
   <trkpt lat="38.97249" lon="-77.1016">
    <ele>84.7</ele>
   </trkpt>
   <trkpt lat="38.97334" lon="-77.10135000000001">
    <ele>86.47</ele>
   </trkpt>
   <trkpt lat="38.973380000000006" lon="-77.10129">
    <ele>86.47</ele>
   </trkpt>
   <trkpt lat="38.97382" lon="-77.10182">
    <ele>85.97</ele>
   </trkpt>
   <trkpt lat="38.97439" lon="-77.10253">
    <ele>84.42</ele>
   </trkpt>
   <trkpt lat="38.974520000000005" lon="-77.10266">
    <ele>84.39</ele>
   </trkpt>
   <trkpt lat="38.974720000000005" lon="-77.10275">
    <ele>84.36</ele>
   </trkpt>
   <trkpt lat="38.97496" lon="-77.10302">
    <ele>84.5</ele>
   </trkpt>
   <trkpt lat="38.97513" lon="-77.10316">
    <ele>84.5</ele>
   </trkpt>
   <trkpt lat="38.97534" lon="-77.1033">
    <ele>85.14</ele>
   </trkpt>
   <trkpt lat="38.975440000000006" lon="-77.10340000000001">
    <ele>85.14</ele>
   </trkpt>
   <trkpt lat="38.975820000000006" lon="-77.1037">
    <ele>85.14</ele>
   </trkpt>
   <trkpt lat="38.976240000000004" lon="-77.10428">
    <ele>86.07000000000001</ele>
   </trkpt>
   <trkpt lat="38.976470000000006" lon="-77.10451">
    <ele>86.49000000000001</ele>
   </trkpt>
   <trkpt lat="38.97704" lon="-77.10499">
    <ele>88.15</ele>
   </trkpt>
   <trkpt lat="38.97724" lon="-77.10513">
    <ele>88.49000000000001</ele>
   </trkpt>
   <trkpt lat="38.97749" lon="-77.10526">
    <ele>88.4</ele>
   </trkpt>
   <trkpt lat="38.978030000000004" lon="-77.10541">
    <ele>88.98</ele>
   </trkpt>
   <trkpt lat="38.97871000002797" lon="-77.10561499798567">
    <ele>89.75000000000001</ele>
   </trkpt>
   <trkpt lat="38.97939" lon="-77.10582000000001">
    <ele>90.83000000000001</ele>
   </trkpt>
   <trkpt lat="38.979710000000004" lon="-77.10598">
    <ele>91.33000000000001</ele>
   </trkpt>
   <trkpt lat="38.980000000000004" lon="-77.1062">
    <ele>91.72000000000001</ele>
   </trkpt>
   <trkpt lat="38.98045000084354" lon="-77.10665999701567">
    <ele>92.56</ele>
   </trkpt>
   <trkpt lat="38.980900000000005" lon="-77.10712000000001">
    <ele>93.67</ele>
   </trkpt>
   <trkpt lat="38.981100000000005" lon="-77.10727">
    <ele>93.98</ele>
   </trkpt>
   <trkpt lat="38.981320000000004" lon="-77.10741">
    <ele>94.45</ele>
   </trkpt>
   <trkpt lat="38.981700000000004" lon="-77.10745">
    <ele>95.42999999999999</ele>
   </trkpt>
   <trkpt lat="38.9823800001741" lon="-77.10748499967254">
    <ele>96.48</ele>
   </trkpt>
   <trkpt lat="38.98306" lon="-77.10752000000001">
    <ele>98.19000000000001</ele>
   </trkpt>
   <trkpt lat="38.983160000000005" lon="-77.10754">
    <ele>98.19000000000001</ele>
   </trkpt>
   <trkpt lat="38.98353" lon="-77.10746">
    <ele>98.87</ele>
   </trkpt>
   <trkpt lat="38.98364" lon="-77.10741">
    <ele>99.08</ele>
   </trkpt>
   <trkpt lat="38.983760000000004" lon="-77.10733">
    <ele>99.93</ele>
   </trkpt>
   <trkpt lat="38.984080000000006" lon="-77.10709">
    <ele>100.57000000000001</ele>
   </trkpt>
   <trkpt lat="38.984260000000006" lon="-77.10701">
    <ele>101.18</ele>
   </trkpt>
   <trkpt lat="38.98442" lon="-77.107">
    <ele>101.27000000000001</ele>
   </trkpt>
   <trkpt lat="38.984570000000005" lon="-77.10701">
    <ele>101.60000000000001</ele>
   </trkpt>
   <trkpt lat="38.984680000000004" lon="-77.10706">
    <ele>102.07000000000001</ele>
   </trkpt>
   <trkpt lat="38.98501" lon="-77.10736">
    <ele>102.61</ele>
   </trkpt>
   <trkpt lat="38.98525" lon="-77.1075">
    <ele>103.21000000000001</ele>
   </trkpt>
   <trkpt lat="38.98548" lon="-77.10759">
    <ele>104.15</ele>
   </trkpt>
   <trkpt lat="38.98602" lon="-77.10763">
    <ele>105.61000000000001</ele>
   </trkpt>
   <trkpt lat="38.9863" lon="-77.10754">
    <ele>106.23</ele>
   </trkpt>
   <trkpt lat="38.987020001104256" lon="-77.10704500499453">
    <ele>109.12</ele>
   </trkpt>
   <trkpt lat="38.98774" lon="-77.10655000000001">
    <ele>109.84</ele>
   </trkpt>
   <trkpt lat="38.98800000000001" lon="-77.10624">
    <ele>109.98</ele>
   </trkpt>
   <trkpt lat="38.98825" lon="-77.10585">
    <ele>109.73</ele>
   </trkpt>
   <trkpt lat="38.98839" lon="-77.10553">
    <ele>109.43</ele>
   </trkpt>
   <trkpt lat="38.988490000000006" lon="-77.10526">
    <ele>108.95</ele>
   </trkpt>
   <trkpt lat="38.98854" lon="-77.10507000000001">
    <ele>108.52</ele>
   </trkpt>
   <trkpt lat="38.98863" lon="-77.10449000000001">
    <ele>107.87</ele>
   </trkpt>
   <trkpt lat="38.98933" lon="-77.10411">
    <ele>107.63</ele>
   </trkpt>
   <trkpt lat="38.99000500051946" lon="-77.10371500385264">
    <ele>107.3</ele>
   </trkpt>
   <trkpt lat="38.990680000000005" lon="-77.10332000000001">
    <ele>107.52</ele>
   </trkpt>
   <trkpt lat="38.99129000050725" lon="-77.10294500328912">
    <ele>106.51</ele>
   </trkpt>
   <trkpt lat="38.9919" lon="-77.10257">
    <ele>103.75</ele>
   </trkpt>
   <trkpt lat="38.99206" lon="-77.10239">
    <ele>103.39</ele>
   </trkpt>
   <trkpt lat="38.99215" lon="-77.10222">
    <ele>102.61</ele>
   </trkpt>
   <trkpt lat="38.99224" lon="-77.10193000000001">
    <ele>102.53</ele>
   </trkpt>
   <trkpt lat="38.9923300039255" lon="-77.10097000130231">
    <ele>100.89</ele>
   </trkpt>
   <trkpt lat="38.99242" lon="-77.10001000000001">
    <ele>98.77000000000001</ele>
   </trkpt>
   <trkpt lat="38.992490000000004" lon="-77.10003">
    <ele>98.28</ele>
   </trkpt>
   <trkpt lat="38.99295" lon="-77.09994">
    <ele>97.85000000000001</ele>
   </trkpt>
   <trkpt lat="38.99336" lon="-77.09993">
    <ele>96.46000000000001</ele>
   </trkpt>
   <trkpt lat="38.993460000000006" lon="-77.09989">
    <ele>96.08000000000001</ele>
   </trkpt>
   <trkpt lat="38.9936" lon="-77.09988000000001">
    <ele>95.67</ele>
   </trkpt>
   <trkpt lat="38.99367" lon="-77.09983000000001">
    <ele>95.63000000000001</ele>
   </trkpt>
   <trkpt lat="38.99371" lon="-77.09976">
    <ele>95.56</ele>
   </trkpt>
   <trkpt lat="38.99376" lon="-77.09984">
    <ele>95.32</ele>
   </trkpt>
   <trkpt lat="38.994" lon="-77.0999">
    <ele>94.62</ele>
   </trkpt>
   <trkpt lat="38.994150000000005" lon="-77.09971">
    <ele>94.41000000000001</ele>
   </trkpt>
   <trkpt lat="38.99425" lon="-77.09935">
    <ele>93.81</ele>
   </trkpt>
   <trkpt lat="38.994400000000006" lon="-77.0989">
    <ele>93.67</ele>
   </trkpt>
   <trkpt lat="38.99447" lon="-77.09877">
    <ele>93.97000000000001</ele>
   </trkpt>
   <trkpt lat="38.994670000000006" lon="-77.09854">
    <ele>94.58000000000001</ele>
   </trkpt>
   <trkpt lat="38.994800000000005" lon="-77.09846">
    <ele>94.58000000000001</ele>
   </trkpt>
   <trkpt lat="38.994960000000006" lon="-77.09831000000001">
    <ele>94.78</ele>
   </trkpt>
   <trkpt lat="38.995110000000004" lon="-77.09797">
    <ele>95.18</ele>
   </trkpt>
   <trkpt lat="38.995360000000005" lon="-77.09769">
    <ele>96.02000000000001</ele>
   </trkpt>
   <trkpt lat="38.99548" lon="-77.0976">
    <ele>96.77000000000001</ele>
   </trkpt>
   <trkpt lat="38.99573" lon="-77.09757">
    <ele>97.85000000000001</ele>
   </trkpt>
   <trkpt lat="38.99618" lon="-77.09761">
    <ele>97.96000000000001</ele>
   </trkpt>
   <trkpt lat="38.99647" lon="-77.09756">
    <ele>98.81</ele>
   </trkpt>
   <trkpt lat="38.9966" lon="-77.09747">
    <ele>98.36</ele>
   </trkpt>
   <trkpt lat="38.996660000000006" lon="-77.0973">
    <ele>97.58000000000001</ele>
   </trkpt>
   <trkpt lat="38.99667" lon="-77.09711">
    <ele>96.74000000000001</ele>
   </trkpt>
   <trkpt lat="38.99673000000001" lon="-77.09689">
    <ele>96.58000000000001</ele>
   </trkpt>
   <trkpt lat="38.99673000000001" lon="-77.0968">
    <ele>96.58000000000001</ele>
   </trkpt>
   <trkpt lat="38.9971" lon="-77.09684">
    <ele>97.62</ele>
   </trkpt>
   <trkpt lat="38.997260000000004" lon="-77.09693">
    <ele>97.79</ele>
   </trkpt>
   <trkpt lat="38.99752" lon="-77.09693">
    <ele>97.98</ele>
   </trkpt>
   <trkpt lat="38.998020000000004" lon="-77.09701000000001">
    <ele>97.99000000000001</ele>
   </trkpt>
   <trkpt lat="38.99859" lon="-77.09703">
    <ele>98.24000000000001</ele>
   </trkpt>
   <trkpt lat="38.99942" lon="-77.09710000000001">
    <ele>97.64</ele>
   </trkpt>
   <trkpt lat="39.00020000009282" lon="-77.0971824972721">
    <ele>95.46000000000001</ele>
   </trkpt>
   <trkpt lat="39.00098000012754" lon="-77.09726499636314">
    <ele>92.2</ele>
   </trkpt>
   <trkpt lat="39.00176000010417" lon="-77.0973474972732">
    <ele>87.77</ele>
   </trkpt>
   <trkpt lat="39.00254" lon="-77.09743">
    <ele>83.18</ele>
   </trkpt>
   <trkpt lat="39.00326500004177" lon="-77.09751499913021">
    <ele>81.13000000000001</ele>
   </trkpt>
   <trkpt lat="39.00399" lon="-77.0976">
    <ele>78.88000000000001</ele>
   </trkpt>
   <trkpt lat="39.004160000000006" lon="-77.09764000000001">
    <ele>78.66000000000001</ele>
   </trkpt>
   <trkpt lat="39.004220000000004" lon="-77.09771">
    <ele>78.53</ele>
   </trkpt>
   <trkpt lat="39.0043" lon="-77.09787">
    <ele>78.09</ele>
   </trkpt>
   <trkpt lat="39.004380000000005" lon="-77.09795000000001">
    <ele>78.09</ele>
   </trkpt>
   <trkpt lat="39.004430000000006" lon="-77.09792">
    <ele>77.48</ele>
   </trkpt>
   <trkpt lat="39.004760000000005" lon="-77.09793">
    <ele>76.77000000000001</ele>
   </trkpt>
   <trkpt lat="39.0052" lon="-77.09797">
    <ele>75.33000000000001</ele>
   </trkpt>
   <trkpt lat="39.00546000000001" lon="-77.09793">
    <ele>74.85</ele>
   </trkpt>
   <trkpt lat="39.005720000000004" lon="-77.09778">
    <ele>74.31</ele>
   </trkpt>
   <trkpt lat="39.00611000000001" lon="-77.09778">
    <ele>74.07000000000001</ele>
   </trkpt>
   <trkpt lat="39.00618" lon="-77.09781000000001">
    <ele>74.05</ele>
   </trkpt>
   <trkpt lat="39.0062" lon="-77.09779">
    <ele>74.05</ele>
   </trkpt>
   <trkpt lat="39.006460000000004" lon="-77.09783">
    <ele>73.66</ele>
   </trkpt>
   <trkpt lat="39.006510000000006" lon="-77.09786000000001">
    <ele>73.66</ele>
   </trkpt>
   <trkpt lat="39.006550000000004" lon="-77.09783">
    <ele>73.66</ele>
   </trkpt>
   <trkpt lat="39.00657" lon="-77.09777000000001">
    <ele>73.41</ele>
   </trkpt>
   <trkpt lat="39.00665" lon="-77.09736000000001">
    <ele>72.61</ele>
   </trkpt>
   <trkpt lat="39.00661" lon="-77.09733">
    <ele>72.32000000000001</ele>
   </trkpt>
   <trkpt lat="39.00665" lon="-77.09715000000001">
    <ele>71.96000000000001</ele>
   </trkpt>
   <trkpt lat="39.00676" lon="-77.09685">
    <ele>71.76</ele>
   </trkpt>
   <trkpt lat="39.00719" lon="-77.0964">
    <ele>70.89</ele>
   </trkpt>
   <trkpt lat="39.0075" lon="-77.09595">
    <ele>69.88000000000001</ele>
   </trkpt>
   <trkpt lat="39.00766" lon="-77.09580000000001">
    <ele>69.53</ele>
   </trkpt>
   <trkpt lat="39.0078" lon="-77.0955">
    <ele>69.5</ele>
   </trkpt>
   <trkpt lat="39.00788" lon="-77.09541">
    <ele>69.65</ele>
   </trkpt>
   <trkpt lat="39.00793" lon="-77.09523">
    <ele>69.65</ele>
   </trkpt>
   <trkpt lat="39.008160000000004" lon="-77.09488">
    <ele>69.13000000000001</ele>
   </trkpt>
   <trkpt lat="39.008410000000005" lon="-77.09464000000001">
    <ele>68.34</ele>
   </trkpt>
   <trkpt lat="39.00851" lon="-77.0946">
    <ele>68.09</ele>
   </trkpt>
   <trkpt lat="39.009060000000005" lon="-77.09451">
    <ele>67.21000000000001</ele>
   </trkpt>
   <trkpt lat="39.00912" lon="-77.09438">
    <ele>67.11</ele>
   </trkpt>
   <trkpt lat="39.009620000000005" lon="-77.09424">
    <ele>65.98</ele>
   </trkpt>
   <trkpt lat="39.00979" lon="-77.09415000000001">
    <ele>65.7</ele>
   </trkpt>
   <trkpt lat="39.010270000000006" lon="-77.0938">
    <ele>65.0</ele>
   </trkpt>
   <trkpt lat="39.0108" lon="-77.09329000000001">
    <ele>64.64999999999999</ele>
   </trkpt>
   <trkpt lat="39.010940000000005" lon="-77.09313">
    <ele>64.77000000000001</ele>
   </trkpt>
   <trkpt lat="39.01099000000001" lon="-77.09272">
    <ele>65.30000000000001</ele>
   </trkpt>
   <trkpt lat="39.01097" lon="-77.0921">
    <ele>65.60000000000001</ele>
   </trkpt>
   <trkpt lat="39.01090000000001" lon="-77.09182000000001">
    <ele>65.50999999999999</ele>
   </trkpt>
   <trkpt lat="39.01090000000001" lon="-77.09152">
    <ele>65.11</ele>
   </trkpt>
   <trkpt lat="39.01093" lon="-77.09143">
    <ele>65.03</ele>
   </trkpt>
   <trkpt lat="39.011535000174206" lon="-77.09124500157392">
    <ele>64.82000000000001</ele>
   </trkpt>
   <trkpt lat="39.01214" lon="-77.09106000000001">
    <ele>64.97</ele>
   </trkpt>
   <trkpt lat="39.012330000000006" lon="-77.09104">
    <ele>64.97</ele>
   </trkpt>
   <trkpt lat="39.012370000000004" lon="-77.09092000000001">
    <ele>65.64</ele>
   </trkpt>
   <trkpt lat="39.01223" lon="-77.09057">
    <ele>65.14</ele>
   </trkpt>
   <trkpt lat="39.01209" lon="-77.09034000000001">
    <ele>64.86</ele>
   </trkpt>
   <trkpt lat="39.01189" lon="-77.09007000000001">
    <ele>64.32000000000001</ele>
   </trkpt>
   <trkpt lat="39.01144" lon="-77.08957000000001">
    <ele>64.17</ele>
   </trkpt>
   <trkpt lat="39.0112" lon="-77.08919">
    <ele>63.71</ele>
   </trkpt>
   <trkpt lat="39.011070000000004" lon="-77.08883">
    <ele>63.480000000000004</ele>
   </trkpt>
   <trkpt lat="39.010850000000005" lon="-77.08784">
    <ele>62.96</ele>
   </trkpt>
   <trkpt lat="39.010760000000005" lon="-77.08762">
    <ele>62.910000000000004</ele>
   </trkpt>
   <trkpt lat="39.01062" lon="-77.0874">
    <ele>62.800000000000004</ele>
   </trkpt>
   <trkpt lat="39.010400000000004" lon="-77.08718">
    <ele>62.730000000000004</ele>
   </trkpt>
   <trkpt lat="39.010070000000006" lon="-77.08698000000001">
    <ele>62.690000000000005</ele>
   </trkpt>
   <trkpt lat="39.009930000000004" lon="-77.08681">
    <ele>62.56</ele>
   </trkpt>
   <trkpt lat="39.00963500084808" lon="-77.08635999809837">
    <ele>62.480000000000004</ele>
   </trkpt>
   <trkpt lat="39.00934" lon="-77.08591000000001">
    <ele>62.34</ele>
   </trkpt>
   <trkpt lat="39.008970000000005" lon="-77.08543">
    <ele>62.24</ele>
   </trkpt>
   <trkpt lat="39.008880000000005" lon="-77.08528000000001">
    <ele>62.150000000000006</ele>
   </trkpt>
   <trkpt lat="39.008810000000004" lon="-77.08511">
    <ele>62.13</ele>
   </trkpt>
   <trkpt lat="39.00873" lon="-77.0848">
    <ele>62.150000000000006</ele>
   </trkpt>
   <trkpt lat="39.00871" lon="-77.08462">
    <ele>62.120000000000005</ele>
   </trkpt>
   <trkpt lat="39.00873" lon="-77.08434000000001">
    <ele>62.120000000000005</ele>
   </trkpt>
   <trkpt lat="39.008790000000005" lon="-77.08408">
    <ele>62.18000000000001</ele>
   </trkpt>
   <trkpt lat="39.008900000000004" lon="-77.08372">
    <ele>62.17</ele>
   </trkpt>
   <trkpt lat="39.00893000000001" lon="-77.0835">
    <ele>62.17</ele>
   </trkpt>
   <trkpt lat="39.00893000000001" lon="-77.08323">
    <ele>62.21000000000001</ele>
   </trkpt>
   <trkpt lat="39.00887" lon="-77.08292">
    <ele>62.18000000000001</ele>
   </trkpt>
   <trkpt lat="39.00871" lon="-77.08255000000001">
    <ele>62.040000000000006</ele>
   </trkpt>
   <trkpt lat="39.00856" lon="-77.08234">
    <ele>62.01</ele>
   </trkpt>
   <trkpt lat="39.008280000000006" lon="-77.08211">
    <ele>61.900000000000006</ele>
   </trkpt>
   <trkpt lat="39.00811" lon="-77.08189">
    <ele>61.86000000000001</ele>
   </trkpt>
   <trkpt lat="39.00798" lon="-77.08163">
    <ele>61.88</ele>
   </trkpt>
   <trkpt lat="39.00790000000001" lon="-77.08136">
    <ele>62.09</ele>
   </trkpt>
   <trkpt lat="39.00786" lon="-77.08108">
    <ele>62.480000000000004</ele>
   </trkpt>
   <trkpt lat="39.00789" lon="-77.08077">
    <ele>63.01000000000001</ele>
   </trkpt>
   <trkpt lat="39.00811" lon="-77.08004000000001">
    <ele>63.74</ele>
   </trkpt>
   <trkpt lat="39.00842" lon="-77.07942000000001">
    <ele>62.31</ele>
   </trkpt>
   <trkpt lat="39.00885" lon="-77.07879000000001">
    <ele>61.01</ele>
   </trkpt>
   <trkpt lat="39.0092" lon="-77.07821000000001">
    <ele>61.290000000000006</ele>
   </trkpt>
   <trkpt lat="39.00927" lon="-77.07804">
    <ele>61.290000000000006</ele>
   </trkpt>
   <trkpt lat="39.009330000000006" lon="-77.07780000000001">
    <ele>61.42</ele>
   </trkpt>
   <trkpt lat="39.009420000000006" lon="-77.07781">
    <ele>61.190000000000005</ele>
   </trkpt>
   <trkpt lat="39.00939" lon="-77.07723">
    <ele>61.52</ele>
   </trkpt>
   <trkpt lat="39.00940000000001" lon="-77.0771">
    <ele>61.190000000000005</ele>
   </trkpt>
   <trkpt lat="39.009440000000005" lon="-77.07697">
    <ele>61.17</ele>
   </trkpt>
   <trkpt lat="39.009660000000004" lon="-77.07674">
    <ele>61.63</ele>
   </trkpt>
   <trkpt lat="39.00983" lon="-77.07647">
    <ele>61.71000000000001</ele>
   </trkpt>
   <trkpt lat="39.00988" lon="-77.0762">
    <ele>61.370000000000005</ele>
   </trkpt>
   <trkpt lat="39.00997" lon="-77.07602">
    <ele>61.4</ele>
   </trkpt>
   <trkpt lat="39.01012" lon="-77.07557000000001">
    <ele>61.65</ele>
   </trkpt>
   <trkpt lat="39.010200000000005" lon="-77.07522">
    <ele>61.4</ele>
   </trkpt>
   <trkpt lat="39.01019" lon="-77.07494000000001">
    <ele>61.2</ele>
   </trkpt>
   <trkpt lat="39.01023" lon="-77.07440000000001">
    <ele>61.02</ele>
   </trkpt>
   <trkpt lat="39.01017" lon="-77.0738">
    <ele>61.1</ele>
   </trkpt>
   <trkpt lat="39.01023" lon="-77.07362">
    <ele>61.09</ele>
   </trkpt>
   <trkpt lat="39.010250000000006" lon="-77.07336000000001">
    <ele>61.11000000000001</ele>
   </trkpt>
   <trkpt lat="39.01024" lon="-77.07324000000001">
    <ele>61.11000000000001</ele>
   </trkpt>
   <trkpt lat="39.01015" lon="-77.07316">
    <ele>61.00000000000001</ele>
   </trkpt>
   <trkpt lat="39.00985" lon="-77.07304">
    <ele>61.00000000000001</ele>
   </trkpt>
   <trkpt lat="39.00939" lon="-77.07258">
    <ele>62.300000000000004</ele>
   </trkpt>
   <trkpt lat="39.00914000112233" lon="-77.07207999834327">
    <ele>62.64</ele>
   </trkpt>
   <trkpt lat="39.00889" lon="-77.07158000000001">
    <ele>61.790000000000006</ele>
   </trkpt>
   <trkpt lat="39.008790000000005" lon="-77.07146">
    <ele>61.31</ele>
   </trkpt>
   <trkpt lat="39.00869" lon="-77.07140000000001">
    <ele>61.07000000000001</ele>
   </trkpt>
   <trkpt lat="39.00862" lon="-77.07132">
    <ele>61.02</ele>
   </trkpt>
   <trkpt lat="39.00851" lon="-77.07115">
    <ele>61.28000000000001</ele>
   </trkpt>
   <trkpt lat="39.008370000000006" lon="-77.07084">
    <ele>61.93000000000001</ele>
   </trkpt>
   <trkpt lat="39.00835" lon="-77.0707">
    <ele>61.85</ele>
   </trkpt>
   <trkpt lat="39.00835" lon="-77.07025">
    <ele>61.4</ele>
   </trkpt>
   <trkpt lat="39.00842" lon="-77.06989">
    <ele>61.25000000000001</ele>
   </trkpt>
   <trkpt lat="39.008480000000006" lon="-77.06939000000001">
    <ele>61.81</ele>
   </trkpt>
   <trkpt lat="39.00847" lon="-77.06921000000001">
    <ele>61.7</ele>
   </trkpt>
   <trkpt lat="39.00844" lon="-77.06904">
    <ele>61.45</ele>
   </trkpt>
   <trkpt lat="39.00844" lon="-77.06881000000001">
    <ele>61.32000000000001</ele>
   </trkpt>
   <trkpt lat="39.008480000000006" lon="-77.06855">
    <ele>61.02</ele>
   </trkpt>
   <trkpt lat="39.00853" lon="-77.06842">
    <ele>61.22</ele>
   </trkpt>
   <trkpt lat="39.008570000000006" lon="-77.06837">
    <ele>61.370000000000005</ele>
   </trkpt>
   <trkpt lat="39.00864" lon="-77.06833">
    <ele>61.78000000000001</ele>
   </trkpt>
   <trkpt lat="39.009150000000005" lon="-77.06823">
    <ele>63.88</ele>
   </trkpt>
   <trkpt lat="39.0096949997725" lon="-77.0682050002032">
    <ele>62.480000000000004</ele>
   </trkpt>
   <trkpt lat="39.01024" lon="-77.06818000000001">
    <ele>62.080000000000005</ele>
   </trkpt>
   <trkpt lat="39.01073" lon="-77.06818000000001">
    <ele>61.92</ele>
   </trkpt>
   <trkpt lat="39.011140000000005" lon="-77.0681">
    <ele>62.11000000000001</ele>
   </trkpt>
   <trkpt lat="39.01153" lon="-77.06814">
    <ele>61.93000000000001</ele>
   </trkpt>
   <trkpt lat="39.011720000000004" lon="-77.06804000000001">
    <ele>62.11000000000001</ele>
   </trkpt>
   <trkpt lat="39.0118" lon="-77.06783">
    <ele>61.56</ele>
   </trkpt>
   <trkpt lat="39.011990000000004" lon="-77.06765">
    <ele>61.050000000000004</ele>
   </trkpt>
   <trkpt lat="39.012100000000004" lon="-77.06760000000001">
    <ele>61.07000000000001</ele>
   </trkpt>
   <trkpt lat="39.01241" lon="-77.06752">
    <ele>61.61000000000001</ele>
   </trkpt>
   <trkpt lat="39.0125" lon="-77.06743">
    <ele>61.910000000000004</ele>
   </trkpt>
   <trkpt lat="39.01256" lon="-77.06729">
    <ele>61.89000000000001</ele>
   </trkpt>
   <trkpt lat="39.012710000000006" lon="-77.0668">
    <ele>61.46000000000001</ele>
   </trkpt>
   <trkpt lat="39.01274" lon="-77.06662">
    <ele>61.28000000000001</ele>
   </trkpt>
   <trkpt lat="39.012640000000005" lon="-77.06643000000001">
    <ele>60.85000000000001</ele>
   </trkpt>
   <trkpt lat="39.01243" lon="-77.06568">
    <ele>59.89000000000001</ele>
   </trkpt>
   <trkpt lat="39.01236" lon="-77.06533">
    <ele>60.22</ele>
   </trkpt>
   <trkpt lat="39.01234" lon="-77.06501">
    <ele>60.34</ele>
   </trkpt>
   <trkpt lat="39.012420000000006" lon="-77.06434">
    <ele>60.35000000000001</ele>
   </trkpt>
   <trkpt lat="39.012420000000006" lon="-77.0642">
    <ele>60.46000000000001</ele>
   </trkpt>
   <trkpt lat="39.012330000000006" lon="-77.06396000000001">
    <ele>60.730000000000004</ele>
   </trkpt>
   <trkpt lat="39.01232" lon="-77.06394">
    <ele>60.75000000000001</ele>
   </trkpt>
   <trkpt lat="39.01223" lon="-77.06385">
    <ele>60.870000000000005</ele>
   </trkpt>
   <trkpt lat="39.011570000000006" lon="-77.06331">
    <ele>61.410000000000004</ele>
   </trkpt>
   <trkpt lat="39.01118" lon="-77.06311000000001">
    <ele>62.17</ele>
   </trkpt>
   <trkpt lat="39.01097" lon="-77.06305">
    <ele>62.38</ele>
   </trkpt>
   <trkpt lat="39.010740000000006" lon="-77.06304">
    <ele>62.75</ele>
   </trkpt>
   <trkpt lat="39.01039" lon="-77.06312000000001">
    <ele>62.480000000000004</ele>
   </trkpt>
   <trkpt lat="39.010200000000005" lon="-77.06320000000001">
    <ele>62.2</ele>
   </trkpt>
   <trkpt lat="39.00999" lon="-77.06332">
    <ele>61.56</ele>
   </trkpt>
   <trkpt lat="39.00986" lon="-77.06336">
    <ele>61.160000000000004</ele>
   </trkpt>
   <trkpt lat="39.009730000000005" lon="-77.06336">
    <ele>60.88</ele>
   </trkpt>
   <trkpt lat="39.00968" lon="-77.06331">
    <ele>60.88</ele>
   </trkpt>
   <trkpt lat="39.00967" lon="-77.06321000000001">
    <ele>60.71000000000001</ele>
   </trkpt>
   <trkpt lat="39.00965" lon="-77.06317">
    <ele>60.71000000000001</ele>
   </trkpt>
   <trkpt lat="39.009510000000006" lon="-77.06308">
    <ele>60.57000000000001</ele>
   </trkpt>
   <trkpt lat="39.009150000000005" lon="-77.063">
    <ele>60.34</ele>
   </trkpt>
   <trkpt lat="39.008610000000004" lon="-77.06282">
    <ele>59.21000000000001</ele>
   </trkpt>
   <trkpt lat="39.0084" lon="-77.06291">
    <ele>59.330000000000005</ele>
   </trkpt>
   <trkpt lat="39.00824" lon="-77.06295">
    <ele>59.57</ele>
   </trkpt>
   <trkpt lat="39.00799000000001" lon="-77.06291">
    <ele>59.660000000000004</ele>
   </trkpt>
   <trkpt lat="39.007600000000004" lon="-77.06286">
    <ele>59.18</ele>
   </trkpt>
   <trkpt lat="39.00715" lon="-77.06267000000001">
    <ele>58.74000000000001</ele>
   </trkpt>
   <trkpt lat="39.00681" lon="-77.06259">
    <ele>58.79</ele>
   </trkpt>
   <trkpt lat="39.00661" lon="-77.06263000000001">
    <ele>59.03000000000001</ele>
   </trkpt>
   <trkpt lat="39.00612" lon="-77.06291">
    <ele>61.33</ele>
   </trkpt>
   <trkpt lat="39.00605" lon="-77.06292">
    <ele>61.33</ele>
   </trkpt>
   <trkpt lat="39.00555000000001" lon="-77.06290000000001">
    <ele>62.400000000000006</ele>
   </trkpt>
   <trkpt lat="39.00529" lon="-77.06277">
    <ele>61.45</ele>
   </trkpt>
   <trkpt lat="39.005100000000006" lon="-77.0626">
    <ele>59.370000000000005</ele>
   </trkpt>
   <trkpt lat="39.00486" lon="-77.06246">
    <ele>59.45</ele>
   </trkpt>
   <trkpt lat="39.004690000000004" lon="-77.06242">
    <ele>60.76</ele>
   </trkpt>
   <trkpt lat="39.00464" lon="-77.06237">
    <ele>61.09</ele>
   </trkpt>
   <trkpt lat="39.00452000000001" lon="-77.06214">
    <ele>60.620000000000005</ele>
   </trkpt>
   <trkpt lat="39.004490000000004" lon="-77.06184">
    <ele>59.35000000000001</ele>
   </trkpt>
   <trkpt lat="39.00446" lon="-77.06178000000001">
    <ele>59.35000000000001</ele>
   </trkpt>
   <trkpt lat="39.00439" lon="-77.06174">
    <ele>58.99000000000001</ele>
   </trkpt>
   <trkpt lat="39.00421" lon="-77.0617">
    <ele>58.660000000000004</ele>
   </trkpt>
   <trkpt lat="39.00404" lon="-77.06175">
    <ele>58.68</ele>
   </trkpt>
   <trkpt lat="39.00397" lon="-77.06175">
    <ele>58.68</ele>
   </trkpt>
   <trkpt lat="39.003870000000006" lon="-77.06173000000001">
    <ele>58.68</ele>
   </trkpt>
   <trkpt lat="39.0037" lon="-77.06173000000001">
    <ele>58.56000000000001</ele>
   </trkpt>
   <trkpt lat="39.00356" lon="-77.06165">
    <ele>58.56000000000001</ele>
   </trkpt>
   <trkpt lat="39.00312" lon="-77.06165">
    <ele>58.38</ele>
   </trkpt>
   <trkpt lat="39.00289" lon="-77.06168000000001">
    <ele>58.27</ele>
   </trkpt>
   <trkpt lat="39.002410000000005" lon="-77.06183">
    <ele>58.150000000000006</ele>
   </trkpt>
   <trkpt lat="39.00170000000001" lon="-77.0621">
    <ele>57.86</ele>
   </trkpt>
   <trkpt lat="39.00141" lon="-77.06228">
    <ele>57.720000000000006</ele>
   </trkpt>
   <trkpt lat="39.0013" lon="-77.06229">
    <ele>57.07</ele>
   </trkpt>
   <trkpt lat="39.00114000000001" lon="-77.06228">
    <ele>57.07</ele>
   </trkpt>
   <trkpt lat="39.0009" lon="-77.06219">
    <ele>56.940000000000005</ele>
   </trkpt>
   <trkpt lat="39.00074" lon="-77.06215">
    <ele>56.96</ele>
   </trkpt>
   <trkpt lat="39.000710000000005" lon="-77.06211">
    <ele>57.010000000000005</ele>
   </trkpt>
   <trkpt lat="39.000490000000006" lon="-77.06186000000001">
    <ele>57.010000000000005</ele>
   </trkpt>
   <trkpt lat="39.000350000000005" lon="-77.06175">
    <ele>56.830000000000005</ele>
   </trkpt>
   <trkpt lat="39.00023" lon="-77.06174">
    <ele>56.77000000000001</ele>
   </trkpt>
   <trkpt lat="38.999700000000004" lon="-77.06219">
    <ele>56.790000000000006</ele>
   </trkpt>
   <trkpt lat="38.9994" lon="-77.06236000000001">
    <ele>56.71</ele>
   </trkpt>
   <trkpt lat="38.99933" lon="-77.06237">
    <ele>56.71</ele>
   </trkpt>
   <trkpt lat="38.999030000000005" lon="-77.06237">
    <ele>56.7</ele>
   </trkpt>
   <trkpt lat="38.99859" lon="-77.06258000000001">
    <ele>56.720000000000006</ele>
   </trkpt>
   <trkpt lat="38.99817" lon="-77.06246">
    <ele>56.540000000000006</ele>
   </trkpt>
   <trkpt lat="38.997910000000005" lon="-77.06242">
    <ele>56.56</ele>
   </trkpt>
   <trkpt lat="38.997620000000005" lon="-77.06241">
    <ele>56.5</ele>
   </trkpt>
   <trkpt lat="38.99703" lon="-77.06215">
    <ele>57.06</ele>
   </trkpt>
   <trkpt lat="38.99698" lon="-77.06215">
    <ele>57.06</ele>
   </trkpt>
   <trkpt lat="38.99674" lon="-77.06223">
    <ele>57.230000000000004</ele>
   </trkpt>
   <trkpt lat="38.996500000000005" lon="-77.06222000000001">
    <ele>57.17</ele>
   </trkpt>
   <trkpt lat="38.996410000000004" lon="-77.06223">
    <ele>57.17</ele>
   </trkpt>
   <trkpt lat="38.996280000000006" lon="-77.06228">
    <ele>57.21</ele>
   </trkpt>
   <trkpt lat="38.99598" lon="-77.06241">
    <ele>57.18</ele>
   </trkpt>
   <trkpt lat="38.995870000000004" lon="-77.06245000000001">
    <ele>57.080000000000005</ele>
   </trkpt>
   <trkpt lat="38.99575" lon="-77.06241">
    <ele>56.730000000000004</ele>
   </trkpt>
   <trkpt lat="38.99535" lon="-77.06219">
    <ele>56.32</ele>
   </trkpt>
   <trkpt lat="38.995290000000004" lon="-77.06214">
    <ele>56.32</ele>
   </trkpt>
   <trkpt lat="38.99523000000001" lon="-77.06193">
    <ele>56.260000000000005</ele>
   </trkpt>
   <trkpt lat="38.995050000000006" lon="-77.06188">
    <ele>56.120000000000005</ele>
   </trkpt>
   <trkpt lat="38.994780000000006" lon="-77.06162">
    <ele>56.160000000000004</ele>
   </trkpt>
   <trkpt lat="38.9943" lon="-77.06144">
    <ele>55.95</ele>
   </trkpt>
   <trkpt lat="38.99385" lon="-77.06133000000001">
    <ele>55.27</ele>
   </trkpt>
   <trkpt lat="38.993390000000005" lon="-77.06115000000001">
    <ele>55.14</ele>
   </trkpt>
   <trkpt lat="38.99315" lon="-77.06103">
    <ele>55.220000000000006</ele>
   </trkpt>
   <trkpt lat="38.99286" lon="-77.06081">
    <ele>55.790000000000006</ele>
   </trkpt>
   <trkpt lat="38.992740000000005" lon="-77.06069000000001">
    <ele>56.1</ele>
   </trkpt>
   <trkpt lat="38.99271" lon="-77.06076">
    <ele>56.1</ele>
   </trkpt>
   <trkpt lat="38.992610000000006" lon="-77.06079000000001">
    <ele>56.080000000000005</ele>
   </trkpt>
   <trkpt lat="38.99251" lon="-77.06081">
    <ele>55.95</ele>
   </trkpt>
   <trkpt lat="38.992490000000004" lon="-77.0608">
    <ele>55.95</ele>
   </trkpt>
   <trkpt lat="38.99226" lon="-77.0608">
    <ele>55.220000000000006</ele>
   </trkpt>
   <trkpt lat="38.991960000000006" lon="-77.06068">
    <ele>55.190000000000005</ele>
   </trkpt>
   <trkpt lat="38.991780000000006" lon="-77.06058">
    <ele>55.71</ele>
   </trkpt>
   <trkpt lat="38.991170000000004" lon="-77.06039000000001">
    <ele>56.760000000000005</ele>
   </trkpt>
   <trkpt lat="38.990750000000006" lon="-77.06032">
    <ele>57.02</ele>
   </trkpt>
   <trkpt lat="38.98988000000001" lon="-77.06026">
    <ele>56.550000000000004</ele>
   </trkpt>
   <trkpt lat="38.989670000000004" lon="-77.06021000000001">
    <ele>56.17</ele>
   </trkpt>
   <trkpt lat="38.989540000000005" lon="-77.06013">
    <ele>55.92</ele>
   </trkpt>
   <trkpt lat="38.98941000000001" lon="-77.06003000000001">
    <ele>55.92</ele>
   </trkpt>
   <trkpt lat="38.98922" lon="-77.05982">
    <ele>55.400000000000006</ele>
   </trkpt>
   <trkpt lat="38.98913" lon="-77.05977">
    <ele>55.00000000000001</ele>
   </trkpt>
   <trkpt lat="38.98897" lon="-77.05978">
    <ele>54.77</ele>
   </trkpt>
   <trkpt lat="38.988910000000004" lon="-77.05984000000001">
    <ele>54.77</ele>
   </trkpt>
   <trkpt lat="38.988870000000006" lon="-77.06">
    <ele>54.77</ele>
   </trkpt>
   <trkpt lat="38.98886500273074" lon="-77.0608000001419">
    <ele>54.39000000000001</ele>
   </trkpt>
   <trkpt lat="38.98886" lon="-77.06160000000001">
    <ele>53.85</ele>
   </trkpt>
   <trkpt lat="38.988910000000004" lon="-77.06178000000001">
    <ele>53.900000000000006</ele>
   </trkpt>
   <trkpt lat="38.988890000000005" lon="-77.06184">
    <ele>53.88</ele>
   </trkpt>
   <trkpt lat="38.988760000000006" lon="-77.06186000000001">
    <ele>53.900000000000006</ele>
   </trkpt>
   <trkpt lat="38.98847000000001" lon="-77.06201">
    <ele>53.84</ele>
   </trkpt>
   <trkpt lat="38.98841" lon="-77.06196000000001">
    <ele>53.84</ele>
   </trkpt>
   <trkpt lat="38.988290000000006" lon="-77.06156">
    <ele>53.69</ele>
   </trkpt>
   <trkpt lat="38.98814" lon="-77.06124000000001">
    <ele>53.470000000000006</ele>
   </trkpt>
   <trkpt lat="38.98799" lon="-77.06094">
    <ele>53.300000000000004</ele>
   </trkpt>
   <trkpt lat="38.98765" lon="-77.06039000000001">
    <ele>52.96000000000001</ele>
   </trkpt>
   <trkpt lat="38.98738" lon="-77.06018">
    <ele>52.94</ele>
   </trkpt>
   <trkpt lat="38.98711" lon="-77.06008">
    <ele>52.980000000000004</ele>
   </trkpt>
   <trkpt lat="38.98698" lon="-77.06006000000001">
    <ele>52.980000000000004</ele>
   </trkpt>
   <trkpt lat="38.98678" lon="-77.06008">
    <ele>53.230000000000004</ele>
   </trkpt>
   <trkpt lat="38.986700000000006" lon="-77.06013">
    <ele>53.26</ele>
   </trkpt>
   <trkpt lat="38.986450000000005" lon="-77.06053">
    <ele>53.28</ele>
   </trkpt>
   <trkpt lat="38.98619" lon="-77.06092000000001">
    <ele>53.81</ele>
   </trkpt>
   <trkpt lat="38.98588" lon="-77.06085">
    <ele>54.3</ele>
   </trkpt>
   <trkpt lat="38.98583" lon="-77.06085">
    <ele>54.56</ele>
   </trkpt>
   <trkpt lat="38.98574" lon="-77.06089">
    <ele>54.56</ele>
   </trkpt>
   <trkpt lat="38.98552" lon="-77.06111">
    <ele>55.730000000000004</ele>
   </trkpt>
   <trkpt lat="38.985440000000004" lon="-77.06113">
    <ele>55.730000000000004</ele>
   </trkpt>
   <trkpt lat="38.985380000000006" lon="-77.06111">
    <ele>55.790000000000006</ele>
   </trkpt>
   <trkpt lat="38.98536" lon="-77.06109000000001">
    <ele>55.790000000000006</ele>
   </trkpt>
   <trkpt lat="38.98537" lon="-77.06111">
    <ele>55.78</ele>
   </trkpt>
   <trkpt lat="38.98514" lon="-77.06062">
    <ele>55.650000000000006</ele>
   </trkpt>
   <trkpt lat="38.9851" lon="-77.0604">
    <ele>55.61000000000001</ele>
   </trkpt>
   <trkpt lat="38.985130000000005" lon="-77.06022">
    <ele>55.49</ele>
   </trkpt>
   <trkpt lat="38.98519" lon="-77.06013">
    <ele>55.150000000000006</ele>
   </trkpt>
   <trkpt lat="38.98532" lon="-77.06003000000001">
    <ele>55.00000000000001</ele>
   </trkpt>
   <trkpt lat="38.98546" lon="-77.05973">
    <ele>54.93000000000001</ele>
   </trkpt>
   <trkpt lat="38.985640000000004" lon="-77.05911">
    <ele>53.81</ele>
   </trkpt>
   <trkpt lat="38.98586" lon="-77.05852">
    <ele>52.83</ele>
   </trkpt>
   <trkpt lat="38.98595" lon="-77.05842000000001">
    <ele>52.76</ele>
   </trkpt>
   <trkpt lat="38.98604" lon="-77.05838">
    <ele>52.77</ele>
   </trkpt>
   <trkpt lat="38.98615" lon="-77.05835">
    <ele>52.77</ele>
   </trkpt>
   <trkpt lat="38.986270000000005" lon="-77.05838">
    <ele>52.92</ele>
   </trkpt>
   <trkpt lat="38.986340000000006" lon="-77.05838">
    <ele>52.92</ele>
   </trkpt>
   <trkpt lat="38.98637" lon="-77.05835">
    <ele>52.92</ele>
   </trkpt>
   <trkpt lat="38.98641000000001" lon="-77.05825">
    <ele>53.11000000000001</ele>
   </trkpt>
   <trkpt lat="38.98648" lon="-77.0579">
    <ele>53.08</ele>
   </trkpt>
   <trkpt lat="38.98650000000001" lon="-77.05776">
    <ele>53.1</ele>
   </trkpt>
   <trkpt lat="38.986560000000004" lon="-77.05754">
    <ele>53.09</ele>
   </trkpt>
   <trkpt lat="38.986580000000004" lon="-77.05711000000001">
    <ele>53.22</ele>
   </trkpt>
   <trkpt lat="38.98657" lon="-77.05705">
    <ele>53.44</ele>
   </trkpt>
   <trkpt lat="38.98653" lon="-77.057">
    <ele>53.44</ele>
   </trkpt>
   <trkpt lat="38.98633" lon="-77.05682">
    <ele>54.01</ele>
   </trkpt>
   <trkpt lat="38.98633" lon="-77.05676000000001">
    <ele>54.01</ele>
   </trkpt>
   <trkpt lat="38.98650000000001" lon="-77.05626000000001">
    <ele>53.89000000000001</ele>
   </trkpt>
   <trkpt lat="38.9865700017377" lon="-77.0556250004746">
    <ele>53.81</ele>
   </trkpt>
   <trkpt lat="38.98664" lon="-77.05499">
    <ele>53.81</ele>
   </trkpt>
   <trkpt lat="38.98669" lon="-77.05467">
    <ele>54.040000000000006</ele>
   </trkpt>
   <trkpt lat="38.986670000000004" lon="-77.05454">
    <ele>54.11000000000001</ele>
   </trkpt>
   <trkpt lat="38.9866" lon="-77.05444">
    <ele>54.540000000000006</ele>
   </trkpt>
   <trkpt lat="38.98659000000001" lon="-77.05436">
    <ele>54.690000000000005</ele>
   </trkpt>
   <trkpt lat="38.986610000000006" lon="-77.05430000000001">
    <ele>54.690000000000005</ele>
   </trkpt>
   <trkpt lat="38.98657" lon="-77.05404">
    <ele>54.92</ele>
   </trkpt>
   <trkpt lat="38.986580000000004" lon="-77.05395">
    <ele>54.970000000000006</ele>
   </trkpt>
   <trkpt lat="38.98662" lon="-77.05382">
    <ele>54.970000000000006</ele>
   </trkpt>
   <trkpt lat="38.986610000000006" lon="-77.05367000000001">
    <ele>54.99</ele>
   </trkpt>
   <trkpt lat="38.986580000000004" lon="-77.05346">
    <ele>55.2</ele>
   </trkpt>
   <trkpt lat="38.98641000000001" lon="-77.05319">
    <ele>56.18000000000001</ele>
   </trkpt>
   <trkpt lat="38.98633" lon="-77.05328">
    <ele>56.86000000000001</ele>
   </trkpt>
   <trkpt lat="38.98615000272832" lon="-77.05247499778696">
    <ele>55.74</ele>
   </trkpt>
   <trkpt lat="38.98597" lon="-77.05167">
    <ele>54.2</ele>
   </trkpt>
   <trkpt lat="38.98583" lon="-77.05131">
    <ele>53.6</ele>
   </trkpt>
   <trkpt lat="38.9855" lon="-77.05077">
    <ele>53.45</ele>
   </trkpt>
   <trkpt lat="38.985350000000004" lon="-77.05045000000001">
    <ele>53.65</ele>
   </trkpt>
   <trkpt lat="38.9853" lon="-77.0501">
    <ele>53.78</ele>
   </trkpt>
   <trkpt lat="38.985270002633726" lon="-77.04931499977152">
    <ele>54.040000000000006</ele>
   </trkpt>
   <trkpt lat="38.985240000000005" lon="-77.04853">
    <ele>53.76</ele>
   </trkpt>
   <trkpt lat="38.98519" lon="-77.04818">
    <ele>53.76</ele>
   </trkpt>
   <trkpt lat="38.985110000000006" lon="-77.04795">
    <ele>53.83</ele>
   </trkpt>
   <trkpt lat="38.98503" lon="-77.04778">
    <ele>54.040000000000006</ele>
   </trkpt>
   <trkpt lat="38.984585002199154" lon="-77.04705999545293">
    <ele>54.32000000000001</ele>
   </trkpt>
   <trkpt lat="38.984140000000004" lon="-77.04634">
    <ele>53.92</ele>
   </trkpt>
   <trkpt lat="38.98398" lon="-77.04593000000001">
    <ele>53.88</ele>
   </trkpt>
   <trkpt lat="38.983740000000004" lon="-77.04486">
    <ele>53.800000000000004</ele>
   </trkpt>
   <trkpt lat="38.98371" lon="-77.04456">
    <ele>53.790000000000006</ele>
   </trkpt>
   <trkpt lat="38.98378" lon="-77.04360000000001">
    <ele>54.760000000000005</ele>
   </trkpt>
   <trkpt lat="38.983760000000004" lon="-77.04318">
    <ele>56.11000000000001</ele>
   </trkpt>
   <trkpt lat="38.983610000000006" lon="-77.04285">
    <ele>56.71</ele>
   </trkpt>
   <trkpt lat="38.98351" lon="-77.04271">
    <ele>57.49</ele>
   </trkpt>
   <trkpt lat="38.98350000000001" lon="-77.04265000000001">
    <ele>57.49</ele>
   </trkpt>
   <trkpt lat="38.983380000000004" lon="-77.0425">
    <ele>57.49</ele>
   </trkpt>
   <trkpt lat="38.98317" lon="-77.04236">
    <ele>60.10000000000001</ele>
   </trkpt>
   <trkpt lat="38.98315" lon="-77.04235000000001">
    <ele>60.18</ele>
   </trkpt>
   <trkpt lat="38.98302" lon="-77.04231">
    <ele>61.83</ele>
   </trkpt>
   <trkpt lat="38.98281" lon="-77.04230000000001">
    <ele>62.75</ele>
   </trkpt>
   <trkpt lat="38.98259" lon="-77.04231">
    <ele>64.03999999999999</ele>
   </trkpt>
   <trkpt lat="38.98228" lon="-77.04235000000001">
    <ele>65.96000000000001</ele>
   </trkpt>
   <trkpt lat="38.982000000000006" lon="-77.04245">
    <ele>66.48</ele>
   </trkpt>
   <trkpt lat="38.981930000000006" lon="-77.0425">
    <ele>66.51</ele>
   </trkpt>
   <trkpt lat="38.98181" lon="-77.04262">
    <ele>66.38000000000001</ele>
   </trkpt>
   <trkpt lat="38.98172" lon="-77.04275000000001">
    <ele>65.73</ele>
   </trkpt>
   <trkpt lat="38.981640000000006" lon="-77.04289">
    <ele>64.56</ele>
   </trkpt>
   <trkpt lat="38.981570000000005" lon="-77.04308">
    <ele>64.16000000000001</ele>
   </trkpt>
   <trkpt lat="38.98138" lon="-77.04400000000001">
    <ele>62.050000000000004</ele>
   </trkpt>
   <trkpt lat="38.98131" lon="-77.04423000000001">
    <ele>61.78000000000001</ele>
   </trkpt>
   <trkpt lat="38.9812" lon="-77.04446">
    <ele>61.71000000000001</ele>
   </trkpt>
   <trkpt lat="38.981010000000005" lon="-77.04468">
    <ele>61.45</ele>
   </trkpt>
   <trkpt lat="38.980760000000004" lon="-77.04486">
    <ele>61.45</ele>
   </trkpt>
   <trkpt lat="38.980380000000004" lon="-77.04503000000001">
    <ele>61.050000000000004</ele>
   </trkpt>
   <trkpt lat="38.980180000000004" lon="-77.04504">
    <ele>61.050000000000004</ele>
   </trkpt>
   <trkpt lat="38.97993" lon="-77.045">
    <ele>60.88</ele>
   </trkpt>
   <trkpt lat="38.979130000000005" lon="-77.04477">
    <ele>59.370000000000005</ele>
   </trkpt>
   <trkpt lat="38.978860000000005" lon="-77.04464">
    <ele>57.760000000000005</ele>
   </trkpt>
   <trkpt lat="38.97836" lon="-77.04427000000001">
    <ele>55.61000000000001</ele>
   </trkpt>
   <trkpt lat="38.978210000000004" lon="-77.04411">
    <ele>54.93000000000001</ele>
   </trkpt>
   <trkpt lat="38.97811" lon="-77.04400000000001">
    <ele>54.93000000000001</ele>
   </trkpt>
   <trkpt lat="38.978010000000005" lon="-77.0438">
    <ele>54.31</ele>
   </trkpt>
   <trkpt lat="38.9778200011336" lon="-77.04325499815359">
    <ele>52.93000000000001</ele>
   </trkpt>
   <trkpt lat="38.977630000000005" lon="-77.04271">
    <ele>52.370000000000005</ele>
   </trkpt>
   <trkpt lat="38.977410000000006" lon="-77.04231">
    <ele>52.29</ele>
   </trkpt>
   <trkpt lat="38.97724" lon="-77.04209">
    <ele>52.15</ele>
   </trkpt>
   <trkpt lat="38.97665500141759" lon="-77.04152999544975">
    <ele>52.42</ele>
   </trkpt>
   <trkpt lat="38.97607" lon="-77.04097">
    <ele>52.31</ele>
   </trkpt>
   <trkpt lat="38.975750000000005" lon="-77.0407">
    <ele>52.33</ele>
   </trkpt>
   <trkpt lat="38.97552" lon="-77.04056">
    <ele>52.36</ele>
   </trkpt>
   <trkpt lat="38.975260000000006" lon="-77.04043">
    <ele>52.4</ele>
   </trkpt>
   <trkpt lat="38.975060000000006" lon="-77.04039">
    <ele>52.59</ele>
   </trkpt>
   <trkpt lat="38.97487" lon="-77.04039">
    <ele>52.58</ele>
   </trkpt>
   <trkpt lat="38.974540000000005" lon="-77.04043">
    <ele>52.45</ele>
   </trkpt>
   <trkpt lat="38.97368" lon="-77.04061">
    <ele>52.04</ele>
   </trkpt>
   <trkpt lat="38.973440000000004" lon="-77.04062">
    <ele>52.120000000000005</ele>
   </trkpt>
   <trkpt lat="38.97321" lon="-77.04065">
    <ele>52.32000000000001</ele>
   </trkpt>
   <trkpt lat="38.97283" lon="-77.04060000000001">
    <ele>52.42</ele>
   </trkpt>
   <trkpt lat="38.97263" lon="-77.04061">
    <ele>52.63</ele>
   </trkpt>
   <trkpt lat="38.972390000000004" lon="-77.04069000000001">
    <ele>52.56</ele>
   </trkpt>
   <trkpt lat="38.9722" lon="-77.04079">
    <ele>52.46000000000001</ele>
   </trkpt>
   <trkpt lat="38.972030000000004" lon="-77.04096000000001">
    <ele>52.08</ele>
   </trkpt>
   <trkpt lat="38.971920000000004" lon="-77.04118000000001">
    <ele>51.980000000000004</ele>
   </trkpt>
   <trkpt lat="38.97171" lon="-77.04175000000001">
    <ele>51.47</ele>
   </trkpt>
   <trkpt lat="38.97153" lon="-77.04227">
    <ele>51.09</ele>
   </trkpt>
   <trkpt lat="38.971450000000004" lon="-77.04262">
    <ele>50.96</ele>
   </trkpt>
   <trkpt lat="38.9714" lon="-77.04365">
    <ele>50.54</ele>
   </trkpt>
   <trkpt lat="38.971320000000006" lon="-77.04402">
    <ele>50.56</ele>
   </trkpt>
   <trkpt lat="38.971140000000005" lon="-77.04445000000001">
    <ele>50.75</ele>
   </trkpt>
   <trkpt lat="38.97095" lon="-77.04468">
    <ele>50.72</ele>
   </trkpt>
   <trkpt lat="38.970780000000005" lon="-77.04482">
    <ele>50.730000000000004</ele>
   </trkpt>
   <trkpt lat="38.97014" lon="-77.04522">
    <ele>50.56</ele>
   </trkpt>
   <trkpt lat="38.96974" lon="-77.04549">
    <ele>50.46</ele>
   </trkpt>
   <trkpt lat="38.9692200010652" lon="-77.04598000355888">
    <ele>49.99000000000001</ele>
   </trkpt>
   <trkpt lat="38.968700000000005" lon="-77.04647">
    <ele>49.78</ele>
   </trkpt>
   <trkpt lat="38.96829500011152" lon="-77.04676500187593">
    <ele>49.96</ele>
   </trkpt>
   <trkpt lat="38.967890000000004" lon="-77.04706">
    <ele>50.010000000000005</ele>
   </trkpt>
   <trkpt lat="38.96754000000001" lon="-77.04728">
    <ele>49.88</ele>
   </trkpt>
   <trkpt lat="38.966890000265664" lon="-77.04757000270259">
    <ele>49.7</ele>
   </trkpt>
   <trkpt lat="38.966240000000006" lon="-77.04786">
    <ele>49.59</ele>
   </trkpt>
   <trkpt lat="38.966060000000006" lon="-77.04791">
    <ele>49.59</ele>
   </trkpt>
   <trkpt lat="38.96591" lon="-77.04791">
    <ele>50.02</ele>
   </trkpt>
   <trkpt lat="38.96578" lon="-77.04786">
    <ele>50.02</ele>
   </trkpt>
   <trkpt lat="38.96558" lon="-77.04773">
    <ele>50.28</ele>
   </trkpt>
   <trkpt lat="38.96542" lon="-77.04757000000001">
    <ele>50.36</ele>
   </trkpt>
   <trkpt lat="38.96502500125217" lon="-77.04709499769962">
    <ele>50.34</ele>
   </trkpt>
   <trkpt lat="38.96463" lon="-77.04662">
    <ele>49.53</ele>
   </trkpt>
   <trkpt lat="38.964090001523594" lon="-77.04602999554473">
    <ele>48.830000000000005</ele>
   </trkpt>
   <trkpt lat="38.963550000000005" lon="-77.04544">
    <ele>48.52</ele>
   </trkpt>
   <trkpt lat="38.96331" lon="-77.04512000000001">
    <ele>48.52</ele>
   </trkpt>
   <trkpt lat="38.96293500102801" lon="-77.04465499766947">
    <ele>48.400000000000006</ele>
   </trkpt>
   <trkpt lat="38.96256" lon="-77.04419">
    <ele>48.330000000000005</ele>
   </trkpt>
   <trkpt lat="38.9621200007079" lon="-77.04382999789105">
    <ele>48.07</ele>
   </trkpt>
   <trkpt lat="38.96168" lon="-77.04347">
    <ele>47.760000000000005</ele>
   </trkpt>
   <trkpt lat="38.961360000000006" lon="-77.04312">
    <ele>47.56</ele>
   </trkpt>
   <trkpt lat="38.960980000000006" lon="-77.04258">
    <ele>47.440000000000005</ele>
   </trkpt>
   <trkpt lat="38.96081" lon="-77.04220000000001">
    <ele>47.46</ele>
   </trkpt>
   <trkpt lat="38.96058000187857" lon="-77.0415449980106">
    <ele>46.970000000000006</ele>
   </trkpt>
   <trkpt lat="38.960350000000005" lon="-77.04089">
    <ele>46.2</ele>
   </trkpt>
   <trkpt lat="38.96016" lon="-77.04056">
    <ele>45.68000000000001</ele>
   </trkpt>
   <trkpt lat="38.95994" lon="-77.04036">
    <ele>45.53</ele>
   </trkpt>
   <trkpt lat="38.95978" lon="-77.0403">
    <ele>45.33</ele>
   </trkpt>
   <trkpt lat="38.95969" lon="-77.04029000000001">
    <ele>45.33</ele>
   </trkpt>
   <trkpt lat="38.95944" lon="-77.04031">
    <ele>45.1</ele>
   </trkpt>
   <trkpt lat="38.95933" lon="-77.04039">
    <ele>45.040000000000006</ele>
   </trkpt>
   <trkpt lat="38.95881" lon="-77.04084">
    <ele>44.42</ele>
   </trkpt>
   <trkpt lat="38.958510000000004" lon="-77.04103">
    <ele>43.77</ele>
   </trkpt>
   <trkpt lat="38.958310000000004" lon="-77.04119">
    <ele>43.59</ele>
   </trkpt>
   <trkpt lat="38.957860000000004" lon="-77.04186">
    <ele>42.7</ele>
   </trkpt>
   <trkpt lat="38.95767" lon="-77.04195">
    <ele>42.510000000000005</ele>
   </trkpt>
   <trkpt lat="38.956990000000005" lon="-77.04187">
    <ele>41.38</ele>
   </trkpt>
   <trkpt lat="38.95676" lon="-77.04192">
    <ele>40.71</ele>
   </trkpt>
   <trkpt lat="38.95644" lon="-77.04204">
    <ele>40.019999999999996</ele>
   </trkpt>
   <trkpt lat="38.956300000000006" lon="-77.04205">
    <ele>40.019999999999996</ele>
   </trkpt>
   <trkpt lat="38.955640000181425" lon="-77.04190999871689">
    <ele>38.36000000000001</ele>
   </trkpt>
   <trkpt lat="38.954980000000006" lon="-77.04177">
    <ele>37.53</ele>
   </trkpt>
   <trkpt lat="38.954860000000004" lon="-77.04177">
    <ele>37.42</ele>
   </trkpt>
   <trkpt lat="38.954660000000004" lon="-77.04182">
    <ele>37.03</ele>
   </trkpt>
   <trkpt lat="38.95445" lon="-77.04191">
    <ele>36.45</ele>
   </trkpt>
   <trkpt lat="38.95423" lon="-77.04213">
    <ele>35.76</ele>
   </trkpt>
   <trkpt lat="38.95371" lon="-77.04284000000001">
    <ele>33.95</ele>
   </trkpt>
   <trkpt lat="38.95318" lon="-77.04339">
    <ele>33.13</ele>
   </trkpt>
   <trkpt lat="38.952650000000006" lon="-77.04406">
    <ele>32.440000000000005</ele>
   </trkpt>
   <trkpt lat="38.952400000000004" lon="-77.04428">
    <ele>32.06</ele>
   </trkpt>
   <trkpt lat="38.95194" lon="-77.04455">
    <ele>31.290000000000006</ele>
   </trkpt>
   <trkpt lat="38.95143" lon="-77.04468">
    <ele>30.490000000000002</ele>
   </trkpt>
   <trkpt lat="38.95116" lon="-77.04478">
    <ele>30.02</ele>
   </trkpt>
   <trkpt lat="38.95051" lon="-77.0454">
    <ele>29.68</ele>
   </trkpt>
   <trkpt lat="38.95036" lon="-77.04562">
    <ele>29.57</ele>
   </trkpt>
   <trkpt lat="38.950030000000005" lon="-77.04625">
    <ele>29.210000000000004</ele>
   </trkpt>
   <trkpt lat="38.949920000000006" lon="-77.04643">
    <ele>29.210000000000004</ele>
   </trkpt>
   <trkpt lat="38.94984" lon="-77.04651000000001">
    <ele>29.030000000000005</ele>
   </trkpt>
   <trkpt lat="38.949740000000006" lon="-77.04656">
    <ele>29.030000000000005</ele>
   </trkpt>
   <trkpt lat="38.949560000000005" lon="-77.04660000000001">
    <ele>28.810000000000002</ele>
   </trkpt>
   <trkpt lat="38.949180000000005" lon="-77.04661">
    <ele>28.68</ele>
   </trkpt>
   <trkpt lat="38.948840000000004" lon="-77.04661">
    <ele>28.200000000000003</ele>
   </trkpt>
   <trkpt lat="38.94856" lon="-77.04656">
    <ele>28.200000000000003</ele>
   </trkpt>
   <trkpt lat="38.94847" lon="-77.04652">
    <ele>28.0</ele>
   </trkpt>
   <trkpt lat="38.94834" lon="-77.04643">
    <ele>28.0</ele>
   </trkpt>
   <trkpt lat="38.9482" lon="-77.04620000000001">
    <ele>27.970000000000002</ele>
   </trkpt>
   <trkpt lat="38.948130000000006" lon="-77.04597000000001">
    <ele>27.970000000000002</ele>
   </trkpt>
   <trkpt lat="38.94812" lon="-77.0458">
    <ele>28.03</ele>
   </trkpt>
   <trkpt lat="38.948130000000006" lon="-77.04571">
    <ele>28.03</ele>
   </trkpt>
   <trkpt lat="38.948170000000005" lon="-77.04559">
    <ele>28.03</ele>
   </trkpt>
   <trkpt lat="38.948350000000005" lon="-77.0454">
    <ele>28.3</ele>
   </trkpt>
   <trkpt lat="38.94839" lon="-77.04532">
    <ele>28.3</ele>
   </trkpt>
   <trkpt lat="38.94839" lon="-77.04521000000001">
    <ele>28.240000000000002</ele>
   </trkpt>
   <trkpt lat="38.948310000000006" lon="-77.04478">
    <ele>27.89</ele>
   </trkpt>
   <trkpt lat="38.94827" lon="-77.04461">
    <ele>27.73</ele>
   </trkpt>
   <trkpt lat="38.94821" lon="-77.04446">
    <ele>27.4</ele>
   </trkpt>
   <trkpt lat="38.94811" lon="-77.04437">
    <ele>27.4</ele>
   </trkpt>
   <trkpt lat="38.947990000000004" lon="-77.04436000000001">
    <ele>26.820000000000004</ele>
   </trkpt>
   <trkpt lat="38.947880000000005" lon="-77.04437">
    <ele>26.820000000000004</ele>
   </trkpt>
   <trkpt lat="38.94776" lon="-77.04447">
    <ele>26.820000000000004</ele>
   </trkpt>
   <trkpt lat="38.947280000000006" lon="-77.04505">
    <ele>25.61</ele>
   </trkpt>
   <trkpt lat="38.947010000000006" lon="-77.04531">
    <ele>24.970000000000002</ele>
   </trkpt>
   <trkpt lat="38.946760000000005" lon="-77.04549">
    <ele>24.970000000000002</ele>
   </trkpt>
   <trkpt lat="38.94604" lon="-77.04594">
    <ele>23.700000000000003</ele>
   </trkpt>
   <trkpt lat="38.945890000000006" lon="-77.04607">
    <ele>23.340000000000003</ele>
   </trkpt>
   <trkpt lat="38.94581" lon="-77.04625">
    <ele>23.250000000000004</ele>
   </trkpt>
   <trkpt lat="38.945780000000006" lon="-77.04647">
    <ele>23.250000000000004</ele>
   </trkpt>
   <trkpt lat="38.94579" lon="-77.04671">
    <ele>23.020000000000003</ele>
   </trkpt>
   <trkpt lat="38.945890000000006" lon="-77.04733">
    <ele>22.85</ele>
   </trkpt>
   <trkpt lat="38.9459" lon="-77.0475">
    <ele>22.740000000000002</ele>
   </trkpt>
   <trkpt lat="38.94588" lon="-77.04773">
    <ele>22.47</ele>
   </trkpt>
   <trkpt lat="38.945820000000005" lon="-77.04791">
    <ele>22.410000000000004</ele>
   </trkpt>
   <trkpt lat="38.94574" lon="-77.04804">
    <ele>22.400000000000002</ele>
   </trkpt>
   <trkpt lat="38.945620000000005" lon="-77.04818">
    <ele>22.47</ele>
   </trkpt>
   <trkpt lat="38.9455" lon="-77.04827">
    <ele>22.47</ele>
   </trkpt>
   <trkpt lat="38.945150000000005" lon="-77.04844">
    <ele>22.29</ele>
   </trkpt>
   <trkpt lat="38.94491" lon="-77.04863">
    <ele>22.35</ele>
   </trkpt>
   <trkpt lat="38.944680000000005" lon="-77.04893000000001">
    <ele>23.090000000000003</ele>
   </trkpt>
   <trkpt lat="38.94446000000001" lon="-77.04931">
    <ele>23.680000000000003</ele>
   </trkpt>
   <trkpt lat="38.944430000000004" lon="-77.04941000000001">
    <ele>23.8</ele>
   </trkpt>
   <trkpt lat="38.94446000000001" lon="-77.04944">
    <ele>23.8</ele>
   </trkpt>
   <trkpt lat="38.94436" lon="-77.04974">
    <ele>24.690000000000005</ele>
   </trkpt>
   <trkpt lat="38.944300000000005" lon="-77.04974">
    <ele>24.790000000000003</ele>
   </trkpt>
   <trkpt lat="38.94418" lon="-77.04982000000001">
    <ele>24.66</ele>
   </trkpt>
   <trkpt lat="38.94424" lon="-77.05000000000001">
    <ele>24.5</ele>
   </trkpt>
   <trkpt lat="38.9442" lon="-77.05006">
    <ele>24.5</ele>
   </trkpt>
   <trkpt lat="38.944120000000005" lon="-77.05011">
    <ele>24.0</ele>
   </trkpt>
   <trkpt lat="38.94395" lon="-77.05015">
    <ele>23.180000000000003</ele>
   </trkpt>
   <trkpt lat="38.943270000000005" lon="-77.05045000000001">
    <ele>22.28</ele>
   </trkpt>
   <trkpt lat="38.94276" lon="-77.05073">
    <ele>21.810000000000002</ele>
   </trkpt>
   <trkpt lat="38.94221000058776" lon="-77.05111000296732">
    <ele>21.630000000000003</ele>
   </trkpt>
   <trkpt lat="38.941660000000006" lon="-77.05149">
    <ele>21.580000000000002</ele>
   </trkpt>
   <trkpt lat="38.94126" lon="-77.05162">
    <ele>21.52</ele>
   </trkpt>
   <trkpt lat="38.94109" lon="-77.05158">
    <ele>21.18</ele>
   </trkpt>
   <trkpt lat="38.940540000000006" lon="-77.05158">
    <ele>20.51</ele>
   </trkpt>
   <trkpt lat="38.94014000000001" lon="-77.05159">
    <ele>19.42</ele>
   </trkpt>
   <trkpt lat="38.939820000000005" lon="-77.05163">
    <ele>19.22</ele>
   </trkpt>
   <trkpt lat="38.93968" lon="-77.05171">
    <ele>19.630000000000003</ele>
   </trkpt>
   <trkpt lat="38.939620000000005" lon="-77.0518">
    <ele>19.630000000000003</ele>
   </trkpt>
   <trkpt lat="38.939060000000005" lon="-77.05199">
    <ele>19.85</ele>
   </trkpt>
   <trkpt lat="38.93896" lon="-77.05216">
    <ele>19.8</ele>
   </trkpt>
   <trkpt lat="38.93876" lon="-77.05216">
    <ele>19.900000000000002</ele>
   </trkpt>
   <trkpt lat="38.93853" lon="-77.05225">
    <ele>20.39</ele>
   </trkpt>
   <trkpt lat="38.938480000000006" lon="-77.05223000000001">
    <ele>20.560000000000002</ele>
   </trkpt>
   <trkpt lat="38.93842" lon="-77.05215000000001">
    <ele>20.6</ele>
   </trkpt>
   <trkpt lat="38.93829" lon="-77.05188000000001">
    <ele>20.42</ele>
   </trkpt>
   <trkpt lat="38.93824" lon="-77.05184000000001">
    <ele>20.42</ele>
   </trkpt>
   <trkpt lat="38.93815" lon="-77.0518">
    <ele>20.009999999999998</ele>
   </trkpt>
   <trkpt lat="38.93807" lon="-77.0518">
    <ele>19.69</ele>
   </trkpt>
   <trkpt lat="38.93797" lon="-77.05176">
    <ele>19.51</ele>
   </trkpt>
   <trkpt lat="38.93791" lon="-77.05171">
    <ele>19.51</ele>
   </trkpt>
   <trkpt lat="38.937850000000005" lon="-77.05154">
    <ele>19.78</ele>
   </trkpt>
   <trkpt lat="38.937780000000004" lon="-77.0514">
    <ele>19.82</ele>
   </trkpt>
   <trkpt lat="38.9376" lon="-77.05118">
    <ele>19.669999999999998</ele>
   </trkpt>
   <trkpt lat="38.937520000000006" lon="-77.05099000000001">
    <ele>19.71</ele>
   </trkpt>
   <trkpt lat="38.93751" lon="-77.05091">
    <ele>19.71</ele>
   </trkpt>
   <trkpt lat="38.93753" lon="-77.05077">
    <ele>19.83</ele>
   </trkpt>
   <trkpt lat="38.93753" lon="-77.0506">
    <ele>19.790000000000003</ele>
   </trkpt>
   <trkpt lat="38.93744" lon="-77.05029">
    <ele>19.58</ele>
   </trkpt>
   <trkpt lat="38.93739" lon="-77.04987000000001">
    <ele>19.07</ele>
   </trkpt>
   <trkpt lat="38.93744" lon="-77.04961">
    <ele>18.89</ele>
   </trkpt>
   <trkpt lat="38.937470000000005" lon="-77.04915000000001">
    <ele>18.9</ele>
   </trkpt>
   <trkpt lat="38.93746" lon="-77.04884000000001">
    <ele>18.9</ele>
   </trkpt>
   <trkpt lat="38.937490000000004" lon="-77.04853">
    <ele>19.24</ele>
   </trkpt>
   <trkpt lat="38.93737" lon="-77.04818">
    <ele>19.200000000000003</ele>
   </trkpt>
   <trkpt lat="38.93723000000001" lon="-77.04791">
    <ele>19.51</ele>
   </trkpt>
   <trkpt lat="38.93714000000001" lon="-77.04782">
    <ele>19.6</ele>
   </trkpt>
   <trkpt lat="38.936910000000005" lon="-77.04769">
    <ele>19.14</ele>
   </trkpt>
   <trkpt lat="38.936730000000004" lon="-77.0477">
    <ele>18.98</ele>
   </trkpt>
   <trkpt lat="38.93674" lon="-77.04803000000001">
    <ele>18.910000000000004</ele>
   </trkpt>
   <trkpt lat="38.936710000000005" lon="-77.04809">
    <ele>18.89</ele>
   </trkpt>
   <trkpt lat="38.936640000000004" lon="-77.04815">
    <ele>18.89</ele>
   </trkpt>
   <trkpt lat="38.936400000000006" lon="-77.04813">
    <ele>18.860000000000003</ele>
   </trkpt>
   <trkpt lat="38.93621" lon="-77.04814">
    <ele>18.8</ele>
   </trkpt>
   <trkpt lat="38.936020000000006" lon="-77.04809">
    <ele>18.580000000000002</ele>
   </trkpt>
   <trkpt lat="38.935770000000005" lon="-77.04809">
    <ele>18.04</ele>
   </trkpt>
   <trkpt lat="38.93551" lon="-77.04813">
    <ele>17.8</ele>
   </trkpt>
   <trkpt lat="38.93522" lon="-77.04822">
    <ele>17.71</ele>
   </trkpt>
   <trkpt lat="38.93511" lon="-77.04830000000001">
    <ele>17.820000000000004</ele>
   </trkpt>
   <trkpt lat="38.935" lon="-77.0484">
    <ele>18.26</ele>
   </trkpt>
   <trkpt lat="38.934720000000006" lon="-77.04876">
    <ele>21.18</ele>
   </trkpt>
   <trkpt lat="38.934520000000006" lon="-77.04885">
    <ele>20.34</ele>
   </trkpt>
   <trkpt lat="38.93408" lon="-77.04925">
    <ele>16.34</ele>
   </trkpt>
   <trkpt lat="38.93399" lon="-77.04942000000001">
    <ele>16.91</ele>
   </trkpt>
   <trkpt lat="38.93388" lon="-77.04992">
    <ele>19.76</ele>
   </trkpt>
   <trkpt lat="38.93377" lon="-77.05019">
    <ele>19.94</ele>
   </trkpt>
   <trkpt lat="38.933490000000006" lon="-77.0505">
    <ele>18.740000000000002</ele>
   </trkpt>
   <trkpt lat="38.93336" lon="-77.05069">
    <ele>18.61</ele>
   </trkpt>
   <trkpt lat="38.933330000000005" lon="-77.05069">
    <ele>18.61</ele>
   </trkpt>
   <trkpt lat="38.93305" lon="-77.05047">
    <ele>18.26</ele>
   </trkpt>
   <trkpt lat="38.93292" lon="-77.05038">
    <ele>17.86</ele>
   </trkpt>
   <trkpt lat="38.93272" lon="-77.05037">
    <ele>17.39</ele>
   </trkpt>
   <trkpt lat="38.9326" lon="-77.05028">
    <ele>17.1</ele>
   </trkpt>
   <trkpt lat="38.93249" lon="-77.05014000000001">
    <ele>16.94</ele>
   </trkpt>
   <trkpt lat="38.9324" lon="-77.04996000000001">
    <ele>16.69</ele>
   </trkpt>
   <trkpt lat="38.932240002310216" lon="-77.04922499836816">
    <ele>16.26</ele>
   </trkpt>
   <trkpt lat="38.932080000000006" lon="-77.04849">
    <ele>16.52</ele>
   </trkpt>
   <trkpt lat="38.93188000000001" lon="-77.04773">
    <ele>16.64</ele>
   </trkpt>
   <trkpt lat="38.93171" lon="-77.04727000000001">
    <ele>16.720000000000002</ele>
   </trkpt>
   <trkpt lat="38.93162" lon="-77.0471">
    <ele>16.790000000000003</ele>
   </trkpt>
   <trkpt lat="38.931490000000004" lon="-77.04696000000001">
    <ele>16.91</ele>
   </trkpt>
   <trkpt lat="38.93095" lon="-77.04643">
    <ele>18.46</ele>
   </trkpt>
   <trkpt lat="38.930590000742754" lon="-77.04595999735403">
    <ele>20.67</ele>
   </trkpt>
   <trkpt lat="38.93023" lon="-77.04549">
    <ele>21.59</ele>
   </trkpt>
   <trkpt lat="38.92974" lon="-77.04487">
    <ele>20.330000000000002</ele>
   </trkpt>
   <trkpt lat="38.92943" lon="-77.0446">
    <ele>19.950000000000003</ele>
   </trkpt>
   <trkpt lat="38.92911" lon="-77.04437">
    <ele>18.740000000000002</ele>
   </trkpt>
   <trkpt lat="38.92877" lon="-77.04415">
    <ele>18.26</ele>
   </trkpt>
   <trkpt lat="38.928360000000005" lon="-77.04401">
    <ele>17.5</ele>
   </trkpt>
   <trkpt lat="38.928180000000005" lon="-77.04397">
    <ele>17.300000000000004</ele>
   </trkpt>
   <trkpt lat="38.92763" lon="-77.04407">
    <ele>17.32</ele>
   </trkpt>
   <trkpt lat="38.927620000000005" lon="-77.04407">
    <ele>17.310000000000002</ele>
   </trkpt>
   <trkpt lat="38.92738000000001" lon="-77.04415">
    <ele>17.330000000000002</ele>
   </trkpt>
   <trkpt lat="38.927060000000004" lon="-77.04429">
    <ele>17.46</ele>
   </trkpt>
   <trkpt lat="38.92692" lon="-77.04437">
    <ele>17.48</ele>
   </trkpt>
   <trkpt lat="38.92676" lon="-77.04455">
    <ele>17.43</ele>
   </trkpt>
   <trkpt lat="38.926390000000005" lon="-77.04504">
    <ele>17.07</ele>
   </trkpt>
   <trkpt lat="38.926030000000004" lon="-77.04571">
    <ele>16.59</ele>
   </trkpt>
   <trkpt lat="38.925900000000006" lon="-77.04599">
    <ele>16.630000000000003</ele>
   </trkpt>
   <trkpt lat="38.92587" lon="-77.04634">
    <ele>16.25</ele>
   </trkpt>
   <trkpt lat="38.925920000000005" lon="-77.04652">
    <ele>16.150000000000002</ele>
   </trkpt>
   <trkpt lat="38.92598" lon="-77.04662">
    <ele>16.07</ele>
   </trkpt>
   <trkpt lat="38.92625" lon="-77.04692">
    <ele>15.780000000000003</ele>
   </trkpt>
   <trkpt lat="38.926370000000006" lon="-77.0472">
    <ele>14.980000000000002</ele>
   </trkpt>
   <trkpt lat="38.926730000000006" lon="-77.04778">
    <ele>14.34</ele>
   </trkpt>
   <trkpt lat="38.926880000000004" lon="-77.04794000000001">
    <ele>14.08</ele>
   </trkpt>
   <trkpt lat="38.927200000000006" lon="-77.04814">
    <ele>13.410000000000002</ele>
   </trkpt>
   <trkpt lat="38.927530000000004" lon="-77.04862">
    <ele>14.010000000000002</ele>
   </trkpt>
   <trkpt lat="38.92768" lon="-77.04894">
    <ele>14.63</ele>
   </trkpt>
   <trkpt lat="38.927730000000004" lon="-77.04913">
    <ele>14.63</ele>
   </trkpt>
   <trkpt lat="38.927730000000004" lon="-77.04952">
    <ele>13.690000000000001</ele>
   </trkpt>
   <trkpt lat="38.92766" lon="-77.04965">
    <ele>13.19</ele>
   </trkpt>
   <trkpt lat="38.927580000000006" lon="-77.04966">
    <ele>13.02</ele>
   </trkpt>
   <trkpt lat="38.92728" lon="-77.04962">
    <ele>12.85</ele>
   </trkpt>
   <trkpt lat="38.926570000000005" lon="-77.04943">
    <ele>12.520000000000001</ele>
   </trkpt>
   <trkpt lat="38.926190000000005" lon="-77.04938">
    <ele>12.84</ele>
   </trkpt>
   <trkpt lat="38.926030000000004" lon="-77.04938">
    <ele>12.990000000000002</ele>
   </trkpt>
   <trkpt lat="38.92577" lon="-77.0493">
    <ele>13.0</ele>
   </trkpt>
   <trkpt lat="38.92562" lon="-77.04921">
    <ele>13.19</ele>
   </trkpt>
   <trkpt lat="38.92502" lon="-77.04871">
    <ele>13.97</ele>
   </trkpt>
   <trkpt lat="38.924690000000005" lon="-77.04866000000001">
    <ele>13.110000000000001</ele>
   </trkpt>
   <trkpt lat="38.924350000000004" lon="-77.04849">
    <ele>13.74</ele>
   </trkpt>
   <trkpt lat="38.924310000000006" lon="-77.04849">
    <ele>13.74</ele>
   </trkpt>
   <trkpt lat="38.924020000000006" lon="-77.04894">
    <ele>13.410000000000002</ele>
   </trkpt>
   <trkpt lat="38.923950000000005" lon="-77.04898">
    <ele>13.410000000000002</ele>
   </trkpt>
   <trkpt lat="38.923500000000004" lon="-77.04915000000001">
    <ele>12.940000000000001</ele>
   </trkpt>
   <trkpt lat="38.92318" lon="-77.04921">
    <ele>13.120000000000001</ele>
   </trkpt>
   <trkpt lat="38.92258" lon="-77.04951000000001">
    <ele>12.98</ele>
   </trkpt>
   <trkpt lat="38.92244" lon="-77.04960000000001">
    <ele>13.080000000000002</ele>
   </trkpt>
   <trkpt lat="38.92235" lon="-77.04969000000001">
    <ele>13.680000000000001</ele>
   </trkpt>
   <trkpt lat="38.92221" lon="-77.04988">
    <ele>13.840000000000002</ele>
   </trkpt>
   <trkpt lat="38.92186" lon="-77.05028">
    <ele>16.09</ele>
   </trkpt>
   <trkpt lat="38.921800000000005" lon="-77.05038">
    <ele>16.94</ele>
   </trkpt>
   <trkpt lat="38.921620000000004" lon="-77.05076000000001">
    <ele>20.07</ele>
   </trkpt>
   <trkpt lat="38.92159" lon="-77.05087">
    <ele>20.880000000000003</ele>
   </trkpt>
   <trkpt lat="38.921600000000005" lon="-77.05113">
    <ele>21.820000000000004</ele>
   </trkpt>
   <trkpt lat="38.92159" lon="-77.05131">
    <ele>21.85</ele>
   </trkpt>
   <trkpt lat="38.9215" lon="-77.05153">
    <ele>21.6</ele>
   </trkpt>
   <trkpt lat="38.921420000000005" lon="-77.05162">
    <ele>21.36</ele>
   </trkpt>
   <trkpt lat="38.92107" lon="-77.05188000000001">
    <ele>20.26</ele>
   </trkpt>
   <trkpt lat="38.920970000000004" lon="-77.05203">
    <ele>19.85</ele>
   </trkpt>
   <trkpt lat="38.92085" lon="-77.05243">
    <ele>18.080000000000002</ele>
   </trkpt>
   <trkpt lat="38.9208" lon="-77.05253">
    <ele>17.14</ele>
   </trkpt>
   <trkpt lat="38.92062000000001" lon="-77.05274">
    <ele>13.850000000000001</ele>
   </trkpt>
   <trkpt lat="38.92043" lon="-77.05302">
    <ele>11.600000000000001</ele>
   </trkpt>
   <trkpt lat="38.92031" lon="-77.05332">
    <ele>10.89</ele>
   </trkpt>
   <trkpt lat="38.920260000000006" lon="-77.05338">
    <ele>10.910000000000002</ele>
   </trkpt>
   <trkpt lat="38.920230000000004" lon="-77.05341">
    <ele>10.910000000000002</ele>
   </trkpt>
   <trkpt lat="38.919920000000005" lon="-77.0536">
    <ele>10.89</ele>
   </trkpt>
   <trkpt lat="38.919850000000004" lon="-77.05368">
    <ele>10.560000000000002</ele>
   </trkpt>
   <trkpt lat="38.919850000000004" lon="-77.05395">
    <ele>9.91</ele>
   </trkpt>
   <trkpt lat="38.91982" lon="-77.05409">
    <ele>9.91</ele>
   </trkpt>
   <trkpt lat="38.91967" lon="-77.05444">
    <ele>9.74</ele>
   </trkpt>
   <trkpt lat="38.919430000000006" lon="-77.05476">
    <ele>9.71</ele>
   </trkpt>
   <trkpt lat="38.91908" lon="-77.05502000000001">
    <ele>10.05</ele>
   </trkpt>
   <trkpt lat="38.91879" lon="-77.05543">
    <ele>10.700000000000001</ele>
   </trkpt>
   <trkpt lat="38.91863" lon="-77.05592">
    <ele>10.700000000000001</ele>
   </trkpt>
   <trkpt lat="38.91832" lon="-77.05699000000001">
    <ele>10.25</ele>
   </trkpt>
   <trkpt lat="38.918200000000006" lon="-77.05731">
    <ele>10.290000000000001</ele>
   </trkpt>
   <trkpt lat="38.917970000000004" lon="-77.05776">
    <ele>10.39</ele>
   </trkpt>
   <trkpt lat="38.917590000000004" lon="-77.05821">
    <ele>10.870000000000001</ele>
   </trkpt>
   <trkpt lat="38.917260000000006" lon="-77.05843">
    <ele>10.85</ele>
   </trkpt>
   <trkpt lat="38.917010000000005" lon="-77.05853">
    <ele>10.96</ele>
   </trkpt>
   <trkpt lat="38.916560000000004" lon="-77.05864000000001">
    <ele>11.36</ele>
   </trkpt>
   <trkpt lat="38.916410000000006" lon="-77.05869000000001">
    <ele>11.370000000000001</ele>
   </trkpt>
   <trkpt lat="38.916250000000005" lon="-77.0587">
    <ele>11.18</ele>
   </trkpt>
   <trkpt lat="38.91597" lon="-77.05865">
    <ele>9.79</ele>
   </trkpt>
   <trkpt lat="38.91581" lon="-77.05860000000001">
    <ele>8.9</ele>
   </trkpt>
   <trkpt lat="38.91564" lon="-77.05847">
    <ele>8.650000000000002</ele>
   </trkpt>
   <trkpt lat="38.91565000000001" lon="-77.05848">
    <ele>8.650000000000002</ele>
   </trkpt>
   <trkpt lat="38.91537" lon="-77.0582">
    <ele>8.0</ele>
   </trkpt>
   <trkpt lat="38.91494" lon="-77.05772">
    <ele>7.38</ele>
   </trkpt>
   <trkpt lat="38.91476" lon="-77.05744">
    <ele>7.4</ele>
   </trkpt>
   <trkpt lat="38.91465" lon="-77.05714">
    <ele>7.630000000000001</ele>
   </trkpt>
   <trkpt lat="38.91436" lon="-77.05677">
    <ele>7.6000000000000005</ele>
   </trkpt>
   <trkpt lat="38.91427" lon="-77.05663000000001">
    <ele>7.580000000000001</ele>
   </trkpt>
   <trkpt lat="38.914100000000005" lon="-77.05623">
    <ele>7.48</ele>
   </trkpt>
   <trkpt lat="38.91357" lon="-77.05561">
    <ele>6.83</ele>
   </trkpt>
   <trkpt lat="38.91315" lon="-77.05525">
    <ele>6.300000000000001</ele>
   </trkpt>
   <trkpt lat="38.91295" lon="-77.05498">
    <ele>6.180000000000001</ele>
   </trkpt>
   <trkpt lat="38.91277" lon="-77.05459">
    <ele>6.790000000000001</ele>
   </trkpt>
   <trkpt lat="38.912670000000006" lon="-77.05422">
    <ele>8.030000000000001</ele>
   </trkpt>
   <trkpt lat="38.91243" lon="-77.05431">
    <ele>8.34</ele>
   </trkpt>
   <trkpt lat="38.91236000000001" lon="-77.05428">
    <ele>8.34</ele>
   </trkpt>
   <trkpt lat="38.912185001613075" lon="-77.05366999858664">
    <ele>7.42</ele>
   </trkpt>
   <trkpt lat="38.91201" lon="-77.05306">
    <ele>7.19</ele>
   </trkpt>
   <trkpt lat="38.91196" lon="-77.05292">
    <ele>7.180000000000001</ele>
   </trkpt>
   <trkpt lat="38.911860000000004" lon="-77.05274">
    <ele>7.24</ele>
   </trkpt>
   <trkpt lat="38.9116" lon="-77.05244">
    <ele>7.44</ele>
   </trkpt>
   <trkpt lat="38.911260000000006" lon="-77.05197000000001">
    <ele>8.13</ele>
   </trkpt>
   <trkpt lat="38.911030000000004" lon="-77.05167">
    <ele>9.0</ele>
   </trkpt>
   <trkpt lat="38.910700000000006" lon="-77.0514">
    <ele>9.73</ele>
   </trkpt>
   <trkpt lat="38.910500000000006" lon="-77.05126000000001">
    <ele>10.05</ele>
   </trkpt>
   <trkpt lat="38.9102" lon="-77.05097">
    <ele>10.26</ele>
   </trkpt>
   <trkpt lat="38.909740000000006" lon="-77.05059">
    <ele>9.82</ele>
   </trkpt>
   <trkpt lat="38.909620000000004" lon="-77.05059">
    <ele>9.4</ele>
   </trkpt>
   <trkpt lat="38.90948" lon="-77.05064">
    <ele>9.4</ele>
   </trkpt>
   <trkpt lat="38.90943" lon="-77.05068">
    <ele>9.030000000000001</ele>
   </trkpt>
   <trkpt lat="38.909400000000005" lon="-77.05078">
    <ele>8.88</ele>
   </trkpt>
   <trkpt lat="38.90939" lon="-77.05113">
    <ele>9.0</ele>
   </trkpt>
   <trkpt lat="38.90937" lon="-77.05118">
    <ele>9.0</ele>
   </trkpt>
   <trkpt lat="38.90937" lon="-77.05207">
    <ele>14.900000000000002</ele>
   </trkpt>
   <trkpt lat="38.90937" lon="-77.05203">
    <ele>14.74</ele>
   </trkpt>
   <trkpt lat="38.90941" lon="-77.05221">
    <ele>16.310000000000002</ele>
   </trkpt>
   <trkpt lat="38.9095" lon="-77.05234">
    <ele>17.67</ele>
   </trkpt>
   <trkpt lat="38.90954" lon="-77.05234">
    <ele>18.45</ele>
   </trkpt>
   <trkpt lat="38.90957" lon="-77.05231">
    <ele>18.45</ele>
   </trkpt>
   <trkpt lat="38.90966" lon="-77.05231">
    <ele>18.71</ele>
   </trkpt>
   <trkpt lat="38.90964500230277" lon="-77.0515749997791">
    <ele>17.94</ele>
   </trkpt>
   <trkpt lat="38.90963" lon="-77.05084000000001">
    <ele>17.66</ele>
   </trkpt>
   <trkpt lat="38.90963335508742" lon="-77.04983000023888">
    <ele>17.400000000000002</ele>
   </trkpt>
   <trkpt lat="38.90963670147321" lon="-77.04882000038239">
    <ele>17.88</ele>
   </trkpt>
   <trkpt lat="38.90964003915737" lon="-77.04781000043077">
    <ele>20.0</ele>
   </trkpt>
   <trkpt lat="38.90964336813988" lon="-77.04680000038432">
    <ele>22.94</ele>
   </trkpt>
   <trkpt lat="38.90964668842074" lon="-77.04579000024324">
    <ele>24.93</ele>
   </trkpt>
   <trkpt lat="38.909650000000006" lon="-77.04478">
    <ele>27.040000000000003</ele>
   </trkpt>
   <trkpt lat="38.90973" lon="-77.04478">
    <ele>27.03</ele>
   </trkpt>
   <trkpt lat="38.90972" lon="-77.04461">
    <ele>27.200000000000003</ele>
   </trkpt>
   <trkpt lat="38.90984" lon="-77.04461">
    <ele>27.270000000000003</ele>
   </trkpt>
   <trkpt lat="38.90984" lon="-77.04447">
    <ele>27.270000000000003</ele>
   </trkpt>
   <trkpt lat="38.909870000000005" lon="-77.04446">
    <ele>27.62</ele>
   </trkpt>
   <trkpt lat="38.90984" lon="-77.04438">
    <ele>27.62</ele>
   </trkpt>
   <trkpt lat="38.90992000000001" lon="-77.04426000000001">
    <ele>27.69</ele>
   </trkpt>
   <trkpt lat="38.9099" lon="-77.04417000000001">
    <ele>27.790000000000003</ele>
   </trkpt>
   <trkpt lat="38.90975" lon="-77.04423000000001">
    <ele>27.700000000000003</ele>
   </trkpt>
   <trkpt lat="38.909690000000005" lon="-77.04435000000001">
    <ele>27.470000000000002</ele>
   </trkpt>
   <trkpt lat="38.90964" lon="-77.04463000000001">
    <ele>27.22</ele>
   </trkpt>
   <trkpt lat="38.90961" lon="-77.04435000000001">
    <ele>27.340000000000003</ele>
   </trkpt>
   <trkpt lat="38.909530000000004" lon="-77.04422000000001">
    <ele>27.470000000000002</ele>
   </trkpt>
   <trkpt lat="38.909380000000006" lon="-77.04418000000001">
    <ele>27.380000000000003</ele>
   </trkpt>
   <trkpt lat="38.90921" lon="-77.04402">
    <ele>27.19</ele>
   </trkpt>
   <trkpt lat="38.90914" lon="-77.04392">
    <ele>27.070000000000004</ele>
   </trkpt>
   <trkpt lat="38.909090000000006" lon="-77.04381000000001">
    <ele>27.020000000000003</ele>
   </trkpt>
   <trkpt lat="38.90901" lon="-77.04347">
    <ele>26.910000000000004</ele>
   </trkpt>
   <trkpt lat="38.909040000000005" lon="-77.0433">
    <ele>26.830000000000002</ele>
   </trkpt>
   <trkpt lat="38.90908" lon="-77.04312">
    <ele>26.830000000000002</ele>
   </trkpt>
   <trkpt lat="38.90917" lon="-77.04295">
    <ele>26.830000000000002</ele>
   </trkpt>
   <trkpt lat="38.909310000000005" lon="-77.04278000000001">
    <ele>26.7</ele>
   </trkpt>
   <trkpt lat="38.909380000000006" lon="-77.04272">
    <ele>26.7</ele>
   </trkpt>
   <trkpt lat="38.909490000000005" lon="-77.04268">
    <ele>26.79</ele>
   </trkpt>
   <trkpt lat="38.90955" lon="-77.04266000000001">
    <ele>26.79</ele>
   </trkpt>
   <trkpt lat="38.909760000000006" lon="-77.04267">
    <ele>26.950000000000003</ele>
   </trkpt>
   <trkpt lat="38.90992000000001" lon="-77.04276">
    <ele>27.080000000000002</ele>
   </trkpt>
   <trkpt lat="38.910050000000005" lon="-77.04286">
    <ele>27.240000000000002</ele>
   </trkpt>
   <trkpt lat="38.910180000000004" lon="-77.04286">
    <ele>27.22</ele>
   </trkpt>
   <trkpt lat="38.910320000000006" lon="-77.04282">
    <ele>27.31</ele>
   </trkpt>
   <trkpt lat="38.910690000546936" lon="-77.04247500176176">
    <ele>26.98</ele>
   </trkpt>
   <trkpt lat="38.911060000000006" lon="-77.04213">
    <ele>26.860000000000003</ele>
   </trkpt>
   <trkpt lat="38.91107" lon="-77.04195">
    <ele>26.78</ele>
   </trkpt>
   <trkpt lat="38.91114" lon="-77.04191">
    <ele>26.8</ele>
   </trkpt>
   <trkpt lat="38.91114006571028" lon="-77.04077692307911">
    <ele>25.740000000000002</ele>
   </trkpt>
   <trkpt lat="38.91114012046885" lon="-77.03964384615627">
    <ele>25.220000000000002</ele>
   </trkpt>
   <trkpt lat="38.911140164275686" lon="-77.03851076923188">
    <ele>24.77</ele>
   </trkpt>
   <trkpt lat="38.91114019713083" lon="-77.03737769230624">
    <ele>25.66</ele>
   </trkpt>
   <trkpt lat="38.91114021903426" lon="-77.03624461537976">
    <ele>26.42</ele>
   </trkpt>
   <trkpt lat="38.91114022998596" lon="-77.03511153845272">
    <ele>27.4</ele>
   </trkpt>
   <trkpt lat="38.91114022998596" lon="-77.03397846152554">
    <ele>28.05</ele>
   </trkpt>
   <trkpt lat="38.911140219034245" lon="-77.03284538459849">
    <ele>29.68</ele>
   </trkpt>
   <trkpt lat="38.91114019713083" lon="-77.03171230767201">
    <ele>29.900000000000002</ele>
   </trkpt>
   <trkpt lat="38.911140164275686" lon="-77.03057923074637">
    <ele>29.23</ele>
   </trkpt>
   <trkpt lat="38.911140120468836" lon="-77.02944615382197">
    <ele>28.57</ele>
   </trkpt>
   <trkpt lat="38.91114006571028" lon="-77.02831307689915">
    <ele>27.770000000000003</ele>
   </trkpt>
   <trkpt lat="38.91114" lon="-77.02718">
    <ele>26.400000000000002</ele>
   </trkpt>
   <trkpt lat="38.911120000000004" lon="-77.02704">
    <ele>26.21</ele>
   </trkpt>
   <trkpt lat="38.91104" lon="-77.02691">
    <ele>26.18</ele>
   </trkpt>
   <trkpt lat="38.91093" lon="-77.02678">
    <ele>26.19</ele>
   </trkpt>
   <trkpt lat="38.91076" lon="-77.02664">
    <ele>26.240000000000002</ele>
   </trkpt>
   <trkpt lat="38.91069" lon="-77.02646">
    <ele>26.240000000000002</ele>
   </trkpt>
   <trkpt lat="38.910915001841104" lon="-77.02580500204353">
    <ele>25.560000000000002</ele>
   </trkpt>
   <trkpt lat="38.91114" lon="-77.02515000000001">
    <ele>25.130000000000003</ele>
   </trkpt>
   <trkpt lat="38.911138781214596" lon="-77.02412749986586">
    <ele>25.030000000000005</ele>
   </trkpt>
   <trkpt lat="38.91113755351074" lon="-77.02310499976693">
    <ele>25.32</ele>
   </trkpt>
   <trkpt lat="38.911136316888424" lon="-77.02208249970352">
    <ele>25.640000000000004</ele>
   </trkpt>
   <trkpt lat="38.91113507134764" lon="-77.02105999967586">
    <ele>24.98</ele>
   </trkpt>
   <trkpt lat="38.91113381688839" lon="-77.02003749968421">
    <ele>24.44</ele>
   </trkpt>
   <trkpt lat="38.91113255351069" lon="-77.01901499972884">
    <ele>24.020000000000003</ele>
   </trkpt>
   <trkpt lat="38.91113128121452" lon="-77.01799249980998">
    <ele>22.89</ele>
   </trkpt>
   <trkpt lat="38.91113" lon="-77.01697">
    <ele>22.150000000000002</ele>
   </trkpt>
   <trkpt lat="38.911190000000005" lon="-77.01698">
    <ele>22.17</ele>
   </trkpt>
   <trkpt lat="38.9112" lon="-77.01695000000001">
    <ele>22.13</ele>
   </trkpt>
   <trkpt lat="38.911190000000005" lon="-77.01626">
    <ele>21.59</ele>
   </trkpt>
   <trkpt lat="38.9112" lon="-77.01519">
    <ele>21.41</ele>
   </trkpt>
   <trkpt lat="38.91118" lon="-77.01448">
    <ele>21.5</ele>
   </trkpt>
   <trkpt lat="38.911183338434846" lon="-77.0137066667325">
    <ele>21.71</ele>
   </trkpt>
   <trkpt lat="38.91118667176821" lon="-77.01293333339231">
    <ele>21.470000000000002</ele>
   </trkpt>
   <trkpt lat="38.911190000000005" lon="-77.01216000000001">
    <ele>21.59</ele>
   </trkpt>
   <trkpt lat="38.91189500005872" lon="-77.01216499995076">
    <ele>22.19</ele>
   </trkpt>
   <trkpt lat="38.912600000000005" lon="-77.01217000000001">
    <ele>22.97</ele>
   </trkpt>
   <trkpt lat="38.91259667263782" lon="-77.01133333320077">
    <ele>24.6</ele>
   </trkpt>
   <trkpt lat="38.91259333930425" lon="-77.01049666648004">
    <ele>26.62</ele>
   </trkpt>
   <trkpt lat="38.91259" lon="-77.00966000000001">
    <ele>27.96</ele>
   </trkpt>
   <trkpt lat="38.91259128386377" lon="-77.00859500012763">
    <ele>28.68</ele>
   </trkpt>
   <trkpt lat="38.91259255805218" lon="-77.00753000021686">
    <ele>27.13</ele>
   </trkpt>
   <trkpt lat="38.91259382256523" lon="-77.006465000268">
    <ele>29.110000000000003</ele>
   </trkpt>
   <trkpt lat="38.91259507740292" lon="-77.00540000028134">
    <ele>30.500000000000004</ele>
   </trkpt>
   <trkpt lat="38.91259632256524" lon="-77.00433500025717">
    <ele>30.580000000000002</ele>
   </trkpt>
   <trkpt lat="38.91259755805221" lon="-77.00327000019576">
    <ele>28.470000000000002</ele>
   </trkpt>
   <trkpt lat="38.912598783863814" lon="-77.00220500009742">
    <ele>26.44</ele>
   </trkpt>
   <trkpt lat="38.912600000000005" lon="-77.00114">
    <ele>24.1</ele>
   </trkpt>
   <trkpt lat="38.91255" lon="-77.00116000000001">
    <ele>24.1</ele>
   </trkpt>
   <trkpt lat="38.91252" lon="-77.00116000000001">
    <ele>24.1</ele>
   </trkpt>
   <trkpt lat="38.912060000000004" lon="-77.00091">
    <ele>23.44</ele>
   </trkpt>
   <trkpt lat="38.911910000000006" lon="-77.00091">
    <ele>23.35</ele>
   </trkpt>
   <trkpt lat="38.91176" lon="-77.00097000000001">
    <ele>22.89</ele>
   </trkpt>
   <trkpt lat="38.91098" lon="-77.00136">
    <ele>21.78</ele>
   </trkpt>
   <trkpt lat="38.910316667693586" lon="-77.00170000633378">
    <ele>21.75</ele>
   </trkpt>
   <trkpt lat="38.90965333440103" lon="-77.00204000631278">
    <ele>22.18</ele>
   </trkpt>
   <trkpt lat="38.90899" lon="-77.00238">
    <ele>22.820000000000004</ele>
   </trkpt>
   <trkpt lat="38.90880000000001" lon="-77.00248">
    <ele>22.88</ele>
   </trkpt>
  </trkseg>
 </trk>
</gpx>